# OBJ generated by ONSHAPE BY PTC INC, 1.215 Units = meters
mtllib face-plate-v9.mtl
g Part 1
v 0.00518298 -0.017145 0.0338511 
v 0.00528476 -0.017145 0.0338678 
v 0.00538413 -0.017145 0.0338954 
v 0.00547994 -0.017145 0.0339335 
v 0.00557107 -0.017145 0.0339818 
v 0.00565643 -0.017145 0.0340397 
v 0.00573503 -0.017145 0.0341065 
v 0.00580596 -0.017145 0.0341814 
v 0.00586837 -0.017145 0.0342635 
v 0.00592155 -0.017145 0.0343518 
v 0.00596485 -0.017145 0.0344454 
v 0.00599778 -0.017145 0.0345432 
v 0.00601995 -0.017145 0.0346439 
v 0.0060311 -0.017145 0.0347464 
v 0.0060311 -0.017145 0.0348496 
v 0.00601995 -0.017145 0.0349521 
v 0.00599778 -0.017145 0.0350528 
v 0.00596485 -0.017145 0.0351506 
v 0.00592155 -0.017145 0.0352442 
v 0.00586837 -0.017145 0.0353325 
v 0.00580596 -0.017145 0.0354146 
v 0.00573503 -0.017145 0.0354895 
v 0.00565643 -0.017145 0.0355563 
v 0.00557107 -0.017145 0.0356142 
v 0.00547994 -0.017145 0.0356625 
v 0.00538413 -0.017145 0.0357006 
v 0.00528476 -0.017145 0.0357282 
v 0.00518298 -0.017145 0.0357449 
v 0.00508 -0.017145 0.0357505 
v 0.00497702 -0.017145 0.0357449 
v 0.00487524 -0.017145 0.0357282 
v 0.00477587 -0.017145 0.0357006 
v 0.00468006 -0.017145 0.0356625 
v 0.00458893 -0.017145 0.0356142 
v 0.00450357 -0.017145 0.0355563 
v 0.00442497 -0.017145 0.0354895 
v 0.00435404 -0.017145 0.0354146 
v 0.00429163 -0.017145 0.0353325 
v 0.00423845 -0.017145 0.0352442 
v 0.00419515 -0.017145 0.0351506 
v 0.00416222 -0.017145 0.0350528 
v 0.00414005 -0.017145 0.0349521 
v 0.0041289 -0.017145 0.0348496 
v 0.0041289 -0.017145 0.0347464 
v 0.00414005 -0.017145 0.0346439 
v 0.00416222 -0.017145 0.0345432 
v 0.00419515 -0.017145 0.0344454 
v 0.00423845 -0.017145 0.0343518 
v 0.00429163 -0.017145 0.0342635 
v 0.00435404 -0.017145 0.0341814 
v 0.00442497 -0.017145 0.0341065 
v 0.00450357 -0.017145 0.0340397 
v 0.00458893 -0.017145 0.0339818 
v 0.00468006 -0.017145 0.0339335 
v 0.00477587 -0.017145 0.0338954 
v 0.00487524 -0.017145 0.0338678 
v 0.00497702 -0.017145 0.0338511 
v 0.00508 -0.017145 0.0338455 
v 0.00508 -0.017145 0.034798 
v 0.00497702 -0.027305 0.0338511 
v 0.00508 -0.027305 0.0338455 
v 0.00487524 -0.027305 0.0338678 
v 0.00477587 -0.027305 0.0338954 
v 0.00468006 -0.027305 0.0339335 
v 0.00458893 -0.027305 0.0339818 
v 0.00450357 -0.027305 0.0340397 
v 0.00442497 -0.027305 0.0341065 
v 0.00435404 -0.027305 0.0341814 
v 0.00429163 -0.027305 0.0342635 
v 0.00423845 -0.027305 0.0343518 
v 0.00419515 -0.027305 0.0344454 
v 0.00416222 -0.027305 0.0345432 
v 0.00414005 -0.027305 0.0346439 
v 0.0041289 -0.027305 0.0347464 
v 0.0041289 -0.027305 0.0348496 
v 0.00414005 -0.027305 0.0349521 
v 0.00416222 -0.027305 0.0350528 
v 0.00419515 -0.027305 0.0351506 
v 0.00423845 -0.027305 0.0352442 
v 0.00429163 -0.027305 0.0353325 
v 0.00435404 -0.027305 0.0354146 
v 0.00442497 -0.027305 0.0354895 
v 0.00450357 -0.027305 0.0355563 
v 0.00458893 -0.027305 0.0356142 
v 0.00468006 -0.027305 0.0356625 
v 0.00477587 -0.027305 0.0357006 
v 0.00487524 -0.027305 0.0357282 
v 0.00497702 -0.027305 0.0357449 
v 0.00508 -0.027305 0.0357505 
v 0.00518298 -0.027305 0.0357449 
v 0.00528476 -0.027305 0.0357282 
v 0.00538413 -0.027305 0.0357006 
v 0.00547994 -0.027305 0.0356625 
v 0.00557107 -0.027305 0.0356142 
v 0.00565643 -0.027305 0.0355563 
v 0.00573503 -0.027305 0.0354895 
v 0.00580596 -0.027305 0.0354146 
v 0.00586837 -0.027305 0.0353325 
v 0.00592155 -0.027305 0.0352442 
v 0.00596485 -0.027305 0.0351506 
v 0.00599778 -0.027305 0.0350528 
v 0.00601995 -0.027305 0.0349521 
v 0.0060311 -0.027305 0.0348496 
v 0.0060311 -0.027305 0.0347464 
v 0.00601995 -0.027305 0.0346439 
v 0.00599778 -0.027305 0.0345432 
v 0.00596485 -0.027305 0.0344454 
v 0.00592155 -0.027305 0.0343518 
v 0.00586837 -0.027305 0.0342635 
v 0.00580596 -0.027305 0.0341814 
v 0.00573503 -0.027305 0.0341065 
v 0.00565643 -0.027305 0.0340397 
v 0.00557107 -0.027305 0.0339818 
v 0.00547994 -0.027305 0.0339335 
v 0.00538413 -0.027305 0.0338954 
v 0.00528476 -0.027305 0.0338678 
v 0.00518298 -0.027305 0.0338511 
v 0.00127 -0.027305 0.037338 
v 0.00127 -0.027305 0.03048 
v 0.01016 -0.027305 0.037338 
v 0.01016 -0.027305 0.03048 
v 0.00127 -0.024765 0.03048 
v 0.00127 -0.024765 0.037338 
v -0.00127 -0.024765 0.037338 
v -0.00127 -0.024765 0.03048 
v -0.00127 -0.027305 0.037338 
v -0.00127 -0.027305 0.03048 
v -0.01016 -0.00889 0.03048 
v 0.01016 -0.00889 0.03048 
v -0.01016 -0.027305 0.03048 
v 0.01016 -0.06223 0.037338 
v -0.01016 -0.06223 0.037338 
v -0.01016 -0.027305 0.037338 
v -0.01016 -0.06223 0.017018 
v -0.01016 -0.00889 0.017018 
v 0.01016 -0.00889 0.017018 
v 0.01016 -0.06223 0.017018 
v -0.00599778 -0.027305 0.0350528 
v -0.00596485 -0.027305 0.0351506 
v -0.0060311 -0.027305 0.0347464 
v -0.0060311 -0.027305 0.0348496 
v -0.00601995 -0.027305 0.0346439 
v -0.0041289 -0.027305 0.0347464 
v -0.00414005 -0.027305 0.0346439 
v -0.00601995 -0.027305 0.0349521 
v -0.00592155 -0.027305 0.0343518 
v -0.00596485 -0.027305 0.0344454 
v -0.00573503 -0.027305 0.0341065 
v -0.00580596 -0.027305 0.0341814 
v -0.00557107 -0.027305 0.0339818 
v -0.00565643 -0.027305 0.0340397 
v -0.00442497 -0.027305 0.0341065 
v -0.00450357 -0.027305 0.0340397 
v -0.00429163 -0.027305 0.0342635 
v -0.00435404 -0.027305 0.0341814 
v -0.00416222 -0.027305 0.0345432 
v -0.00419515 -0.027305 0.0344454 
v -0.0041289 -0.027305 0.0348496 
v -0.00429163 -0.027305 0.0353325 
v -0.00423845 -0.027305 0.0352442 
v -0.00586837 -0.027305 0.0353325 
v -0.00580596 -0.027305 0.0354146 
v -0.00599778 -0.027305 0.0345432 
v -0.00414005 -0.027305 0.0349521 
v -0.00419515 -0.027305 0.0351506 
v -0.00518298 -0.027305 0.0357449 
v -0.00508 -0.027305 0.0357505 
v -0.00573503 -0.027305 0.0354895 
v -0.00565643 -0.027305 0.0355563 
v -0.00592155 -0.027305 0.0352442 
v -0.00586837 -0.027305 0.0342635 
v -0.00458893 -0.027305 0.0339818 
v -0.00416222 -0.027305 0.0350528 
v -0.00458893 -0.027305 0.0356142 
v -0.00450357 -0.027305 0.0355563 
v -0.00528476 -0.027305 0.0357282 
v -0.00547994 -0.027305 0.0356625 
v -0.00538413 -0.027305 0.0357006 
v -0.00538413 -0.027305 0.0338954 
v -0.00547994 -0.027305 0.0339335 
v -0.00423845 -0.027305 0.0343518 
v -0.00442497 -0.027305 0.0354895 
v -0.00435404 -0.027305 0.0354146 
v -0.00468006 -0.027305 0.0356625 
v -0.00497702 -0.027305 0.0357449 
v -0.00557107 -0.027305 0.0356142 
v -0.00487524 -0.027305 0.0338678 
v -0.00497702 -0.027305 0.0338511 
v -0.00468006 -0.027305 0.0339335 
v -0.00477587 -0.027305 0.0338954 
v -0.00487524 -0.027305 0.0357282 
v -0.00477587 -0.027305 0.0357006 
v -0.00518298 -0.027305 0.0338511 
v -0.00528476 -0.027305 0.0338678 
v -0.00508 -0.027305 0.0338455 
v 0.0127 -0.00889 0.017018 
v 0.0127 -0.06223 0.017018 
v 0.0127 -0.00889 0.04064 
v 0.0127 -0.06223 0.04064 
v -0.0127 -0.06223 0.04064 
v -0.0127 -0.06223 0.017018 
v -0.0127 -0.00889 0.017018 
v -0.00508 -0.017145 0.0338455 
v -0.00518298 -0.017145 0.0338511 
v -0.00528476 -0.017145 0.0338678 
v -0.00538413 -0.017145 0.0338954 
v -0.00547994 -0.017145 0.0339335 
v -0.00557107 -0.017145 0.0339818 
v -0.00565643 -0.017145 0.0340397 
v -0.00573503 -0.017145 0.0341065 
v -0.00580596 -0.017145 0.0341814 
v -0.00586837 -0.017145 0.0342635 
v -0.00592155 -0.017145 0.0343518 
v -0.00596485 -0.017145 0.0344454 
v -0.00599778 -0.017145 0.0345432 
v -0.00601995 -0.017145 0.0346439 
v -0.0060311 -0.017145 0.0347464 
v -0.0060311 -0.017145 0.0348496 
v -0.00601995 -0.017145 0.0349521 
v -0.00599778 -0.017145 0.0350528 
v -0.00596485 -0.017145 0.0351506 
v -0.00592155 -0.017145 0.0352442 
v -0.00586837 -0.017145 0.0353325 
v -0.00580596 -0.017145 0.0354146 
v -0.00573503 -0.017145 0.0354895 
v -0.00565643 -0.017145 0.0355563 
v -0.00557107 -0.017145 0.0356142 
v -0.00547994 -0.017145 0.0356625 
v -0.00538413 -0.017145 0.0357006 
v -0.00528476 -0.017145 0.0357282 
v -0.00518298 -0.017145 0.0357449 
v -0.00508 -0.017145 0.0357505 
v -0.00497702 -0.017145 0.0357449 
v -0.00487524 -0.017145 0.0357282 
v -0.00477587 -0.017145 0.0357006 
v -0.00468006 -0.017145 0.0356625 
v -0.00458893 -0.017145 0.0356142 
v -0.00450357 -0.017145 0.0355563 
v -0.00442497 -0.017145 0.0354895 
v -0.00435404 -0.017145 0.0354146 
v -0.00429163 -0.017145 0.0353325 
v -0.00423845 -0.017145 0.0352442 
v -0.00419515 -0.017145 0.0351506 
v -0.00416222 -0.017145 0.0350528 
v -0.00414005 -0.017145 0.0349521 
v -0.0041289 -0.017145 0.0348496 
v -0.0041289 -0.017145 0.0347464 
v -0.00414005 -0.017145 0.0346439 
v -0.00416222 -0.017145 0.0345432 
v -0.00419515 -0.017145 0.0344454 
v -0.00423845 -0.017145 0.0343518 
v -0.00429163 -0.017145 0.0342635 
v -0.00435404 -0.017145 0.0341814 
v -0.00442497 -0.017145 0.0341065 
v -0.00450357 -0.017145 0.0340397 
v -0.00458893 -0.017145 0.0339818 
v -0.00468006 -0.017145 0.0339335 
v -0.00477587 -0.017145 0.0338954 
v -0.00487524 -0.017145 0.0338678 
v -0.00497702 -0.017145 0.0338511 
v -0.00508 -0.017145 0.034798 
v -0.0127 -0.039624 0.03683 
v -0.0127 -0.039624 0.04064 
v -0.0127 -0.00889 0.03683 
v -0.03683 -0.00889 0.03683 
v -0.03683 -0.039624 0.03683 
v -0.04064 -0.039624 0.04064 
v -0.04064 -0.039624 -0.032258 
v -0.03683 -0.039624 -0.032258 
v -0.04064 -0.035814 -0.032258 
v -0.03683 -0.035814 -0.032258 
v 0.04064 0 0.04064 
v -0.04064 0 0.04064 
v 0.04064 -0.00889 0.04064 
v 0.04064 -0.00889 -0.032258 
v 0.04064 0 -0.032258 
v -0.03683 -0.00889 -0.032258 
v -0.03683 -0.0148037 -0.0259726 
v -0.03683 -0.0150449 -0.0262271 
v -0.03683 -0.0140762 -0.0243999 
v -0.03683 -0.0141515 -0.0247424 
v -0.03683 -0.0145915 -0.0256934 
v -0.03683 -0.0140382 -0.0240513 
v -0.03683 -0.0144107 -0.0253929 
v -0.03683 -0.0142635 -0.0250747 
v -0.03683 -0.0142635 -0.0226773 
v -0.03683 -0.0141515 -0.0230096 
v -0.03683 -0.0156024 -0.0211011 
v -0.03683 -0.0153121 -0.0212979 
v -0.03683 -0.0140762 -0.0233521 
v -0.03683 -0.0144107 -0.0223591 
v -0.03683 -0.0150449 -0.0215249 
v -0.03683 -0.0140382 -0.0237007 
v -0.03683 -0.0148037 -0.0217794 
v -0.03683 -0.0186318 -0.0209368 
v -0.03683 -0.0183061 -0.020807 
v -0.03683 -0.0202805 -0.0226773 
v -0.03683 -0.0204678 -0.0233521 
v -0.03683 -0.0203925 -0.0230096 
v -0.03683 -0.0145915 -0.0220586 
v -0.03683 -0.0162379 -0.020807 
v -0.03683 -0.0159122 -0.0209368 
v -0.03683 -0.0169219 -0.0206565 
v -0.03683 -0.0165758 -0.0207132 
v -0.03683 -0.0176221 -0.0206565 
v -0.03683 -0.0179682 -0.0207132 
v -0.03683 -0.0194991 -0.0215249 
v -0.03683 -0.0192319 -0.0212979 
v -0.03683 -0.0199525 -0.0220586 
v -0.03683 -0.0197403 -0.0217794 
v -0.03683 -0.0201333 -0.0223591 
v -0.03683 -0.0205058 -0.0237007 
v -0.03683 -0.0159122 -0.0268152 
v -0.03683 -0.0162379 -0.026945 
v -0.03683 -0.0153121 -0.0264541 
v -0.03683 -0.0156024 -0.0266509 
v -0.03683 -0.017272 -0.0206375 
v -0.03683 -0.0189416 -0.0211011 
v -0.03683 -0.0202805 -0.0250747 
v -0.03683 -0.0203925 -0.0247424 
v -0.03683 -0.0197403 -0.0259726 
v -0.03683 -0.0199525 -0.0256934 
v -0.03683 -0.0176221 -0.0270955 
v -0.03683 -0.0165758 -0.0270388 
v -0.03683 -0.0205058 -0.0240513 
v -0.03683 -0.0204678 -0.0243999 
v -0.03683 -0.0201333 -0.0253929 
v -0.03683 -0.0183061 -0.026945 
v -0.03683 -0.0186318 -0.0268152 
v -0.03683 -0.0179682 -0.0270388 
v -0.03683 -0.0194991 -0.0262271 
v -0.03683 -0.0189416 -0.0266509 
v -0.03683 -0.0192319 -0.0264541 
v -0.03683 -0.0169219 -0.0270955 
v -0.03683 -0.017272 -0.0271145 
v -0.04064 -0.017272 -0.0271145 
v -0.04064 -0.0176221 -0.0270955 
v -0.04064 -0.0179682 -0.0270388 
v -0.04064 -0.0183061 -0.026945 
v -0.04064 -0.0186318 -0.0268152 
v -0.04064 -0.0189416 -0.0266509 
v -0.04064 -0.0192319 -0.0264541 
v -0.04064 -0.0194991 -0.0262271 
v -0.04064 -0.0197403 -0.0259726 
v -0.04064 -0.0199525 -0.0256934 
v -0.04064 -0.0201333 -0.0253929 
v -0.04064 -0.0202805 -0.0250747 
v -0.04064 -0.0203925 -0.0247424 
v -0.04064 -0.0204678 -0.0243999 
v -0.04064 -0.0205058 -0.0240513 
v -0.04064 -0.0205058 -0.0237007 
v -0.04064 -0.0204678 -0.0233521 
v -0.04064 -0.0203925 -0.0230096 
v -0.04064 -0.0202805 -0.0226773 
v -0.04064 -0.0201333 -0.0223591 
v -0.04064 -0.0199525 -0.0220586 
v -0.04064 -0.0197403 -0.0217794 
v -0.04064 -0.0194991 -0.0215249 
v -0.04064 -0.0192319 -0.0212979 
v -0.04064 -0.0189416 -0.0211011 
v -0.04064 -0.0186318 -0.0209368 
v -0.04064 -0.0183061 -0.020807 
v -0.04064 -0.0179682 -0.0207132 
v -0.04064 -0.0176221 -0.0206565 
v -0.04064 -0.017272 -0.0206375 
v -0.04064 -0.0169219 -0.0206565 
v -0.04064 -0.0165758 -0.0207132 
v -0.04064 -0.0162379 -0.020807 
v -0.04064 -0.0159122 -0.0209368 
v -0.04064 -0.0156024 -0.0211011 
v -0.04064 -0.0153121 -0.0212979 
v -0.04064 -0.0150449 -0.0215249 
v -0.04064 -0.0148037 -0.0217794 
v -0.04064 -0.0145915 -0.0220586 
v -0.04064 -0.0144107 -0.0223591 
v -0.04064 -0.0142635 -0.0226773 
v -0.04064 -0.0141515 -0.0230096 
v -0.04064 -0.0140762 -0.0233521 
v -0.04064 -0.0140382 -0.0237007 
v -0.04064 -0.0140382 -0.0240513 
v -0.04064 -0.0140762 -0.0243999 
v -0.04064 -0.0141515 -0.0247424 
v -0.04064 -0.0142635 -0.0250747 
v -0.04064 -0.0144107 -0.0253929 
v -0.04064 -0.0145915 -0.0256934 
v -0.04064 -0.0148037 -0.0259726 
v -0.04064 -0.0150449 -0.0262271 
v -0.04064 -0.0153121 -0.0264541 
v -0.04064 -0.0156024 -0.0266509 
v -0.04064 -0.0159122 -0.0268152 
v -0.04064 -0.0162379 -0.026945 
v -0.04064 -0.0165758 -0.0270388 
v -0.04064 -0.0169219 -0.0270955 
v -0.031115 -0.035814 -0.032258 
v -0.031115 -0.00889 -0.032258 
v -0.031115 -0.035814 -0.093726 
v -0.031115 -0.00254 -0.093726 
v -0.031115 -0.00254 -0.032258 
v 0.0311046 -0.00254 -0.093726 
v 0.0311046 -0.00254 -0.032258 
v 0.0311046 -0.035814 -0.093726 
v 0.0311098 -0.00127 -0.093726 
v 0.031115 0 -0.092456 
v 0.031115 1.0842e-19 -0.032258 
v 0.0311046 -0.00127 -0.093726 
v -0.04064 -0.00508 -0.097536 
v -0.04064 0 -0.092456 
v 0.0311046 -0.00508 -0.097536 
v 0.0311046 -0.035814 -0.097536 
v -0.04064 -0.035814 -0.039878 
v -0.04064 -0.039624 -0.097536 
v -0.04064 -0.039624 -0.039878 
v -0.03683 -0.039624 -0.097536 
v -0.03683 -0.039624 -0.039878 
v -0.03683 -0.035814 -0.097536 
v -0.03683 -0.035814 -0.039878 
v -0.0372725 -0.035814 -0.0361436 
v -0.0372725 -0.035814 -0.0359924 
v -0.0355772 -0.035814 -0.0347037 
v -0.0354314 -0.035814 -0.0347441 
v -0.0372561 -0.035814 -0.035842 
v -0.0372236 -0.035814 -0.0356943 
v -0.0372561 -0.035814 -0.036294 
v -0.0358775 -0.035814 -0.034671 
v -0.0357265 -0.035814 -0.0346792 
v -0.0371753 -0.035814 -0.0365851 
v -0.0372236 -0.035814 -0.0364417 
v 0.00138881 -0.035814 -0.097385 
v 0.00126788 -0.035814 -0.0969494 
v 0.00132387 -0.035814 -0.0970899 
v 0.00111214 -0.035814 -0.0966906 
v 0.00119703 -0.035814 -0.0968158 
v -0.00126788 -0.035814 -0.0969494 
v -0.00119703 -0.035814 -0.0968158 
v -0.00136434 -0.035814 -0.0972357 
v -0.00132387 -0.035814 -0.0970899 
v -0.001397 -0.035814 -0.097536 
v -0.00138881 -0.035814 -0.097385 
v -0.0344989 -0.035814 -0.035842 
v -0.0344825 -0.035814 -0.0359924 
v -0.0345797 -0.035814 -0.0355509 
v -0.0345314 -0.035814 -0.0356943 
v -0.0351573 -0.035814 -0.034871 
v -0.0350321 -0.035814 -0.0349559 
v -0.0361778 -0.035814 -0.0347037 
v -0.0360285 -0.035814 -0.0346792 
v -0.0365977 -0.035814 -0.034871 
v -0.0364641 -0.035814 -0.0348001 
v -0.0367229 -0.035814 -0.0349559 
v -0.0344989 -0.035814 -0.036294 
v -0.0345314 -0.035814 -0.0364417 
v -0.0344825 -0.035814 -0.0361436 
v 0.00136434 -0.035814 -0.0972357 
v 0.000373737 -0.035814 -0.0961899 
v 0.000517083 -0.035814 -0.0962382 
v -0.0349168 -0.035814 -0.0350538 
v -0.0348128 -0.035814 -0.0351636 
v -0.0352909 -0.035814 -0.0348001 
v -0.0363236 -0.035814 -0.0347441 
v -0.0368382 -0.035814 -0.0350538 
v -0.0370338 -0.035814 -0.035284 
v -0.0369422 -0.035814 -0.0351636 
v -0.0371753 -0.035814 -0.0355509 
v -0.0368382 -0.035814 -0.0370822 
v -0.0357265 -0.035814 -0.0374568 
v 0.000904399 -0.035814 -0.0964713 
v 0.00101422 -0.035814 -0.0965753 
v 0.000654367 -0.035814 -0.0963017 
v 7.56321e-05 -0.035814 -0.096141 
v 0.000226009 -0.035814 -0.0961574 
v -0.000226009 -0.035814 -0.0961574 
v -7.56321e-05 -0.035814 -0.096141 
v -0.00111214 -0.035814 -0.0966906 
v -0.00101422 -0.035814 -0.0965753 
v -0.0358775 -0.035814 -0.037465 
v -0.0360285 -0.035814 -0.0374568 
v -0.0346432 -0.035814 -0.0354136 
v -0.0347212 -0.035814 -0.035284 
v -0.0371118 -0.035814 -0.0354136 
v -0.0371118 -0.035814 -0.0367224 
v -0.0369422 -0.035814 -0.0369724 
v -0.0355772 -0.035814 -0.0374323 
v -0.0352909 -0.035814 -0.0373359 
v -0.0354314 -0.035814 -0.0373919 
v -0.0349168 -0.035814 -0.0370822 
v -0.0350321 -0.035814 -0.0371801 
v -0.0345797 -0.035814 -0.0365851 
v 0.000783978 -0.035814 -0.0963797 
v -0.000373737 -0.035814 -0.0961899 
v -0.000904399 -0.035814 -0.0964713 
v -0.000783978 -0.035814 -0.0963797 
v -0.0365977 -0.035814 -0.037265 
v -0.0367229 -0.035814 -0.0371801 
v -0.0361778 -0.035814 -0.0374323 
v -0.0363236 -0.035814 -0.0373919 
v -0.0370338 -0.035814 -0.036852 
v -0.0351573 -0.035814 -0.037265 
v -0.0347212 -0.035814 -0.036852 
v -0.0348128 -0.035814 -0.0369724 
v -0.0346432 -0.035814 -0.0367224 
v -0.000654367 -0.035814 -0.0963017 
v -0.000517083 -0.035814 -0.0962382 
v -0.0364641 -0.035814 -0.0373359 
v 0.001397 -0.035814 -0.097536 
v -0.001397 -0.025654 -0.097536 
v 0.001397 -0.025654 -0.097536 
v -0.00138881 -0.025654 -0.097385 
v -0.00136434 -0.025654 -0.0972357 
v -0.00132387 -0.025654 -0.0970899 
v -0.00126788 -0.025654 -0.0969494 
v -0.00119703 -0.025654 -0.0968158 
v -0.00111214 -0.025654 -0.0966906 
v -0.00101422 -0.025654 -0.0965753 
v -0.000904399 -0.025654 -0.0964713 
v -0.000783978 -0.025654 -0.0963797 
v -0.000654367 -0.025654 -0.0963017 
v -0.000517083 -0.025654 -0.0962382 
v -0.000373737 -0.025654 -0.0961899 
v -0.000226009 -0.025654 -0.0961574 
v -7.56321e-05 -0.025654 -0.096141 
v 7.56321e-05 -0.025654 -0.096141 
v 0.000226009 -0.025654 -0.0961574 
v 0.000373737 -0.025654 -0.0961899 
v 0.000517083 -0.025654 -0.0962382 
v 0.000654367 -0.025654 -0.0963017 
v 0.000783978 -0.025654 -0.0963797 
v 0.000904399 -0.025654 -0.0964713 
v 0.00101422 -0.025654 -0.0965753 
v 0.00111214 -0.025654 -0.0966906 
v 0.00119703 -0.025654 -0.0968158 
v 0.00126788 -0.025654 -0.0969494 
v 0.00132387 -0.025654 -0.0970899 
v 0.00136434 -0.025654 -0.0972357 
v 0.00138881 -0.025654 -0.097385 
v -0.0358775 -0.023114 -0.037465 
v -0.0360285 -0.023114 -0.0374568 
v -0.0361778 -0.023114 -0.0374323 
v -0.0363236 -0.023114 -0.0373919 
v -0.0364641 -0.023114 -0.0373359 
v -0.0365977 -0.023114 -0.037265 
v -0.0367229 -0.023114 -0.0371801 
v -0.0368382 -0.023114 -0.0370822 
v -0.0369422 -0.023114 -0.0369724 
v -0.0370338 -0.023114 -0.036852 
v -0.0371118 -0.023114 -0.0367224 
v -0.0371753 -0.023114 -0.0365851 
v -0.0372236 -0.023114 -0.0364417 
v -0.0372561 -0.023114 -0.036294 
v -0.0372725 -0.023114 -0.0361436 
v -0.0372725 -0.023114 -0.0359924 
v -0.0372561 -0.023114 -0.035842 
v -0.0372236 -0.023114 -0.0356943 
v -0.0371753 -0.023114 -0.0355509 
v -0.0371118 -0.023114 -0.0354136 
v -0.0370338 -0.023114 -0.035284 
v -0.0369422 -0.023114 -0.0351636 
v -0.0368382 -0.023114 -0.0350538 
v -0.0367229 -0.023114 -0.0349559 
v -0.0365977 -0.023114 -0.034871 
v -0.0364641 -0.023114 -0.0348001 
v -0.0363236 -0.023114 -0.0347441 
v -0.0361778 -0.023114 -0.0347037 
v -0.0360285 -0.023114 -0.0346792 
v -0.0358775 -0.023114 -0.034671 
v -0.0357265 -0.023114 -0.0346792 
v -0.0355772 -0.023114 -0.0347037 
v -0.0354314 -0.023114 -0.0347441 
v -0.0352909 -0.023114 -0.0348001 
v -0.0351573 -0.023114 -0.034871 
v -0.0350321 -0.023114 -0.0349559 
v -0.0349168 -0.023114 -0.0350538 
v -0.0348128 -0.023114 -0.0351636 
v -0.0347212 -0.023114 -0.035284 
v -0.0346432 -0.023114 -0.0354136 
v -0.0345797 -0.023114 -0.0355509 
v -0.0345314 -0.023114 -0.0356943 
v -0.0344989 -0.023114 -0.035842 
v -0.0344825 -0.023114 -0.0359924 
v -0.0344825 -0.023114 -0.0361436 
v -0.0344989 -0.023114 -0.036294 
v -0.0345314 -0.023114 -0.0364417 
v -0.0345797 -0.023114 -0.0365851 
v -0.0346432 -0.023114 -0.0367224 
v -0.0347212 -0.023114 -0.036852 
v -0.0348128 -0.023114 -0.0369724 
v -0.0349168 -0.023114 -0.0370822 
v -0.0350321 -0.023114 -0.0371801 
v -0.0351573 -0.023114 -0.037265 
v -0.0352909 -0.023114 -0.0373359 
v -0.0354314 -0.023114 -0.0373919 
v -0.0355772 -0.023114 -0.0374323 
v -0.0357265 -0.023114 -0.0374568 
v -0.0358775 -0.023114 -0.036068 
v -0.0105108 0 -0.000249766 
v -0.0102435 0 -0.000108059 
v -0.0044979 0 -0.00474837 
v 0.00337198 0 -0.00560427 
v 0.00395814 0 -0.00520685 
v 2.40294e-18 0 -0.0065405 
v 0.000707152 0 -0.00650216 
v 0.00274628 0 -0.005936 
v 0.00140601 0 -0.00638759 
v 0.00208839 0 -0.00619813 
v -0.000707152 0 -0.00650216 
v -0.00208839 0 -0.00619813 
v -0.00140601 0 -0.00638759 
v -0.00395814 0 -0.00520685 
v 0.0110834 0 -0.000442678 
v 0.00955452 0 0.000477203 
v 0.0063021 0 -0.00174977 
v 0.00645434 0 -0.00105814 
v -0.00337198 0 -0.00560427 
v -0.00274628 0 -0.005936 
v -0.00999314 0 6.1716e-05 
v -0.011684 0 -0.000508 
v -0.0113819 0 -0.000491621 
v -0.0122846 0 -0.000442678 
v -0.0119861 0 -0.000491621 
v 0.011684 0 -0.000508 
v 0.0119861 0 -0.000491621 
v 0.0113819 0 -0.000491621 
v 0.00937144 0 0.000718043 
v -0.0088941 0 0.00243726 
v -0.00607597 0 0.00242089 
v -0.0063021 0 0.00174977 
v -0.00921547 0 0.000977267 
v -0.00908844 0 0.00125183 
v -0.00653091 0 0.000354096 
v -0.0125761 0 -0.000361743 
v -0.0133749 0 6.1716e-05 
v -0.0131245 0 -0.000108059 
v 0.0133749 0 6.1716e-05 
v 0.0102435 0 -0.000108059 
v 0.0105108 0 -0.000249766 
v 0.0044979 0 -0.00474837 
v 0.00976257 0 0.000257569 
v 0.00607597 0 -0.00242089 
v -0.00937144 0 0.00385396 
v -0.00208839 0 0.00619813 
v -0.00892681 0 0.00183398 
v -0.0088941 0 0.00213474 
v -0.00653091 0 -0.000354096 
v -0.00937144 0 0.000718043 
v -0.00955452 0 0.000477203 
v -0.00645434 0 -0.00105814 
v -0.00976257 0 0.000257569 
v -0.00607597 0 -0.00242089 
v -0.0110834 0 -0.000442678 
v -0.0107919 0 -0.000361743 
v -0.0128572 0 -0.000249766 
v -0.0139966 0 0.000718043 
v -0.0138135 0 0.000477203 
v -0.0144739 0 0.00213474 
v -0.0144412 0 0.00183398 
v -0.0144412 0 0.00273802 
v -0.0144739 0 0.00243726 
v 0.011684 0 0.00508 
v 0.0044979 0 0.00474837 
v 0.0128572 0 -0.000249766 
v 0.0131245 0 -0.000108059 
v 0.0122846 0 -0.000442678 
v 0.0125761 0 -0.000361743 
v 0.0107919 0 -0.000361743 
v 0.00999314 0 6.1716e-05 
v 0.00653091 0 -0.000354096 
v 0.0054135 0 -0.00367044 
v 0.00577861 0 -0.00306363 
v 0.00498492 0 -0.00423423 
v 0.00653091 0 0.000354096 
v 0.00645434 0 0.00105814 
v 0.00899184 0 0.00153853 
v 0.00607597 0 0.00242089 
v 0.00892681 0 0.00273802 
v 0.0088941 0 0.00243726 
v 0.0063021 0 0.00174977 
v 0.00892681 0 0.00183398 
v 0.0088941 0 0.00213474 
v -0.00999314 0 0.00451028 
v -0.0102435 0 0.00468006 
v -0.00955452 0 0.0040948 
v -0.00976257 0 0.00431443 
v -0.00140601 0 0.00638759 
v -0.00921547 0 0.00359473 
v -0.00274628 0 0.005936 
v -0.00899184 0 0.00153853 
v -0.00645434 0 0.00105814 
v -0.0063021 0 -0.00174977 
v -0.00577861 0 -0.00306363 
v -0.0141525 0 0.000977267 
v 0.00395814 0 0.00520685 
v 0.00337198 0 0.00560427 
v 0.0119861 0 0.00506362 
v 0.0144412 0 0.00183398 
v 0.0144739 0 0.00213474 
v 0.0139966 0 0.000718043 
v 0.0141525 0 0.000977267 
v 0.00921547 0 0.000977267 
v 0.00908844 0 0.00125183 
v -0.00908844 0 0.00332017 
v -0.0044979 0 0.00474837 
v -0.00498492 0 0.00423423 
v -0.00337198 0 0.00560427 
v -0.00892681 0 0.00273802 
v -0.00899184 0 0.00303347 
v -0.0054135 0 0.00367044 
v -0.00577861 0 0.00306363 
v -0.0054135 0 -0.00367044 
v -0.00498492 0 -0.00423423 
v -0.0136054 0 0.000257569 
v -0.0143762 0 0.00153853 
v -0.0142796 0 0.00125183 
v -0.0122846 0 0.00501468 
v -0.0125761 0 0.00493374 
v 0.0133749 0 0.00451028 
v 0.0131245 0 0.00468006 
v 0.0138135 0 0.0040948 
v 0.0136054 0 0.00431443 
v 0.0142796 0 0.00125183 
v 0.0143762 0 0.00153853 
v 0.0138135 0 0.000477203 
v 0.0110834 0 0.00501468 
v 0.0107919 0 0.00493374 
v 0 0 0.0065405 
v -0.000707152 0 0.00650216 
v -0.00395814 0 0.00520685 
v -0.0136054 0 0.00431443 
v -0.0138135 0 0.0040948 
v -0.0128572 0 0.00482177 
v 0.00208839 0 0.00619813 
v 0.00140601 0 0.00638759 
v 0.0122846 0 0.00501468 
v 0.0141525 0 0.00359473 
v 0.0139966 0 0.00385396 
v 0.0144739 0 0.00243726 
v 0.0136054 0 0.000257569 
v 0.00577861 0 0.00306363 
v 0.00899184 0 0.00303347 
v 0.00976257 0 0.00431443 
v 0.00955452 0 0.0040948 
v 0.0105108 0 0.00482177 
v -0.0110834 0 0.00501468 
v -0.0113819 0 0.00506362 
v -0.0105108 0 0.00482177 
v -0.0107919 0 0.00493374 
v -0.0133749 0 0.00451028 
v -0.0131245 0 0.00468006 
v 0.000707152 0 0.00650216 
v 0.00274628 0 0.005936 
v 0.0128572 0 0.00482177 
v 0.0125761 0 0.00493374 
v 0.0143762 0 0.00303347 
v 0.0142796 0 0.00332017 
v 0.0144412 0 0.00273802 
v 0.0054135 0 0.00367044 
v 0.00908844 0 0.00332017 
v 0.00937144 0 0.00385396 
v 0.00921547 0 0.00359473 
v 0.00999314 0 0.00451028 
v 0.0102435 0 0.00468006 
v -0.0142796 0 0.00332017 
v -0.0143762 0 0.00303347 
v -0.0139966 0 0.00385396 
v -0.0141525 0 0.00359473 
v -0.011684 0 0.00508 
v -0.0119861 0 0.00506362 
v 0.00498492 0 0.00423423 
v 0.0113819 0 0.00506362 
v 0 -0.00889 0.0065405 
v -0.000707152 -0.00889 0.00650216 
v -0.00140601 -0.00889 0.00638759 
v -0.00208839 -0.00889 0.00619813 
v -0.00274628 -0.00889 0.005936 
v -0.00337198 -0.00889 0.00560427 
v -0.00395814 -0.00889 0.00520685 
v -0.0044979 -0.00889 0.00474837 
v -0.00498492 -0.00889 0.00423423 
v -0.0054135 -0.00889 0.00367044 
v -0.00577861 -0.00889 0.00306363 
v -0.00607597 -0.00889 0.00242089 
v -0.0063021 -0.00889 0.00174977 
v -0.00645434 -0.00889 0.00105814 
v -0.00653091 -0.00889 0.000354096 
v -0.00653091 -0.00889 -0.000354096 
v -0.00645434 -0.00889 -0.00105814 
v -0.0063021 -0.00889 -0.00174977 
v -0.00607597 -0.00889 -0.00242089 
v -0.00577861 -0.00889 -0.00306363 
v -0.0054135 -0.00889 -0.00367044 
v -0.00498492 -0.00889 -0.00423423 
v -0.0044979 -0.00889 -0.00474837 
v -0.00395814 -0.00889 -0.00520685 
v -0.00337198 -0.00889 -0.00560427 
v -0.00274628 -0.00889 -0.005936 
v -0.00208839 -0.00889 -0.00619813 
v -0.00140601 -0.00889 -0.00638759 
v -0.000707152 -0.00889 -0.00650216 
v 8.0098e-19 -0.00889 -0.0065405 
v 0.000707152 -0.00889 -0.00650216 
v 0.00140601 -0.00889 -0.00638759 
v 0.00208839 -0.00889 -0.00619813 
v 0.00274628 -0.00889 -0.005936 
v 0.00337198 -0.00889 -0.00560427 
v 0.00395814 -0.00889 -0.00520685 
v 0.0044979 -0.00889 -0.00474837 
v 0.00498492 -0.00889 -0.00423423 
v 0.0054135 -0.00889 -0.00367044 
v 0.00577861 -0.00889 -0.00306363 
v 0.00607597 -0.00889 -0.00242089 
v 0.0063021 -0.00889 -0.00174977 
v 0.00645434 -0.00889 -0.00105814 
v 0.00653091 -0.00889 -0.000354096 
v 0.00653091 -0.00889 0.000354096 
v 0.00645434 -0.00889 0.00105814 
v 0.0063021 -0.00889 0.00174977 
v 0.00607597 -0.00889 0.00242089 
v 0.00577861 -0.00889 0.00306363 
v 0.0054135 -0.00889 0.00367044 
v 0.00498492 -0.00889 0.00423423 
v 0.0044979 -0.00889 0.00474837 
v 0.00395814 -0.00889 0.00520685 
v 0.00337198 -0.00889 0.00560427 
v 0.00274628 -0.00889 0.005936 
v 0.00208839 -0.00889 0.00619813 
v 0.00140601 -0.00889 0.00638759 
v 0.000707152 -0.00889 0.00650216 
v 0.011684 -0.00508 0.00508 
v 0.0113819 -0.00508 0.00506362 
v 0.0110834 -0.00508 0.00501468 
v 0.0107919 -0.00508 0.00493374 
v 0.0105108 -0.00508 0.00482177 
v 0.0102435 -0.00508 0.00468006 
v 0.00999314 -0.00508 0.00451028 
v 0.00976257 -0.00508 0.00431443 
v 0.00955452 -0.00508 0.0040948 
v 0.00937144 -0.00508 0.00385396 
v 0.00921547 -0.00508 0.00359473 
v 0.00908844 -0.00508 0.00332017 
v 0.00899184 -0.00508 0.00303347 
v 0.00892681 -0.00508 0.00273802 
v 0.0088941 -0.00508 0.00243726 
v 0.0088941 -0.00508 0.00213474 
v 0.00892681 -0.00508 0.00183398 
v 0.00899184 -0.00508 0.00153853 
v 0.00908844 -0.00508 0.00125183 
v 0.00921547 -0.00508 0.000977267 
v 0.00937144 -0.00508 0.000718043 
v 0.00955452 -0.00508 0.000477203 
v 0.00976257 -0.00508 0.000257569 
v 0.00999314 -0.00508 6.1716e-05 
v 0.0102435 -0.00508 -0.000108059 
v 0.0105108 -0.00508 -0.000249766 
v 0.0107919 -0.00508 -0.000361743 
v 0.0110834 -0.00508 -0.000442678 
v 0.0113819 -0.00508 -0.000491621 
v 0.011684 -0.00508 -0.000508 
v 0.0119861 -0.00508 -0.000491621 
v 0.0122846 -0.00508 -0.000442678 
v 0.0125761 -0.00508 -0.000361743 
v 0.0128572 -0.00508 -0.000249766 
v 0.0131245 -0.00508 -0.000108059 
v 0.0133749 -0.00508 6.1716e-05 
v 0.0136054 -0.00508 0.000257569 
v 0.0138135 -0.00508 0.000477203 
v 0.0139966 -0.00508 0.000718043 
v 0.0141525 -0.00508 0.000977267 
v 0.0142796 -0.00508 0.00125183 
v 0.0143762 -0.00508 0.00153853 
v 0.0144412 -0.00508 0.00183398 
v 0.0144739 -0.00508 0.00213474 
v 0.0144739 -0.00508 0.00243726 
v 0.0144412 -0.00508 0.00273802 
v 0.0143762 -0.00508 0.00303347 
v 0.0142796 -0.00508 0.00332017 
v 0.0141525 -0.00508 0.00359473 
v 0.0139966 -0.00508 0.00385396 
v 0.0138135 -0.00508 0.0040948 
v 0.0136054 -0.00508 0.00431443 
v 0.0133749 -0.00508 0.00451028 
v 0.0131245 -0.00508 0.00468006 
v 0.0128572 -0.00508 0.00482177 
v 0.0125761 -0.00508 0.00493374 
v 0.0122846 -0.00508 0.00501468 
v 0.0119861 -0.00508 0.00506362 
v -0.011684 -0.00508 0.00508 
v -0.0119861 -0.00508 0.00506362 
v -0.0122846 -0.00508 0.00501468 
v -0.0125761 -0.00508 0.00493374 
v -0.0128572 -0.00508 0.00482177 
v -0.0131245 -0.00508 0.00468006 
v -0.0133749 -0.00508 0.00451028 
v -0.0136054 -0.00508 0.00431443 
v -0.0138135 -0.00508 0.0040948 
v -0.0139966 -0.00508 0.00385396 
v -0.0141525 -0.00508 0.00359473 
v -0.0142796 -0.00508 0.00332017 
v -0.0143762 -0.00508 0.00303347 
v -0.0144412 -0.00508 0.00273802 
v -0.0144739 -0.00508 0.00243726 
v -0.0144739 -0.00508 0.00213474 
v -0.0144412 -0.00508 0.00183398 
v -0.0143762 -0.00508 0.00153853 
v -0.0142796 -0.00508 0.00125183 
v -0.0141525 -0.00508 0.000977267 
v -0.0139966 -0.00508 0.000718043 
v -0.0138135 -0.00508 0.000477203 
v -0.0136054 -0.00508 0.000257569 
v -0.0133749 -0.00508 6.1716e-05 
v -0.0131245 -0.00508 -0.000108059 
v -0.0128572 -0.00508 -0.000249766 
v -0.0125761 -0.00508 -0.000361743 
v -0.0122846 -0.00508 -0.000442678 
v -0.0119861 -0.00508 -0.000491621 
v -0.011684 -0.00508 -0.000508 
v -0.0113819 -0.00508 -0.000491621 
v -0.0110834 -0.00508 -0.000442678 
v -0.0107919 -0.00508 -0.000361743 
v -0.0105108 -0.00508 -0.000249766 
v -0.0102435 -0.00508 -0.000108059 
v -0.00999314 -0.00508 6.1716e-05 
v -0.00976257 -0.00508 0.000257569 
v -0.00955452 -0.00508 0.000477203 
v -0.00937144 -0.00508 0.000718043 
v -0.00921547 -0.00508 0.000977267 
v -0.00908844 -0.00508 0.00125183 
v -0.00899184 -0.00508 0.00153853 
v -0.00892681 -0.00508 0.00183398 
v -0.0088941 -0.00508 0.00213474 
v -0.0088941 -0.00508 0.00243726 
v -0.00892681 -0.00508 0.00273802 
v -0.00899184 -0.00508 0.00303347 
v -0.00908844 -0.00508 0.00332017 
v -0.00921547 -0.00508 0.00359473 
v -0.00937144 -0.00508 0.00385396 
v -0.00955452 -0.00508 0.0040948 
v -0.00976257 -0.00508 0.00431443 
v -0.00999314 -0.00508 0.00451028 
v -0.0102435 -0.00508 0.00468006 
v -0.0105108 -0.00508 0.00482177 
v -0.0107919 -0.00508 0.00493374 
v -0.0110834 -0.00508 0.00501468 
v -0.0113819 -0.00508 0.00506362 
v -0.0130222 -0.00508 0.00625761 
v -0.0134438 -0.00508 0.00608965 
v -0.0079812 -0.00508 0.0003229 
v -0.00779066 -0.00508 0.000734751 
v -0.011684 -0.00508 0.006477 
v -0.0121371 -0.00508 0.00645243 
v -0.0138447 -0.00508 0.00587709 
v -0.0148782 -0.00508 0.0049992 
v -0.0151528 -0.00508 0.00463793 
v -0.0112309 -0.00508 -0.00188043 
v -0.0107831 -0.00508 -0.00180702 
v -0.0103458 -0.00508 -0.00168561 
v -0.00992424 -0.00508 -0.00151765 
v -0.00821516 -0.00508 -6.5935e-05 
v -0.00764576 -0.00508 0.00116479 
v -0.00754821 -0.00508 0.00160797 
v -0.00749915 -0.00508 0.0020591 
v -0.00749915 -0.00508 0.0025129 
v -0.00821516 -0.00508 0.00463793 
v -0.00848978 -0.00508 0.0049992 
v -0.00880185 -0.00508 0.00532865 
v -0.00914771 -0.00508 0.00562243 
v -0.0112309 -0.00508 0.00645243 
v -0.0142203 -0.00508 0.00562243 
v -0.0145661 -0.00508 0.00532865 
v -0.0134438 -0.00508 -0.00151765 
v -0.0130222 -0.00508 -0.00168561 
v -0.00952331 -0.00508 -0.00130509 
v -0.00914771 -0.00508 -0.00105043 
v -0.00880185 -0.00508 -0.000756647 
v -0.00848978 -0.00508 -0.000427196 
v -0.00754821 -0.00508 0.00296403 
v -0.00952331 -0.00508 0.00587709 
v -0.00992424 -0.00508 0.00608965 
v -0.0125849 -0.00508 0.00637902 
v -0.0153868 -0.00508 0.0042491 
v -0.0155773 -0.00508 0.00383725 
v -0.0157222 -0.00508 0.00340721 
v -0.0158198 -0.00508 0.00296403 
v -0.0158689 -0.00508 0.0025129 
v -0.0158689 -0.00508 0.0020591 
v -0.0148782 -0.00508 -0.000427196 
v -0.0145661 -0.00508 -0.000756647 
v -0.0138447 -0.00508 -0.00130509 
v -0.00764576 -0.00508 0.00340721 
v -0.00779066 -0.00508 0.00383725 
v -0.0079812 -0.00508 0.0042491 
v -0.0103458 -0.00508 0.00625761 
v -0.0107831 -0.00508 0.00637902 
v -0.0158198 -0.00508 0.00160797 
v -0.0142203 -0.00508 -0.00105043 
v -0.0125849 -0.00508 -0.00180702 
v -0.0121371 -0.00508 -0.00188043 
v -0.011684 -0.00508 -0.001905 
v -0.0157222 -0.00508 0.00116479 
v -0.0155773 -0.00508 0.000734751 
v -0.0153868 -0.00508 0.0003229 
v -0.0151528 -0.00508 -6.5935e-05 
v -0.0121371 -0.00889 -0.00188043 
v -0.011684 -0.00889 -0.001905 
v -0.0125849 -0.00889 -0.00180702 
v -0.0130222 -0.00889 -0.00168561 
v -0.0134438 -0.00889 -0.00151765 
v -0.0138447 -0.00889 -0.00130509 
v -0.0142203 -0.00889 -0.00105043 
v -0.0145661 -0.00889 -0.000756647 
v -0.0148782 -0.00889 -0.000427196 
v -0.0151528 -0.00889 -6.5935e-05 
v -0.0153868 -0.00889 0.0003229 
v -0.0155773 -0.00889 0.000734751 
v -0.0157222 -0.00889 0.00116479 
v -0.0158198 -0.00889 0.00160797 
v -0.0158689 -0.00889 0.0020591 
v -0.0158689 -0.00889 0.0025129 
v -0.0158198 -0.00889 0.00296403 
v -0.0157222 -0.00889 0.00340721 
v -0.0155773 -0.00889 0.00383725 
v -0.0153868 -0.00889 0.0042491 
v -0.0151528 -0.00889 0.00463793 
v -0.0148782 -0.00889 0.0049992 
v -0.0145661 -0.00889 0.00532865 
v -0.0142203 -0.00889 0.00562243 
v -0.0138447 -0.00889 0.00587709 
v -0.0134438 -0.00889 0.00608965 
v -0.0130222 -0.00889 0.00625761 
v -0.0125849 -0.00889 0.00637902 
v -0.0121371 -0.00889 0.00645243 
v -0.011684 -0.00889 0.006477 
v -0.0112309 -0.00889 0.00645243 
v -0.0107831 -0.00889 0.00637902 
v -0.0103458 -0.00889 0.00625761 
v -0.00992424 -0.00889 0.00608965 
v -0.00952331 -0.00889 0.00587709 
v -0.00914771 -0.00889 0.00562243 
v -0.00880185 -0.00889 0.00532865 
v -0.00848978 -0.00889 0.0049992 
v -0.00821516 -0.00889 0.00463793 
v -0.0079812 -0.00889 0.0042491 
v -0.00779066 -0.00889 0.00383725 
v -0.00764576 -0.00889 0.00340721 
v -0.00754821 -0.00889 0.00296403 
v -0.00749915 -0.00889 0.0025129 
v -0.00749915 -0.00889 0.0020591 
v -0.00754821 -0.00889 0.00160797 
v -0.00764576 -0.00889 0.00116479 
v -0.00779066 -0.00889 0.000734751 
v -0.0079812 -0.00889 0.0003229 
v -0.00821516 -0.00889 -6.5935e-05 
v -0.00848978 -0.00889 -0.000427196 
v -0.00880185 -0.00889 -0.000756647 
v -0.00914771 -0.00889 -0.00105043 
v -0.00952331 -0.00889 -0.00130509 
v -0.00992424 -0.00889 -0.00151765 
v -0.0103458 -0.00889 -0.00168561 
v -0.0107831 -0.00889 -0.00180702 
v -0.0112309 -0.00889 -0.00188043 
v 0.0103458 -0.00508 0.00625761 
v 0.00992424 -0.00508 0.00608965 
v 0.0153868 -0.00508 0.0003229 
v 0.0155773 -0.00508 0.000734751 
v 0.011684 -0.00508 0.006477 
v 0.0112309 -0.00508 0.00645243 
v 0.00952331 -0.00508 0.00587709 
v 0.00848978 -0.00508 0.0049992 
v 0.00821516 -0.00508 0.00463793 
v 0.0121371 -0.00508 -0.00188043 
v 0.0125849 -0.00508 -0.00180702 
v 0.0130222 -0.00508 -0.00168561 
v 0.0134438 -0.00508 -0.00151765 
v 0.0151528 -0.00508 -6.5935e-05 
v 0.0157222 -0.00508 0.00116479 
v 0.0158198 -0.00508 0.00160797 
v 0.0158689 -0.00508 0.0020591 
v 0.0158689 -0.00508 0.0025129 
v 0.0151528 -0.00508 0.00463793 
v 0.0148782 -0.00508 0.0049992 
v 0.0145661 -0.00508 0.00532865 
v 0.0142203 -0.00508 0.00562243 
v 0.0121371 -0.00508 0.00645243 
v 0.00914771 -0.00508 0.00562243 
v 0.00880185 -0.00508 0.00532865 
v 0.00992424 -0.00508 -0.00151765 
v 0.0103458 -0.00508 -0.00168561 
v 0.0138447 -0.00508 -0.00130509 
v 0.0142203 -0.00508 -0.00105043 
v 0.0145661 -0.00508 -0.000756647 
v 0.0148782 -0.00508 -0.000427196 
v 0.0158198 -0.00508 0.00296403 
v 0.0138447 -0.00508 0.00587709 
v 0.0134438 -0.00508 0.00608965 
v 0.0107831 -0.00508 0.00637902 
v 0.0079812 -0.00508 0.0042491 
v 0.00779066 -0.00508 0.00383725 
v 0.00764576 -0.00508 0.00340721 
v 0.00754821 -0.00508 0.00296403 
v 0.00749915 -0.00508 0.0025129 
v 0.00749915 -0.00508 0.0020591 
v 0.00848978 -0.00508 -0.000427196 
v 0.00880185 -0.00508 -0.000756647 
v 0.00952331 -0.00508 -0.00130509 
v 0.0157222 -0.00508 0.00340721 
v 0.0155773 -0.00508 0.00383725 
v 0.0153868 -0.00508 0.0042491 
v 0.0130222 -0.00508 0.00625761 
v 0.0125849 -0.00508 0.00637902 
v 0.00754821 -0.00508 0.00160797 
v 0.00914771 -0.00508 -0.00105043 
v 0.0107831 -0.00508 -0.00180702 
v 0.0112309 -0.00508 -0.00188043 
v 0.011684 -0.00508 -0.001905 
v 0.00764576 -0.00508 0.00116479 
v 0.00779066 -0.00508 0.000734751 
v 0.0079812 -0.00508 0.0003229 
v 0.00821516 -0.00508 -6.5935e-05 
v 0.0112309 -0.00889 -0.00188043 
v 0.011684 -0.00889 -0.001905 
v 0.0107831 -0.00889 -0.00180702 
v 0.0103458 -0.00889 -0.00168561 
v 0.00992424 -0.00889 -0.00151765 
v 0.00952331 -0.00889 -0.00130509 
v 0.00914771 -0.00889 -0.00105043 
v 0.00880185 -0.00889 -0.000756647 
v 0.00848978 -0.00889 -0.000427196 
v 0.00821516 -0.00889 -6.5935e-05 
v 0.0079812 -0.00889 0.0003229 
v 0.00779066 -0.00889 0.000734751 
v 0.00764576 -0.00889 0.00116479 
v 0.00754821 -0.00889 0.00160797 
v 0.00749915 -0.00889 0.0020591 
v 0.00749915 -0.00889 0.0025129 
v 0.00754821 -0.00889 0.00296403 
v 0.00764576 -0.00889 0.00340721 
v 0.00779066 -0.00889 0.00383725 
v 0.0079812 -0.00889 0.0042491 
v 0.00821516 -0.00889 0.00463793 
v 0.00848978 -0.00889 0.0049992 
v 0.00880185 -0.00889 0.00532865 
v 0.00914771 -0.00889 0.00562243 
v 0.00952331 -0.00889 0.00587709 
v 0.00992424 -0.00889 0.00608965 
v 0.0103458 -0.00889 0.00625761 
v 0.0107831 -0.00889 0.00637902 
v 0.0112309 -0.00889 0.00645243 
v 0.011684 -0.00889 0.006477 
v 0.0121371 -0.00889 0.00645243 
v 0.0125849 -0.00889 0.00637902 
v 0.0130222 -0.00889 0.00625761 
v 0.0134438 -0.00889 0.00608965 
v 0.0138447 -0.00889 0.00587709 
v 0.0142203 -0.00889 0.00562243 
v 0.0145661 -0.00889 0.00532865 
v 0.0148782 -0.00889 0.0049992 
v 0.0151528 -0.00889 0.00463793 
v 0.0153868 -0.00889 0.0042491 
v 0.0155773 -0.00889 0.00383725 
v 0.0157222 -0.00889 0.00340721 
v 0.0158198 -0.00889 0.00296403 
v 0.0158689 -0.00889 0.0025129 
v 0.0158689 -0.00889 0.0020591 
v 0.0158198 -0.00889 0.00160797 
v 0.0157222 -0.00889 0.00116479 
v 0.0155773 -0.00889 0.000734751 
v 0.0153868 -0.00889 0.0003229 
v 0.0151528 -0.00889 -6.5935e-05 
v 0.0148782 -0.00889 -0.000427196 
v 0.0145661 -0.00889 -0.000756647 
v 0.0142203 -0.00889 -0.00105043 
v 0.0138447 -0.00889 -0.00130509 
v 0.0134438 -0.00889 -0.00151765 
v 0.0130222 -0.00889 -0.00168561 
v 0.0125849 -0.00889 -0.00180702 
v 0.0121371 -0.00889 -0.00188043 
v 0.031115 -0.00889 -0.032258 
v 0.027305 -0.00889 -0.032258 
v 0.027305 -0.035814 -0.032258 
v 0.031115 -0.035814 -0.032258 
v 0.031115 -0.035814 -0.028448 
v 0.027305 -0.035814 -0.028448 
v 0.027305 -0.00889 -0.028448 
v 0.031115 -0.00889 -0.028448 
v -0.0127 -0.00889 -0.01016 
v 0.0127 -0.00889 -0.01016 
v 0.01016 -0.00889 -0.01016 
v -0.01016 -0.00889 -0.01143 
v 0.01016 -0.00889 -0.01143 
v -0.0127 -0.00889 -0.019558 
v 0.0127 -0.00889 -0.019558 
v -0.01016 -0.00889 -0.01016 
v -0.01016 -0.011684 -0.01143 
v 0.01016 -0.011684 -0.01143 
v -0.01016 -0.012954 -0.01016 
v 0.01016 -0.012954 -0.01016 
v -0.0127 -0.03429 -0.01016 
v -0.0127 -0.03429 -0.019558 
v 0.0127 -0.03429 -0.019558 
v 0.0127 -0.03429 -0.01016 
v -0.01016 -0.03429 -0.017018 
v 0.01016 -0.03429 -0.017018 
v 0.01016 -0.03429 -0.01016 
v -0.01016 -0.03429 -0.01016 
v -0.01016 -0.027305 -0.017018 
v -0.01016 -0.027305 -0.01016 
v 0.01016 -0.027305 -0.01016 
v 0.01016 -0.027305 -0.017018 
v 0.0060311 -0.027305 -0.0144264 
v 0.0060311 -0.027305 -0.0145296 
v 0.00601995 -0.027305 -0.0143239 
v 0.00538413 -0.027305 -0.0135754 
v 0.00547994 -0.027305 -0.0136135 
v 0.00127 -0.027305 -0.017018 
v 0.0041289 -0.027305 -0.0144264 
v 0.00414005 -0.027305 -0.0143239 
v 0.00557107 -0.027305 -0.0152942 
v 0.00547994 -0.027305 -0.0153425 
v 0.00592155 -0.027305 -0.0149242 
v 0.00586837 -0.027305 -0.0150125 
v 0.00601995 -0.027305 -0.0146321 
v 0.00557107 -0.027305 -0.0136618 
v 0.0041289 -0.027305 -0.0145296 
v 0.00538413 -0.027305 -0.0153806 
v 0.00528476 -0.027305 -0.0154082 
v 0.00565643 -0.027305 -0.0152363 
v 0.00580596 -0.027305 -0.0150946 
v 0.00573503 -0.027305 -0.0151695 
v 0.00596485 -0.027305 -0.0148306 
v 0.00599778 -0.027305 -0.0142232 
v 0.00565643 -0.027305 -0.0137197 
v 0.00127 -0.027305 -0.01016 
v 0.00458893 -0.027305 -0.0136618 
v 0.00468006 -0.027305 -0.0136135 
v 0.00414005 -0.027305 -0.0146321 
v 0.00599778 -0.027305 -0.0147328 
v 0.00580596 -0.027305 -0.0138614 
v 0.00586837 -0.027305 -0.0139435 
v 0.00573503 -0.027305 -0.0137865 
v 0.00518298 -0.027305 -0.0135311 
v 0.00528476 -0.027305 -0.0135478 
v 0.00477587 -0.027305 -0.0135754 
v 0.00487524 -0.027305 -0.0135478 
v 0.00450357 -0.027305 -0.0137197 
v 0.00435404 -0.027305 -0.0138614 
v 0.00442497 -0.027305 -0.0137865 
v 0.00596485 -0.027305 -0.0141254 
v 0.00592155 -0.027305 -0.0140318 
v 0.00429163 -0.027305 -0.0139435 
v 0.00416222 -0.027305 -0.0147328 
v 0.00468006 -0.027305 -0.0153425 
v 0.00458893 -0.027305 -0.0152942 
v 0.00419515 -0.027305 -0.0141254 
v 0.00423845 -0.027305 -0.0140318 
v 0.00416222 -0.027305 -0.0142232 
v 0.00442497 -0.027305 -0.0151695 
v 0.00435404 -0.027305 -0.0150946 
v 0.00450357 -0.027305 -0.0152363 
v 0.00518298 -0.027305 -0.0154249 
v 0.00508 -0.027305 -0.0154305 
v 0.00508 -0.027305 -0.0135255 
v 0.00419515 -0.027305 -0.0148306 
v 0.00429163 -0.027305 -0.0150125 
v 0.00423845 -0.027305 -0.0149242 
v 0.00497702 -0.027305 -0.0135311 
v 0.00487524 -0.027305 -0.0154082 
v 0.00477587 -0.027305 -0.0153806 
v 0.00497702 -0.027305 -0.0154249 
v 0.00127 -0.024765 -0.017018 
v 0.00127 -0.024765 -0.01016 
v -0.00127 -0.024765 -0.01016 
v -0.00127 -0.027305 -0.01016 
v -0.00127 -0.027305 -0.017018 
v -0.00127 -0.024765 -0.017018 
v -0.0041289 -0.027305 -0.0144264 
v -0.0041289 -0.027305 -0.0145296 
v -0.00414005 -0.027305 -0.0143239 
v -0.00477587 -0.027305 -0.0135754 
v -0.00468006 -0.027305 -0.0136135 
v -0.0060311 -0.027305 -0.0144264 
v -0.00601995 -0.027305 -0.0143239 
v -0.00458893 -0.027305 -0.0152942 
v -0.00468006 -0.027305 -0.0153425 
v -0.00423845 -0.027305 -0.0149242 
v -0.00429163 -0.027305 -0.0150125 
v -0.00414005 -0.027305 -0.0146321 
v -0.00458893 -0.027305 -0.0136618 
v -0.0060311 -0.027305 -0.0145296 
v -0.00477587 -0.027305 -0.0153806 
v -0.00487524 -0.027305 -0.0154082 
v -0.00450357 -0.027305 -0.0152363 
v -0.00435404 -0.027305 -0.0150946 
v -0.00442497 -0.027305 -0.0151695 
v -0.00419515 -0.027305 -0.0148306 
v -0.00416222 -0.027305 -0.0142232 
v -0.00450357 -0.027305 -0.0137197 
v -0.00557107 -0.027305 -0.0136618 
v -0.00547994 -0.027305 -0.0136135 
v -0.00601995 -0.027305 -0.0146321 
v -0.00416222 -0.027305 -0.0147328 
v -0.00435404 -0.027305 -0.0138614 
v -0.00429163 -0.027305 -0.0139435 
v -0.00442497 -0.027305 -0.0137865 
v -0.00497702 -0.027305 -0.0135311 
v -0.00487524 -0.027305 -0.0135478 
v -0.00538413 -0.027305 -0.0135754 
v -0.00528476 -0.027305 -0.0135478 
v -0.00565643 -0.027305 -0.0137197 
v -0.00580596 -0.027305 -0.0138614 
v -0.00573503 -0.027305 -0.0137865 
v -0.00419515 -0.027305 -0.0141254 
v -0.00423845 -0.027305 -0.0140318 
v -0.00586837 -0.027305 -0.0139435 
v -0.00599778 -0.027305 -0.0147328 
v -0.00547994 -0.027305 -0.0153425 
v -0.00557107 -0.027305 -0.0152942 
v -0.00596485 -0.027305 -0.0141254 
v -0.00592155 -0.027305 -0.0140318 
v -0.00599778 -0.027305 -0.0142232 
v -0.00573503 -0.027305 -0.0151695 
v -0.00580596 -0.027305 -0.0150946 
v -0.00565643 -0.027305 -0.0152363 
v -0.00518298 -0.027305 -0.0135311 
v -0.00596485 -0.027305 -0.0148306 
v -0.00586837 -0.027305 -0.0150125 
v -0.00592155 -0.027305 -0.0149242 
v -0.00497702 -0.027305 -0.0154249 
v -0.00508 -0.027305 -0.0135255 
v -0.00528476 -0.027305 -0.0154082 
v -0.00538413 -0.027305 -0.0153806 
v -0.00518298 -0.027305 -0.0154249 
v -0.00508 -0.027305 -0.0154305 
v 0.00508 -0.017145 -0.0154305 
v 0.00497702 -0.017145 -0.0154249 
v 0.00487524 -0.017145 -0.0154082 
v 0.00477587 -0.017145 -0.0153806 
v 0.00468006 -0.017145 -0.0153425 
v 0.00458893 -0.017145 -0.0152942 
v 0.00450357 -0.017145 -0.0152363 
v 0.00442497 -0.017145 -0.0151695 
v 0.00435404 -0.017145 -0.0150946 
v 0.00429163 -0.017145 -0.0150125 
v 0.00423845 -0.017145 -0.0149242 
v 0.00419515 -0.017145 -0.0148306 
v 0.00416222 -0.017145 -0.0147328 
v 0.00414005 -0.017145 -0.0146321 
v 0.0041289 -0.017145 -0.0145296 
v 0.0041289 -0.017145 -0.0144264 
v 0.00414005 -0.017145 -0.0143239 
v 0.00416222 -0.017145 -0.0142232 
v 0.00419515 -0.017145 -0.0141254 
v 0.00423845 -0.017145 -0.0140318 
v 0.00429163 -0.017145 -0.0139435 
v 0.00435404 -0.017145 -0.0138614 
v 0.00442497 -0.017145 -0.0137865 
v 0.00450357 -0.017145 -0.0137197 
v 0.00458893 -0.017145 -0.0136618 
v 0.00468006 -0.017145 -0.0136135 
v 0.00477587 -0.017145 -0.0135754 
v 0.00487524 -0.017145 -0.0135478 
v 0.00497702 -0.017145 -0.0135311 
v 0.00508 -0.017145 -0.0135255 
v 0.00518298 -0.017145 -0.0135311 
v 0.00528476 -0.017145 -0.0135478 
v 0.00538413 -0.017145 -0.0135754 
v 0.00547994 -0.017145 -0.0136135 
v 0.00557107 -0.017145 -0.0136618 
v 0.00565643 -0.017145 -0.0137197 
v 0.00573503 -0.017145 -0.0137865 
v 0.00580596 -0.017145 -0.0138614 
v 0.00586837 -0.017145 -0.0139435 
v 0.00592155 -0.017145 -0.0140318 
v 0.00596485 -0.017145 -0.0141254 
v 0.00599778 -0.017145 -0.0142232 
v 0.00601995 -0.017145 -0.0143239 
v 0.0060311 -0.017145 -0.0144264 
v 0.0060311 -0.017145 -0.0145296 
v 0.00601995 -0.017145 -0.0146321 
v 0.00599778 -0.017145 -0.0147328 
v 0.00596485 -0.017145 -0.0148306 
v 0.00592155 -0.017145 -0.0149242 
v 0.00586837 -0.017145 -0.0150125 
v 0.00580596 -0.017145 -0.0150946 
v 0.00573503 -0.017145 -0.0151695 
v 0.00565643 -0.017145 -0.0152363 
v 0.00557107 -0.017145 -0.0152942 
v 0.00547994 -0.017145 -0.0153425 
v 0.00538413 -0.017145 -0.0153806 
v 0.00528476 -0.017145 -0.0154082 
v 0.00518298 -0.017145 -0.0154249 
v 0.00508 -0.017145 -0.014478 
v -0.00508 -0.017145 -0.0154305 
v -0.00518298 -0.017145 -0.0154249 
v -0.00528476 -0.017145 -0.0154082 
v -0.00538413 -0.017145 -0.0153806 
v -0.00547994 -0.017145 -0.0153425 
v -0.00557107 -0.017145 -0.0152942 
v -0.00565643 -0.017145 -0.0152363 
v -0.00573503 -0.017145 -0.0151695 
v -0.00580596 -0.017145 -0.0150946 
v -0.00586837 -0.017145 -0.0150125 
v -0.00592155 -0.017145 -0.0149242 
v -0.00596485 -0.017145 -0.0148306 
v -0.00599778 -0.017145 -0.0147328 
v -0.00601995 -0.017145 -0.0146321 
v -0.0060311 -0.017145 -0.0145296 
v -0.0060311 -0.017145 -0.0144264 
v -0.00601995 -0.017145 -0.0143239 
v -0.00599778 -0.017145 -0.0142232 
v -0.00596485 -0.017145 -0.0141254 
v -0.00592155 -0.017145 -0.0140318 
v -0.00586837 -0.017145 -0.0139435 
v -0.00580596 -0.017145 -0.0138614 
v -0.00573503 -0.017145 -0.0137865 
v -0.00565643 -0.017145 -0.0137197 
v -0.00557107 -0.017145 -0.0136618 
v -0.00547994 -0.017145 -0.0136135 
v -0.00538413 -0.017145 -0.0135754 
v -0.00528476 -0.017145 -0.0135478 
v -0.00518298 -0.017145 -0.0135311 
v -0.00508 -0.017145 -0.0135255 
v -0.00497702 -0.017145 -0.0135311 
v -0.00487524 -0.017145 -0.0135478 
v -0.00477587 -0.017145 -0.0135754 
v -0.00468006 -0.017145 -0.0136135 
v -0.00458893 -0.017145 -0.0136618 
v -0.00450357 -0.017145 -0.0137197 
v -0.00442497 -0.017145 -0.0137865 
v -0.00435404 -0.017145 -0.0138614 
v -0.00429163 -0.017145 -0.0139435 
v -0.00423845 -0.017145 -0.0140318 
v -0.00419515 -0.017145 -0.0141254 
v -0.00416222 -0.017145 -0.0142232 
v -0.00414005 -0.017145 -0.0143239 
v -0.0041289 -0.017145 -0.0144264 
v -0.0041289 -0.017145 -0.0145296 
v -0.00414005 -0.017145 -0.0146321 
v -0.00416222 -0.017145 -0.0147328 
v -0.00419515 -0.017145 -0.0148306 
v -0.00423845 -0.017145 -0.0149242 
v -0.00429163 -0.017145 -0.0150125 
v -0.00435404 -0.017145 -0.0150946 
v -0.00442497 -0.017145 -0.0151695 
v -0.00450357 -0.017145 -0.0152363 
v -0.00458893 -0.017145 -0.0152942 
v -0.00468006 -0.017145 -0.0153425 
v -0.00477587 -0.017145 -0.0153806 
v -0.00487524 -0.017145 -0.0154082 
v -0.00497702 -0.017145 -0.0154249 
v -0.00508 -0.017145 -0.014478 
vn 0 -1 0 
vn 0.108119 0 0.994138 
vn 2.44929e-16 0 1 
vn 0.21497 0 0.976621 
vn 0.108119 0 0.994138 
vn 0.319302 0 0.947653 
vn 0.21497 0 0.976621 
vn 0.419889 0 0.907575 
vn 0.319302 0 0.947653 
vn 0.515554 0 0.856857 
vn 0.419889 0 0.907575 
vn 0.605174 0 0.796093 
vn 0.515554 0 0.856857 
vn 0.687699 0 0.725995 
vn 0.605174 0 0.796093 
vn 0.762162 0 0.647386 
vn 0.687699 0 0.725995 
vn 0.827689 0 0.561187 
vn 0.762162 0 0.647386 
vn 0.883512 0 0.468408 
vn 0.827689 0 0.561187 
vn 0.928977 0 0.370138 
vn 0.883512 0 0.468408 
vn 0.96355 0 0.267528 
vn 0.928977 0 0.370138 
vn 0.986827 0 0.161782 
vn 0.96355 0 0.267528 
vn 0.998533 0 0.0541389 
vn 0.986827 0 0.161782 
vn 0.998533 0 -0.0541389 
vn 0.998533 0 0.0541389 
vn 0.986827 0 -0.161782 
vn 0.998533 0 -0.0541389 
vn 0.96355 0 -0.267528 
vn 0.986827 0 -0.161782 
vn 0.928977 0 -0.370138 
vn 0.96355 0 -0.267528 
vn 0.883512 0 -0.468408 
vn 0.928977 0 -0.370138 
vn 0.827689 0 -0.561187 
vn 0.883512 0 -0.468408 
vn 0.762162 0 -0.647386 
vn 0.827689 0 -0.561187 
vn 0.687699 0 -0.725995 
vn 0.762162 0 -0.647386 
vn 0.605174 0 -0.796093 
vn 0.687699 0 -0.725995 
vn 0.515554 0 -0.856857 
vn 0.605174 0 -0.796093 
vn 0.419889 0 -0.907575 
vn 0.515554 0 -0.856857 
vn 0.319302 0 -0.947653 
vn 0.419889 0 -0.907575 
vn 0.21497 0 -0.976621 
vn 0.319302 0 -0.947653 
vn 0.108119 0 -0.994138 
vn 0.21497 0 -0.976621 
vn -1.22465e-16 0 -1 
vn 0.108119 0 -0.994138 
vn -0.108119 0 -0.994138 
vn -1.22465e-16 0 -1 
vn -0.21497 0 -0.976621 
vn -0.108119 0 -0.994138 
vn -0.319302 0 -0.947653 
vn -0.21497 0 -0.976621 
vn -0.419889 0 -0.907575 
vn -0.319302 0 -0.947653 
vn -0.515554 0 -0.856857 
vn -0.419889 0 -0.907575 
vn -0.605174 0 -0.796093 
vn -0.515554 0 -0.856857 
vn -0.687699 0 -0.725995 
vn -0.605174 0 -0.796093 
vn -0.762162 0 -0.647386 
vn -0.687699 0 -0.725995 
vn -0.827689 0 -0.561187 
vn -0.762162 0 -0.647386 
vn -0.883512 0 -0.468408 
vn -0.827689 0 -0.561187 
vn -0.928977 0 -0.370138 
vn -0.883512 0 -0.468408 
vn -0.96355 0 -0.267528 
vn -0.928977 0 -0.370138 
vn -0.986827 0 -0.161782 
vn -0.96355 0 -0.267528 
vn -0.998533 0 -0.0541389 
vn -0.986827 0 -0.161782 
vn -0.998533 0 0.0541389 
vn -0.998533 0 -0.0541389 
vn -0.986827 0 0.161782 
vn -0.998533 0 0.0541389 
vn -0.96355 0 0.267528 
vn -0.986827 0 0.161782 
vn -0.928977 0 0.370138 
vn -0.96355 0 0.267528 
vn -0.883512 0 0.468408 
vn -0.928977 0 0.370138 
vn -0.827689 0 0.561187 
vn -0.883512 0 0.468408 
vn -0.762162 0 0.647386 
vn -0.827689 0 0.561187 
vn -0.687699 0 0.725995 
vn -0.762162 0 0.647386 
vn -0.605174 0 0.796093 
vn -0.687699 0 0.725995 
vn -0.515554 0 0.856857 
vn -0.605174 0 0.796093 
vn -0.419889 0 0.907575 
vn -0.515554 0 0.856857 
vn -0.319302 0 0.947653 
vn -0.419889 0 0.907575 
vn -0.21497 0 0.976621 
vn -0.319302 0 0.947653 
vn -0.108119 0 0.994138 
vn -0.21497 0 0.976621 
vn 0 -1 0 
vn -1 0 0 
vn 1 0 0 
vn 0 0 -1 
vn -1 0 0 
vn 0 -1 0 
vn 0 0 -1 
vn 1 0 0 
vn 0 -1 0 
vn 0 0 -1 
vn 0.108119 0 0.994138 
vn 2.44929e-16 0 1 
vn 0.21497 0 0.976621 
vn 0.108119 0 0.994138 
vn 0.319302 0 0.947653 
vn 0.21497 0 0.976621 
vn 0.419889 0 0.907575 
vn 0.319302 0 0.947653 
vn 0.515554 0 0.856857 
vn 0.419889 0 0.907575 
vn 0.605174 0 0.796093 
vn 0.515554 0 0.856857 
vn 0.687699 0 0.725995 
vn 0.605174 0 0.796093 
vn 0.762162 0 0.647386 
vn 0.687699 0 0.725995 
vn 0.827689 0 0.561187 
vn 0.762162 0 0.647386 
vn 0.883512 0 0.468408 
vn 0.827689 0 0.561187 
vn 0.928977 0 0.370138 
vn 0.883512 0 0.468408 
vn 0.96355 0 0.267528 
vn 0.928977 0 0.370138 
vn 0.986827 0 0.161782 
vn 0.96355 0 0.267528 
vn 0.998533 0 0.0541389 
vn 0.986827 0 0.161782 
vn 0.998533 0 -0.0541389 
vn 0.998533 0 0.0541389 
vn 0.986827 0 -0.161782 
vn 0.998533 0 -0.0541389 
vn 0.96355 0 -0.267528 
vn 0.986827 0 -0.161782 
vn 0.928977 0 -0.370138 
vn 0.96355 0 -0.267528 
vn 0.883512 0 -0.468408 
vn 0.928977 0 -0.370138 
vn 0.827689 0 -0.561187 
vn 0.883512 0 -0.468408 
vn 0.762162 0 -0.647386 
vn 0.827689 0 -0.561187 
vn 0.687699 0 -0.725995 
vn 0.762162 0 -0.647386 
vn 0.605174 0 -0.796093 
vn 0.687699 0 -0.725995 
vn 0.515554 0 -0.856857 
vn 0.605174 0 -0.796093 
vn 0.419889 0 -0.907575 
vn 0.515554 0 -0.856857 
vn 0.319302 0 -0.947653 
vn 0.419889 0 -0.907575 
vn 0.21497 0 -0.976621 
vn 0.319302 0 -0.947653 
vn 0.108119 0 -0.994138 
vn 0.21497 0 -0.976621 
vn -1.22465e-16 0 -1 
vn 0.108119 0 -0.994138 
vn -0.108119 0 -0.994138 
vn -1.22465e-16 0 -1 
vn -0.21497 0 -0.976621 
vn -0.108119 0 -0.994138 
vn -0.319302 0 -0.947653 
vn -0.21497 0 -0.976621 
vn -0.419889 0 -0.907575 
vn -0.319302 0 -0.947653 
vn -0.515554 0 -0.856857 
vn -0.419889 0 -0.907575 
vn -0.605174 0 -0.796093 
vn -0.515554 0 -0.856857 
vn -0.687699 0 -0.725995 
vn -0.605174 0 -0.796093 
vn -0.762162 0 -0.647386 
vn -0.687699 0 -0.725995 
vn -0.827689 0 -0.561187 
vn -0.762162 0 -0.647386 
vn -0.883512 0 -0.468408 
vn -0.827689 0 -0.561187 
vn -0.928977 0 -0.370138 
vn -0.883512 0 -0.468408 
vn -0.96355 0 -0.267528 
vn -0.928977 0 -0.370138 
vn -0.986827 0 -0.161782 
vn -0.96355 0 -0.267528 
vn -0.998533 0 -0.0541389 
vn -0.986827 0 -0.161782 
vn -0.998533 0 0.0541389 
vn -0.998533 0 -0.0541389 
vn -0.986827 0 0.161782 
vn -0.998533 0 0.0541389 
vn -0.96355 0 0.267528 
vn -0.986827 0 0.161782 
vn -0.928977 0 0.370138 
vn -0.96355 0 0.267528 
vn -0.883512 0 0.468408 
vn -0.928977 0 0.370138 
vn -0.827689 0 0.561187 
vn -0.883512 0 0.468408 
vn -0.762162 0 0.647386 
vn -0.827689 0 0.561187 
vn -0.687699 0 0.725995 
vn -0.762162 0 0.647386 
vn -0.605174 0 0.796093 
vn -0.687699 0 0.725995 
vn -0.515554 0 0.856857 
vn -0.605174 0 0.796093 
vn -0.419889 0 0.907575 
vn -0.515554 0 0.856857 
vn -0.319302 0 0.947653 
vn -0.419889 0 0.907575 
vn -0.21497 0 0.976621 
vn -0.319302 0 0.947653 
vn -0.108119 0 0.994138 
vn -0.21497 0 0.976621 
vn 0 -1 0 
vn -1 0 0 
vn 0 0 -1 
vn 0 -1 0 
vn 1.7074e-16 0 1 
vn 1 0 0 
vn 1.6974e-16 0.108119 0.994138 
vn 1.7074e-16 2.44929e-16 1 
vn 1.66749e-16 0.21497 0.976621 
vn 1.6974e-16 0.108119 0.994138 
vn 1.61803e-16 0.319302 0.947653 
vn 1.66749e-16 0.21497 0.976621 
vn 1.5496e-16 0.419889 0.907575 
vn 1.61803e-16 0.319302 0.947653 
vn 1.463e-16 0.515554 0.856857 
vn 1.5496e-16 0.419889 0.907575 
vn 1.35925e-16 0.605174 0.796093 
vn 1.463e-16 0.515554 0.856857 
vn 1.23957e-16 0.687699 0.725995 
vn 1.35925e-16 0.605174 0.796093 
vn 1.10535e-16 0.762162 0.647386 
vn 1.23957e-16 0.687699 0.725995 
vn 9.58174e-17 0.827689 0.561187 
vn 1.10535e-16 0.762162 0.647386 
vn 7.99763e-17 0.883512 0.468408 
vn 9.58174e-17 0.827689 0.561187 
vn 6.31976e-17 0.928977 0.370138 
vn 7.99763e-17 0.883512 0.468408 
vn 4.56779e-17 0.96355 0.267528 
vn 6.31976e-17 0.928977 0.370138 
vn 2.76227e-17 0.986827 0.161782 
vn 4.56779e-17 0.96355 0.267528 
vn 9.2437e-18 0.998533 0.0541389 
vn 2.76227e-17 0.986827 0.161782 
vn -9.2437e-18 0.998533 -0.0541389 
vn 9.2437e-18 0.998533 0.0541389 
vn -2.76227e-17 0.986827 -0.161782 
vn -9.2437e-18 0.998533 -0.0541389 
vn -4.56779e-17 0.96355 -0.267528 
vn -2.76227e-17 0.986827 -0.161782 
vn -6.31976e-17 0.928977 -0.370138 
vn -4.56779e-17 0.96355 -0.267528 
vn -7.99763e-17 0.883512 -0.468408 
vn -6.31976e-17 0.928977 -0.370138 
vn -9.58174e-17 0.827689 -0.561187 
vn -7.99763e-17 0.883512 -0.468408 
vn -1.10535e-16 0.762162 -0.647386 
vn -9.58174e-17 0.827689 -0.561187 
vn -1.23957e-16 0.687699 -0.725995 
vn -1.10535e-16 0.762162 -0.647386 
vn -1.35925e-16 0.605174 -0.796093 
vn -1.23957e-16 0.687699 -0.725995 
vn -1.463e-16 0.515554 -0.856857 
vn -1.35925e-16 0.605174 -0.796093 
vn -1.5496e-16 0.419889 -0.907575 
vn -1.463e-16 0.515554 -0.856857 
vn -1.61803e-16 0.319302 -0.947653 
vn -1.5496e-16 0.419889 -0.907575 
vn -1.66749e-16 0.21497 -0.976621 
vn -1.61803e-16 0.319302 -0.947653 
vn -1.6974e-16 0.108119 -0.994138 
vn -1.66749e-16 0.21497 -0.976621 
vn -1.7074e-16 -1.22465e-16 -1 
vn -1.6974e-16 0.108119 -0.994138 
vn -1.6974e-16 -0.108119 -0.994138 
vn -1.7074e-16 -1.22465e-16 -1 
vn -1.66749e-16 -0.21497 -0.976621 
vn -1.6974e-16 -0.108119 -0.994138 
vn -1.61803e-16 -0.319302 -0.947653 
vn -1.66749e-16 -0.21497 -0.976621 
vn -1.5496e-16 -0.419889 -0.907575 
vn -1.61803e-16 -0.319302 -0.947653 
vn -1.463e-16 -0.515554 -0.856857 
vn -1.5496e-16 -0.419889 -0.907575 
vn -1.35925e-16 -0.605174 -0.796093 
vn -1.463e-16 -0.515554 -0.856857 
vn -1.23957e-16 -0.687699 -0.725995 
vn -1.35925e-16 -0.605174 -0.796093 
vn -1.10535e-16 -0.762162 -0.647386 
vn -1.23957e-16 -0.687699 -0.725995 
vn -9.58174e-17 -0.827689 -0.561187 
vn -1.10535e-16 -0.762162 -0.647386 
vn -7.99763e-17 -0.883512 -0.468408 
vn -9.58174e-17 -0.827689 -0.561187 
vn -6.31976e-17 -0.928977 -0.370138 
vn -7.99763e-17 -0.883512 -0.468408 
vn -4.56779e-17 -0.96355 -0.267528 
vn -6.31976e-17 -0.928977 -0.370138 
vn -2.76227e-17 -0.986827 -0.161782 
vn -4.56779e-17 -0.96355 -0.267528 
vn -9.2437e-18 -0.998533 -0.0541389 
vn -2.76227e-17 -0.986827 -0.161782 
vn 9.2437e-18 -0.998533 0.0541389 
vn -9.2437e-18 -0.998533 -0.0541389 
vn 2.76227e-17 -0.986827 0.161782 
vn 9.2437e-18 -0.998533 0.0541389 
vn 4.56779e-17 -0.96355 0.267528 
vn 2.76227e-17 -0.986827 0.161782 
vn 6.31976e-17 -0.928977 0.370138 
vn 4.56779e-17 -0.96355 0.267528 
vn 7.99763e-17 -0.883512 0.468408 
vn 6.31976e-17 -0.928977 0.370138 
vn 9.58174e-17 -0.827689 0.561187 
vn 7.99763e-17 -0.883512 0.468408 
vn 1.10535e-16 -0.762162 0.647386 
vn 9.58174e-17 -0.827689 0.561187 
vn 1.23957e-16 -0.687699 0.725995 
vn 1.10535e-16 -0.762162 0.647386 
vn 1.35925e-16 -0.605174 0.796093 
vn 1.23957e-16 -0.687699 0.725995 
vn 1.463e-16 -0.515554 0.856857 
vn 1.35925e-16 -0.605174 0.796093 
vn 1.5496e-16 -0.419889 0.907575 
vn 1.463e-16 -0.515554 0.856857 
vn 1.61803e-16 -0.319302 0.947653 
vn 1.5496e-16 -0.419889 0.907575 
vn 1.66749e-16 -0.21497 0.976621 
vn 1.61803e-16 -0.319302 0.947653 
vn 1.6974e-16 -0.108119 0.994138 
vn 1.66749e-16 -0.21497 0.976621 
vn 1.7074e-16 0 1 
vn 1 0 -1.7074e-16 
vn 0 -1 0 
vn 0 0 1 
vn 0.999992 -0.0040909 -1.70739e-16 
vn -1.7074e-16 0 -1 
vn 0 0.707107 -0.707107 
vn 1 0 -1.7074e-16 
vn -1 0 0 
vn 0 -1 0 
vn 1 0 -2.12595e-16 
vn 2.12595e-16 0 1 
vn 0 -1 0 
vn 0 0 -1 
vn 0.994138 0 -0.108119 
vn 1 0 -1.83697e-16 
vn 0.976621 0 -0.21497 
vn 0.994138 0 -0.108119 
vn 0.947653 0 -0.319302 
vn 0.976621 0 -0.21497 
vn 0.907575 0 -0.419889 
vn 0.947653 0 -0.319302 
vn 0.856857 0 -0.515554 
vn 0.907575 0 -0.419889 
vn 0.796093 0 -0.605174 
vn 0.856857 0 -0.515554 
vn 0.725995 0 -0.687699 
vn 0.796093 0 -0.605174 
vn 0.647386 0 -0.762162 
vn 0.725995 0 -0.687699 
vn 0.561187 0 -0.827689 
vn 0.647386 0 -0.762162 
vn 0.468408 0 -0.883512 
vn 0.561187 0 -0.827689 
vn 0.370138 0 -0.928977 
vn 0.468408 0 -0.883512 
vn 0.267528 0 -0.96355 
vn 0.370138 0 -0.928977 
vn 0.161782 0 -0.986827 
vn 0.267528 0 -0.96355 
vn 0.0541389 0 -0.998533 
vn 0.161782 0 -0.986827 
vn -0.0541389 0 -0.998533 
vn 0.0541389 0 -0.998533 
vn -0.161782 0 -0.986827 
vn -0.0541389 0 -0.998533 
vn -0.267528 0 -0.96355 
vn -0.161782 0 -0.986827 
vn -0.370138 0 -0.928977 
vn -0.267528 0 -0.96355 
vn -0.468408 0 -0.883512 
vn -0.370138 0 -0.928977 
vn -0.561187 0 -0.827689 
vn -0.468408 0 -0.883512 
vn -0.647386 0 -0.762162 
vn -0.561187 0 -0.827689 
vn -0.725995 0 -0.687699 
vn -0.647386 0 -0.762162 
vn -0.796093 0 -0.605174 
vn -0.725995 0 -0.687699 
vn -0.856857 0 -0.515554 
vn -0.796093 0 -0.605174 
vn -0.907575 0 -0.419889 
vn -0.856857 0 -0.515554 
vn -0.947653 0 -0.319302 
vn -0.907575 0 -0.419889 
vn -0.976621 0 -0.21497 
vn -0.947653 0 -0.319302 
vn -0.994138 0 -0.108119 
vn -0.976621 0 -0.21497 
vn -1 0 6.12323e-17 
vn -0.994138 0 -0.108119 
vn 0 -1 0 
vn 0.108119 0 0.994138 
vn 2.44929e-16 0 1 
vn 0.21497 0 0.976621 
vn 0.108119 0 0.994138 
vn 0.319302 0 0.947653 
vn 0.21497 0 0.976621 
vn 0.419889 0 0.907575 
vn 0.319302 0 0.947653 
vn 0.515554 0 0.856857 
vn 0.419889 0 0.907575 
vn 0.605174 0 0.796093 
vn 0.515554 0 0.856857 
vn 0.687699 0 0.725995 
vn 0.605174 0 0.796093 
vn 0.762162 0 0.647386 
vn 0.687699 0 0.725995 
vn 0.827689 0 0.561187 
vn 0.762162 0 0.647386 
vn 0.883512 0 0.468408 
vn 0.827689 0 0.561187 
vn 0.928977 0 0.370138 
vn 0.883512 0 0.468408 
vn 0.96355 0 0.267528 
vn 0.928977 0 0.370138 
vn 0.986827 0 0.161782 
vn 0.96355 0 0.267528 
vn 0.998533 0 0.0541389 
vn 0.986827 0 0.161782 
vn 0.998533 0 -0.0541389 
vn 0.998533 0 0.0541389 
vn 0.986827 0 -0.161782 
vn 0.998533 0 -0.0541389 
vn 0.96355 0 -0.267528 
vn 0.986827 0 -0.161782 
vn 0.928977 0 -0.370138 
vn 0.96355 0 -0.267528 
vn 0.883512 0 -0.468408 
vn 0.928977 0 -0.370138 
vn 0.827689 0 -0.561187 
vn 0.883512 0 -0.468408 
vn 0.762162 0 -0.647386 
vn 0.827689 0 -0.561187 
vn 0.687699 0 -0.725995 
vn 0.762162 0 -0.647386 
vn 0.605174 0 -0.796093 
vn 0.687699 0 -0.725995 
vn 0.515554 0 -0.856857 
vn 0.605174 0 -0.796093 
vn 0.419889 0 -0.907575 
vn 0.515554 0 -0.856857 
vn 0.319302 0 -0.947653 
vn 0.419889 0 -0.907575 
vn 0.21497 0 -0.976621 
vn 0.319302 0 -0.947653 
vn 0.108119 0 -0.994138 
vn 0.21497 0 -0.976621 
vn -1.22465e-16 0 -1 
vn 0.108119 0 -0.994138 
vn -0.108119 0 -0.994138 
vn -1.22465e-16 0 -1 
vn -0.21497 0 -0.976621 
vn -0.108119 0 -0.994138 
vn -0.319302 0 -0.947653 
vn -0.21497 0 -0.976621 
vn -0.419889 0 -0.907575 
vn -0.319302 0 -0.947653 
vn -0.515554 0 -0.856857 
vn -0.419889 0 -0.907575 
vn -0.605174 0 -0.796093 
vn -0.515554 0 -0.856857 
vn -0.687699 0 -0.725995 
vn -0.605174 0 -0.796093 
vn -0.762162 0 -0.647386 
vn -0.687699 0 -0.725995 
vn -0.827689 0 -0.561187 
vn -0.762162 0 -0.647386 
vn -0.883512 0 -0.468408 
vn -0.827689 0 -0.561187 
vn -0.928977 0 -0.370138 
vn -0.883512 0 -0.468408 
vn -0.96355 0 -0.267528 
vn -0.928977 0 -0.370138 
vn -0.986827 0 -0.161782 
vn -0.96355 0 -0.267528 
vn -0.998533 0 -0.0541389 
vn -0.986827 0 -0.161782 
vn -0.998533 0 0.0541389 
vn -0.998533 0 -0.0541389 
vn -0.986827 0 0.161782 
vn -0.998533 0 0.0541389 
vn -0.96355 0 0.267528 
vn -0.986827 0 0.161782 
vn -0.928977 0 0.370138 
vn -0.96355 0 0.267528 
vn -0.883512 0 0.468408 
vn -0.928977 0 0.370138 
vn -0.827689 0 0.561187 
vn -0.883512 0 0.468408 
vn -0.762162 0 0.647386 
vn -0.827689 0 0.561187 
vn -0.687699 0 0.725995 
vn -0.762162 0 0.647386 
vn -0.605174 0 0.796093 
vn -0.687699 0 0.725995 
vn -0.515554 0 0.856857 
vn -0.605174 0 0.796093 
vn -0.419889 0 0.907575 
vn -0.515554 0 0.856857 
vn -0.319302 0 0.947653 
vn -0.419889 0 0.907575 
vn -0.21497 0 0.976621 
vn -0.319302 0 0.947653 
vn -0.108119 0 0.994138 
vn -0.21497 0 0.976621 
vn 0 -1 0 
vn 0 1 0 
vn 0.108119 0 -0.994138 
vn 2.44929e-16 0 -1 
vn 0.21497 0 -0.976621 
vn 0.108119 0 -0.994138 
vn 0.319302 0 -0.947653 
vn 0.21497 0 -0.976621 
vn 0.419889 0 -0.907575 
vn 0.319302 0 -0.947653 
vn 0.515554 0 -0.856857 
vn 0.419889 0 -0.907575 
vn 0.605174 0 -0.796093 
vn 0.515554 0 -0.856857 
vn 0.687699 0 -0.725995 
vn 0.605174 0 -0.796093 
vn 0.762162 0 -0.647386 
vn 0.687699 0 -0.725995 
vn 0.827689 0 -0.561187 
vn 0.762162 0 -0.647386 
vn 0.883512 0 -0.468408 
vn 0.827689 0 -0.561187 
vn 0.928977 0 -0.370138 
vn 0.883512 0 -0.468408 
vn 0.96355 0 -0.267528 
vn 0.928977 0 -0.370138 
vn 0.986827 0 -0.161782 
vn 0.96355 0 -0.267528 
vn 0.998533 0 -0.0541389 
vn 0.986827 0 -0.161782 
vn 0.998533 0 0.0541389 
vn 0.998533 0 -0.0541389 
vn 0.986827 0 0.161782 
vn 0.998533 0 0.0541389 
vn 0.96355 0 0.267528 
vn 0.986827 0 0.161782 
vn 0.928977 0 0.370138 
vn 0.96355 0 0.267528 
vn 0.883512 0 0.468408 
vn 0.928977 0 0.370138 
vn 0.827689 0 0.561187 
vn 0.883512 0 0.468408 
vn 0.762162 0 0.647386 
vn 0.827689 0 0.561187 
vn 0.687699 0 0.725995 
vn 0.762162 0 0.647386 
vn 0.605174 0 0.796093 
vn 0.687699 0 0.725995 
vn 0.515554 0 0.856857 
vn 0.605174 0 0.796093 
vn 0.419889 0 0.907575 
vn 0.515554 0 0.856857 
vn 0.319302 0 0.947653 
vn 0.419889 0 0.907575 
vn 0.21497 0 0.976621 
vn 0.319302 0 0.947653 
vn 0.108119 0 0.994138 
vn 0.21497 0 0.976621 
vn -1.22465e-16 0 1 
vn 0.108119 0 0.994138 
vn -0.108119 0 0.994138 
vn -1.22465e-16 0 1 
vn -0.21497 0 0.976621 
vn -0.108119 0 0.994138 
vn -0.319302 0 0.947653 
vn -0.21497 0 0.976621 
vn -0.419889 0 0.907575 
vn -0.319302 0 0.947653 
vn -0.515554 0 0.856857 
vn -0.419889 0 0.907575 
vn -0.605174 0 0.796093 
vn -0.515554 0 0.856857 
vn -0.687699 0 0.725995 
vn -0.605174 0 0.796093 
vn -0.762162 0 0.647386 
vn -0.687699 0 0.725995 
vn -0.827689 0 0.561187 
vn -0.762162 0 0.647386 
vn -0.883512 0 0.468408 
vn -0.827689 0 0.561187 
vn -0.928977 0 0.370138 
vn -0.883512 0 0.468408 
vn -0.96355 0 0.267528 
vn -0.928977 0 0.370138 
vn -0.986827 0 0.161782 
vn -0.96355 0 0.267528 
vn -0.998533 0 0.0541389 
vn -0.986827 0 0.161782 
vn -0.998533 0 -0.0541389 
vn -0.998533 0 0.0541389 
vn -0.986827 0 -0.161782 
vn -0.998533 0 -0.0541389 
vn -0.96355 0 -0.267528 
vn -0.986827 0 -0.161782 
vn -0.928977 0 -0.370138 
vn -0.96355 0 -0.267528 
vn -0.883512 0 -0.468408 
vn -0.928977 0 -0.370138 
vn -0.827689 0 -0.561187 
vn -0.883512 0 -0.468408 
vn -0.762162 0 -0.647386 
vn -0.827689 0 -0.561187 
vn -0.687699 0 -0.725995 
vn -0.762162 0 -0.647386 
vn -0.605174 0 -0.796093 
vn -0.687699 0 -0.725995 
vn -0.515554 0 -0.856857 
vn -0.605174 0 -0.796093 
vn -0.419889 0 -0.907575 
vn -0.515554 0 -0.856857 
vn -0.319302 0 -0.947653 
vn -0.419889 0 -0.907575 
vn -0.21497 0 -0.976621 
vn -0.319302 0 -0.947653 
vn -0.108119 0 -0.994138 
vn -0.21497 0 -0.976621 
vn 0.108119 0 -0.994138 
vn 2.44929e-16 0 -1 
vn 0.21497 0 -0.976621 
vn 0.108119 0 -0.994138 
vn 0.319302 0 -0.947653 
vn 0.21497 0 -0.976621 
vn 0.419889 0 -0.907575 
vn 0.319302 0 -0.947653 
vn 0.515554 0 -0.856857 
vn 0.419889 0 -0.907575 
vn 0.605174 0 -0.796093 
vn 0.515554 0 -0.856857 
vn 0.687699 0 -0.725995 
vn 0.605174 0 -0.796093 
vn 0.762162 0 -0.647386 
vn 0.687699 0 -0.725995 
vn 0.827689 0 -0.561187 
vn 0.762162 0 -0.647386 
vn 0.883512 0 -0.468408 
vn 0.827689 0 -0.561187 
vn 0.928977 0 -0.370138 
vn 0.883512 0 -0.468408 
vn 0.96355 0 -0.267528 
vn 0.928977 0 -0.370138 
vn 0.986827 0 -0.161782 
vn 0.96355 0 -0.267528 
vn 0.998533 0 -0.0541389 
vn 0.986827 0 -0.161782 
vn 0.998533 0 0.0541389 
vn 0.998533 0 -0.0541389 
vn 0.986827 0 0.161782 
vn 0.998533 0 0.0541389 
vn 0.96355 0 0.267528 
vn 0.986827 0 0.161782 
vn 0.928977 0 0.370138 
vn 0.96355 0 0.267528 
vn 0.883512 0 0.468408 
vn 0.928977 0 0.370138 
vn 0.827689 0 0.561187 
vn 0.883512 0 0.468408 
vn 0.762162 0 0.647386 
vn 0.827689 0 0.561187 
vn 0.687699 0 0.725995 
vn 0.762162 0 0.647386 
vn 0.605174 0 0.796093 
vn 0.687699 0 0.725995 
vn 0.515554 0 0.856857 
vn 0.605174 0 0.796093 
vn 0.419889 0 0.907575 
vn 0.515554 0 0.856857 
vn 0.319302 0 0.947653 
vn 0.419889 0 0.907575 
vn 0.21497 0 0.976621 
vn 0.319302 0 0.947653 
vn 0.108119 0 0.994138 
vn 0.21497 0 0.976621 
vn -1.22465e-16 0 1 
vn 0.108119 0 0.994138 
vn -0.108119 0 0.994138 
vn -1.22465e-16 0 1 
vn -0.21497 0 0.976621 
vn -0.108119 0 0.994138 
vn -0.319302 0 0.947653 
vn -0.21497 0 0.976621 
vn -0.419889 0 0.907575 
vn -0.319302 0 0.947653 
vn -0.515554 0 0.856857 
vn -0.419889 0 0.907575 
vn -0.605174 0 0.796093 
vn -0.515554 0 0.856857 
vn -0.687699 0 0.725995 
vn -0.605174 0 0.796093 
vn -0.762162 0 0.647386 
vn -0.687699 0 0.725995 
vn -0.827689 0 0.561187 
vn -0.762162 0 0.647386 
vn -0.883512 0 0.468408 
vn -0.827689 0 0.561187 
vn -0.928977 0 0.370138 
vn -0.883512 0 0.468408 
vn -0.96355 0 0.267528 
vn -0.928977 0 0.370138 
vn -0.986827 0 0.161782 
vn -0.96355 0 0.267528 
vn -0.998533 0 0.0541389 
vn -0.986827 0 0.161782 
vn -0.998533 0 -0.0541389 
vn -0.998533 0 0.0541389 
vn -0.986827 0 -0.161782 
vn -0.998533 0 -0.0541389 
vn -0.96355 0 -0.267528 
vn -0.986827 0 -0.161782 
vn -0.928977 0 -0.370138 
vn -0.96355 0 -0.267528 
vn -0.883512 0 -0.468408 
vn -0.928977 0 -0.370138 
vn -0.827689 0 -0.561187 
vn -0.883512 0 -0.468408 
vn -0.762162 0 -0.647386 
vn -0.827689 0 -0.561187 
vn -0.687699 0 -0.725995 
vn -0.762162 0 -0.647386 
vn -0.605174 0 -0.796093 
vn -0.687699 0 -0.725995 
vn -0.515554 0 -0.856857 
vn -0.605174 0 -0.796093 
vn -0.419889 0 -0.907575 
vn -0.515554 0 -0.856857 
vn -0.319302 0 -0.947653 
vn -0.419889 0 -0.907575 
vn -0.21497 0 -0.976621 
vn -0.319302 0 -0.947653 
vn -0.108119 0 -0.994138 
vn -0.21497 0 -0.976621 
vn 0.108119 0 -0.994138 
vn 2.44929e-16 0 -1 
vn 0.21497 0 -0.976621 
vn 0.108119 0 -0.994138 
vn 0.319302 0 -0.947653 
vn 0.21497 0 -0.976621 
vn 0.419889 0 -0.907575 
vn 0.319302 0 -0.947653 
vn 0.515554 0 -0.856857 
vn 0.419889 0 -0.907575 
vn 0.605174 0 -0.796093 
vn 0.515554 0 -0.856857 
vn 0.687699 0 -0.725995 
vn 0.605174 0 -0.796093 
vn 0.762162 0 -0.647386 
vn 0.687699 0 -0.725995 
vn 0.827689 0 -0.561187 
vn 0.762162 0 -0.647386 
vn 0.883512 0 -0.468408 
vn 0.827689 0 -0.561187 
vn 0.928977 0 -0.370138 
vn 0.883512 0 -0.468408 
vn 0.96355 0 -0.267528 
vn 0.928977 0 -0.370138 
vn 0.986827 0 -0.161782 
vn 0.96355 0 -0.267528 
vn 0.998533 0 -0.0541389 
vn 0.986827 0 -0.161782 
vn 0.998533 0 0.0541389 
vn 0.998533 0 -0.0541389 
vn 0.986827 0 0.161782 
vn 0.998533 0 0.0541389 
vn 0.96355 0 0.267528 
vn 0.986827 0 0.161782 
vn 0.928977 0 0.370138 
vn 0.96355 0 0.267528 
vn 0.883512 0 0.468408 
vn 0.928977 0 0.370138 
vn 0.827689 0 0.561187 
vn 0.883512 0 0.468408 
vn 0.762162 0 0.647386 
vn 0.827689 0 0.561187 
vn 0.687699 0 0.725995 
vn 0.762162 0 0.647386 
vn 0.605174 0 0.796093 
vn 0.687699 0 0.725995 
vn 0.515554 0 0.856857 
vn 0.605174 0 0.796093 
vn 0.419889 0 0.907575 
vn 0.515554 0 0.856857 
vn 0.319302 0 0.947653 
vn 0.419889 0 0.907575 
vn 0.21497 0 0.976621 
vn 0.319302 0 0.947653 
vn 0.108119 0 0.994138 
vn 0.21497 0 0.976621 
vn -1.22465e-16 0 1 
vn 0.108119 0 0.994138 
vn -0.108119 0 0.994138 
vn -1.22465e-16 0 1 
vn -0.21497 0 0.976621 
vn -0.108119 0 0.994138 
vn -0.319302 0 0.947653 
vn -0.21497 0 0.976621 
vn -0.419889 0 0.907575 
vn -0.319302 0 0.947653 
vn -0.515554 0 0.856857 
vn -0.419889 0 0.907575 
vn -0.605174 0 0.796093 
vn -0.515554 0 0.856857 
vn -0.687699 0 0.725995 
vn -0.605174 0 0.796093 
vn -0.762162 0 0.647386 
vn -0.687699 0 0.725995 
vn -0.827689 0 0.561187 
vn -0.762162 0 0.647386 
vn -0.883512 0 0.468408 
vn -0.827689 0 0.561187 
vn -0.928977 0 0.370138 
vn -0.883512 0 0.468408 
vn -0.96355 0 0.267528 
vn -0.928977 0 0.370138 
vn -0.986827 0 0.161782 
vn -0.96355 0 0.267528 
vn -0.998533 0 0.0541389 
vn -0.986827 0 0.161782 
vn -0.998533 0 -0.0541389 
vn -0.998533 0 0.0541389 
vn -0.986827 0 -0.161782 
vn -0.998533 0 -0.0541389 
vn -0.96355 0 -0.267528 
vn -0.986827 0 -0.161782 
vn -0.928977 0 -0.370138 
vn -0.96355 0 -0.267528 
vn -0.883512 0 -0.468408 
vn -0.928977 0 -0.370138 
vn -0.827689 0 -0.561187 
vn -0.883512 0 -0.468408 
vn -0.762162 0 -0.647386 
vn -0.827689 0 -0.561187 
vn -0.687699 0 -0.725995 
vn -0.762162 0 -0.647386 
vn -0.605174 0 -0.796093 
vn -0.687699 0 -0.725995 
vn -0.515554 0 -0.856857 
vn -0.605174 0 -0.796093 
vn -0.419889 0 -0.907575 
vn -0.515554 0 -0.856857 
vn -0.319302 0 -0.947653 
vn -0.419889 0 -0.907575 
vn -0.21497 0 -0.976621 
vn -0.319302 0 -0.947653 
vn -0.108119 0 -0.994138 
vn -0.21497 0 -0.976621 
vn 0 -1 0 
vn 0.108119 0 0.994138 
vn 2.44929e-16 0 1 
vn 0.21497 0 0.976621 
vn 0.108119 0 0.994138 
vn 0.319302 0 0.947653 
vn 0.21497 0 0.976621 
vn 0.419889 0 0.907575 
vn 0.319302 0 0.947653 
vn 0.515554 0 0.856857 
vn 0.419889 0 0.907575 
vn 0.605174 0 0.796093 
vn 0.515554 0 0.856857 
vn 0.687699 0 0.725995 
vn 0.605174 0 0.796093 
vn 0.762162 0 0.647386 
vn 0.687699 0 0.725995 
vn 0.827689 0 0.561187 
vn 0.762162 0 0.647386 
vn 0.883512 0 0.468408 
vn 0.827689 0 0.561187 
vn 0.928977 0 0.370138 
vn 0.883512 0 0.468408 
vn 0.96355 0 0.267528 
vn 0.928977 0 0.370138 
vn 0.986827 0 0.161782 
vn 0.96355 0 0.267528 
vn 0.998533 0 0.0541389 
vn 0.986827 0 0.161782 
vn 0.998533 0 -0.0541389 
vn 0.998533 0 0.0541389 
vn 0.986827 0 -0.161782 
vn 0.998533 0 -0.0541389 
vn 0.96355 0 -0.267528 
vn 0.986827 0 -0.161782 
vn 0.928977 0 -0.370138 
vn 0.96355 0 -0.267528 
vn 0.883512 0 -0.468408 
vn 0.928977 0 -0.370138 
vn 0.827689 0 -0.561187 
vn 0.883512 0 -0.468408 
vn 0.762162 0 -0.647386 
vn 0.827689 0 -0.561187 
vn 0.687699 0 -0.725995 
vn 0.762162 0 -0.647386 
vn 0.605174 0 -0.796093 
vn 0.687699 0 -0.725995 
vn 0.515554 0 -0.856857 
vn 0.605174 0 -0.796093 
vn 0.419889 0 -0.907575 
vn 0.515554 0 -0.856857 
vn 0.319302 0 -0.947653 
vn 0.419889 0 -0.907575 
vn 0.21497 0 -0.976621 
vn 0.319302 0 -0.947653 
vn 0.108119 0 -0.994138 
vn 0.21497 0 -0.976621 
vn 3.21625e-16 0 -1 
vn 0.108119 0 -0.994138 
vn -0.108119 0 -0.994138 
vn 3.21625e-16 0 -1 
vn -0.21497 0 -0.976621 
vn -0.108119 0 -0.994138 
vn -0.319302 0 -0.947653 
vn -0.21497 0 -0.976621 
vn -0.419889 0 -0.907575 
vn -0.319302 0 -0.947653 
vn -0.515554 0 -0.856857 
vn -0.419889 0 -0.907575 
vn -0.605174 0 -0.796093 
vn -0.515554 0 -0.856857 
vn -0.687699 0 -0.725995 
vn -0.605174 0 -0.796093 
vn -0.762162 0 -0.647386 
vn -0.687699 0 -0.725995 
vn -0.827689 0 -0.561187 
vn -0.762162 0 -0.647386 
vn -0.883512 0 -0.468408 
vn -0.827689 0 -0.561187 
vn -0.928977 0 -0.370138 
vn -0.883512 0 -0.468408 
vn -0.96355 0 -0.267528 
vn -0.928977 0 -0.370138 
vn -0.986827 0 -0.161782 
vn -0.96355 0 -0.267528 
vn -0.998533 0 -0.0541389 
vn -0.986827 0 -0.161782 
vn -0.998533 0 0.0541389 
vn -0.998533 0 -0.0541389 
vn -0.986827 0 0.161782 
vn -0.998533 0 0.0541389 
vn -0.96355 0 0.267528 
vn -0.986827 0 0.161782 
vn -0.928977 0 0.370138 
vn -0.96355 0 0.267528 
vn -0.883512 0 0.468408 
vn -0.928977 0 0.370138 
vn -0.827689 0 0.561187 
vn -0.883512 0 0.468408 
vn -0.762162 0 0.647386 
vn -0.827689 0 0.561187 
vn -0.687699 0 0.725995 
vn -0.762162 0 0.647386 
vn -0.605174 0 0.796093 
vn -0.687699 0 0.725995 
vn -0.515554 0 0.856857 
vn -0.605174 0 0.796093 
vn -0.419889 0 0.907575 
vn -0.515554 0 0.856857 
vn -0.319302 0 0.947653 
vn -0.419889 0 0.907575 
vn -0.21497 0 0.976621 
vn -0.319302 0 0.947653 
vn -0.108119 0 0.994138 
vn -0.21497 0 0.976621 
vn 0 -1 0 
vn 0.108119 0 0.994138 
vn 2.44929e-16 0 1 
vn 0.21497 0 0.976621 
vn 0.108119 0 0.994138 
vn 0.319302 0 0.947653 
vn 0.21497 0 0.976621 
vn 0.419889 0 0.907575 
vn 0.319302 0 0.947653 
vn 0.515554 0 0.856857 
vn 0.419889 0 0.907575 
vn 0.605174 0 0.796093 
vn 0.515554 0 0.856857 
vn 0.687699 0 0.725995 
vn 0.605174 0 0.796093 
vn 0.762162 0 0.647386 
vn 0.687699 0 0.725995 
vn 0.827689 0 0.561187 
vn 0.762162 0 0.647386 
vn 0.883512 0 0.468408 
vn 0.827689 0 0.561187 
vn 0.928977 0 0.370138 
vn 0.883512 0 0.468408 
vn 0.96355 0 0.267528 
vn 0.928977 0 0.370138 
vn 0.986827 0 0.161782 
vn 0.96355 0 0.267528 
vn 0.998533 0 0.0541389 
vn 0.986827 0 0.161782 
vn 0.998533 0 -0.0541389 
vn 0.998533 0 0.0541389 
vn 0.986827 0 -0.161782 
vn 0.998533 0 -0.0541389 
vn 0.96355 0 -0.267528 
vn 0.986827 0 -0.161782 
vn 0.928977 0 -0.370138 
vn 0.96355 0 -0.267528 
vn 0.883512 0 -0.468408 
vn 0.928977 0 -0.370138 
vn 0.827689 0 -0.561187 
vn 0.883512 0 -0.468408 
vn 0.762162 0 -0.647386 
vn 0.827689 0 -0.561187 
vn 0.687699 0 -0.725995 
vn 0.762162 0 -0.647386 
vn 0.605174 0 -0.796093 
vn 0.687699 0 -0.725995 
vn 0.515554 0 -0.856857 
vn 0.605174 0 -0.796093 
vn 0.419889 0 -0.907575 
vn 0.515554 0 -0.856857 
vn 0.319302 0 -0.947653 
vn 0.419889 0 -0.907575 
vn 0.21497 0 -0.976621 
vn 0.319302 0 -0.947653 
vn 0.108119 0 -0.994138 
vn 0.21497 0 -0.976621 
vn 3.21625e-16 0 -1 
vn 0.108119 0 -0.994138 
vn -0.108119 0 -0.994138 
vn 3.21625e-16 0 -1 
vn -0.21497 0 -0.976621 
vn -0.108119 0 -0.994138 
vn -0.319302 0 -0.947653 
vn -0.21497 0 -0.976621 
vn -0.419889 0 -0.907575 
vn -0.319302 0 -0.947653 
vn -0.515554 0 -0.856857 
vn -0.419889 0 -0.907575 
vn -0.605174 0 -0.796093 
vn -0.515554 0 -0.856857 
vn -0.687699 0 -0.725995 
vn -0.605174 0 -0.796093 
vn -0.762162 0 -0.647386 
vn -0.687699 0 -0.725995 
vn -0.827689 0 -0.561187 
vn -0.762162 0 -0.647386 
vn -0.883512 0 -0.468408 
vn -0.827689 0 -0.561187 
vn -0.928977 0 -0.370138 
vn -0.883512 0 -0.468408 
vn -0.96355 0 -0.267528 
vn -0.928977 0 -0.370138 
vn -0.986827 0 -0.161782 
vn -0.96355 0 -0.267528 
vn -0.998533 0 -0.0541389 
vn -0.986827 0 -0.161782 
vn -0.998533 0 0.0541389 
vn -0.998533 0 -0.0541389 
vn -0.986827 0 0.161782 
vn -0.998533 0 0.0541389 
vn -0.96355 0 0.267528 
vn -0.986827 0 0.161782 
vn -0.928977 0 0.370138 
vn -0.96355 0 0.267528 
vn -0.883512 0 0.468408 
vn -0.928977 0 0.370138 
vn -0.827689 0 0.561187 
vn -0.883512 0 0.468408 
vn -0.762162 0 0.647386 
vn -0.827689 0 0.561187 
vn -0.687699 0 0.725995 
vn -0.762162 0 0.647386 
vn -0.605174 0 0.796093 
vn -0.687699 0 0.725995 
vn -0.515554 0 0.856857 
vn -0.605174 0 0.796093 
vn -0.419889 0 0.907575 
vn -0.515554 0 0.856857 
vn -0.319302 0 0.947653 
vn -0.419889 0 0.907575 
vn -0.21497 0 0.976621 
vn -0.319302 0 0.947653 
vn -0.108119 0 0.994138 
vn -0.21497 0 0.976621 
vn -1.7074e-16 0 -1 
vn 0 -1 0 
vn 0 0 1 
vn -1 0 0 
vn 1 0 0 
vn 0 -1 0 
vn 0 0 1 
vn 0 0.707107 0.707107 
vn -1 0 0 
vn 1 0 0 
vn 0 0 -1 
vn 0 -1 0 
vn 1 0 0 
vn -1 0 0 
vn 0 -1 0 
vn 0 0 1 
vn 1 0 0 
vn 0 -1 0 
vn 0.108119 0 0.994138 
vn 2.44929e-16 0 1 
vn 0.21497 0 0.976621 
vn 0.108119 0 0.994138 
vn 0.319302 0 0.947653 
vn 0.21497 0 0.976621 
vn 0.419889 0 0.907575 
vn 0.319302 0 0.947653 
vn 0.515554 0 0.856857 
vn 0.419889 0 0.907575 
vn 0.605174 0 0.796093 
vn 0.515554 0 0.856857 
vn 0.687699 0 0.725995 
vn 0.605174 0 0.796093 
vn 0.762162 0 0.647386 
vn 0.687699 0 0.725995 
vn 0.827689 0 0.561187 
vn 0.762162 0 0.647386 
vn 0.883512 0 0.468408 
vn 0.827689 0 0.561187 
vn 0.928977 0 0.370138 
vn 0.883512 0 0.468408 
vn 0.96355 0 0.267528 
vn 0.928977 0 0.370138 
vn 0.986827 0 0.161782 
vn 0.96355 0 0.267528 
vn 0.998533 0 0.0541389 
vn 0.986827 0 0.161782 
vn 0.998533 0 -0.0541389 
vn 0.998533 0 0.0541389 
vn 0.986827 0 -0.161782 
vn 0.998533 0 -0.0541389 
vn 0.96355 0 -0.267528 
vn 0.986827 0 -0.161782 
vn 0.928977 0 -0.370138 
vn 0.96355 0 -0.267528 
vn 0.883512 0 -0.468408 
vn 0.928977 0 -0.370138 
vn 0.827689 0 -0.561187 
vn 0.883512 0 -0.468408 
vn 0.762162 0 -0.647386 
vn 0.827689 0 -0.561187 
vn 0.687699 0 -0.725995 
vn 0.762162 0 -0.647386 
vn 0.605174 0 -0.796093 
vn 0.687699 0 -0.725995 
vn 0.515554 0 -0.856857 
vn 0.605174 0 -0.796093 
vn 0.419889 0 -0.907575 
vn 0.515554 0 -0.856857 
vn 0.319302 0 -0.947653 
vn 0.419889 0 -0.907575 
vn 0.21497 0 -0.976621 
vn 0.319302 0 -0.947653 
vn 0.108119 0 -0.994138 
vn 0.21497 0 -0.976621 
vn -1.22465e-16 0 -1 
vn 0.108119 0 -0.994138 
vn -0.108119 0 -0.994138 
vn -1.22465e-16 0 -1 
vn -0.21497 0 -0.976621 
vn -0.108119 0 -0.994138 
vn -0.319302 0 -0.947653 
vn -0.21497 0 -0.976621 
vn -0.419889 0 -0.907575 
vn -0.319302 0 -0.947653 
vn -0.515554 0 -0.856857 
vn -0.419889 0 -0.907575 
vn -0.605174 0 -0.796093 
vn -0.515554 0 -0.856857 
vn -0.687699 0 -0.725995 
vn -0.605174 0 -0.796093 
vn -0.762162 0 -0.647386 
vn -0.687699 0 -0.725995 
vn -0.827689 0 -0.561187 
vn -0.762162 0 -0.647386 
vn -0.883512 0 -0.468408 
vn -0.827689 0 -0.561187 
vn -0.928977 0 -0.370138 
vn -0.883512 0 -0.468408 
vn -0.96355 0 -0.267528 
vn -0.928977 0 -0.370138 
vn -0.986827 0 -0.161782 
vn -0.96355 0 -0.267528 
vn -0.998533 0 -0.0541389 
vn -0.986827 0 -0.161782 
vn -0.998533 0 0.0541389 
vn -0.998533 0 -0.0541389 
vn -0.986827 0 0.161782 
vn -0.998533 0 0.0541389 
vn -0.96355 0 0.267528 
vn -0.986827 0 0.161782 
vn -0.928977 0 0.370138 
vn -0.96355 0 0.267528 
vn -0.883512 0 0.468408 
vn -0.928977 0 0.370138 
vn -0.827689 0 0.561187 
vn -0.883512 0 0.468408 
vn -0.762162 0 0.647386 
vn -0.827689 0 0.561187 
vn -0.687699 0 0.725995 
vn -0.762162 0 0.647386 
vn -0.605174 0 0.796093 
vn -0.687699 0 0.725995 
vn -0.515554 0 0.856857 
vn -0.605174 0 0.796093 
vn -0.419889 0 0.907575 
vn -0.515554 0 0.856857 
vn -0.319302 0 0.947653 
vn -0.419889 0 0.907575 
vn -0.21497 0 0.976621 
vn -0.319302 0 0.947653 
vn -0.108119 0 0.994138 
vn -0.21497 0 0.976621 
vn 0 -1 0 
vn 0.108119 0 0.994138 
vn 2.44929e-16 0 1 
vn 0.21497 0 0.976621 
vn 0.108119 0 0.994138 
vn 0.319302 0 0.947653 
vn 0.21497 0 0.976621 
vn 0.419889 0 0.907575 
vn 0.319302 0 0.947653 
vn 0.515554 0 0.856857 
vn 0.419889 0 0.907575 
vn 0.605174 0 0.796093 
vn 0.515554 0 0.856857 
vn 0.687699 0 0.725995 
vn 0.605174 0 0.796093 
vn 0.762162 0 0.647386 
vn 0.687699 0 0.725995 
vn 0.827689 0 0.561187 
vn 0.762162 0 0.647386 
vn 0.883512 0 0.468408 
vn 0.827689 0 0.561187 
vn 0.928977 0 0.370138 
vn 0.883512 0 0.468408 
vn 0.96355 0 0.267528 
vn 0.928977 0 0.370138 
vn 0.986827 0 0.161782 
vn 0.96355 0 0.267528 
vn 0.998533 0 0.0541389 
vn 0.986827 0 0.161782 
vn 0.998533 0 -0.0541389 
vn 0.998533 0 0.0541389 
vn 0.986827 0 -0.161782 
vn 0.998533 0 -0.0541389 
vn 0.96355 0 -0.267528 
vn 0.986827 0 -0.161782 
vn 0.928977 0 -0.370138 
vn 0.96355 0 -0.267528 
vn 0.883512 0 -0.468408 
vn 0.928977 0 -0.370138 
vn 0.827689 0 -0.561187 
vn 0.883512 0 -0.468408 
vn 0.762162 0 -0.647386 
vn 0.827689 0 -0.561187 
vn 0.687699 0 -0.725995 
vn 0.762162 0 -0.647386 
vn 0.605174 0 -0.796093 
vn 0.687699 0 -0.725995 
vn 0.515554 0 -0.856857 
vn 0.605174 0 -0.796093 
vn 0.419889 0 -0.907575 
vn 0.515554 0 -0.856857 
vn 0.319302 0 -0.947653 
vn 0.419889 0 -0.907575 
vn 0.21497 0 -0.976621 
vn 0.319302 0 -0.947653 
vn 0.108119 0 -0.994138 
vn 0.21497 0 -0.976621 
vn -1.22465e-16 0 -1 
vn 0.108119 0 -0.994138 
vn -0.108119 0 -0.994138 
vn -1.22465e-16 0 -1 
vn -0.21497 0 -0.976621 
vn -0.108119 0 -0.994138 
vn -0.319302 0 -0.947653 
vn -0.21497 0 -0.976621 
vn -0.419889 0 -0.907575 
vn -0.319302 0 -0.947653 
vn -0.515554 0 -0.856857 
vn -0.419889 0 -0.907575 
vn -0.605174 0 -0.796093 
vn -0.515554 0 -0.856857 
vn -0.687699 0 -0.725995 
vn -0.605174 0 -0.796093 
vn -0.762162 0 -0.647386 
vn -0.687699 0 -0.725995 
vn -0.827689 0 -0.561187 
vn -0.762162 0 -0.647386 
vn -0.883512 0 -0.468408 
vn -0.827689 0 -0.561187 
vn -0.928977 0 -0.370138 
vn -0.883512 0 -0.468408 
vn -0.96355 0 -0.267528 
vn -0.928977 0 -0.370138 
vn -0.986827 0 -0.161782 
vn -0.96355 0 -0.267528 
vn -0.998533 0 -0.0541389 
vn -0.986827 0 -0.161782 
vn -0.998533 0 0.0541389 
vn -0.998533 0 -0.0541389 
vn -0.986827 0 0.161782 
vn -0.998533 0 0.0541389 
vn -0.96355 0 0.267528 
vn -0.986827 0 0.161782 
vn -0.928977 0 0.370138 
vn -0.96355 0 0.267528 
vn -0.883512 0 0.468408 
vn -0.928977 0 0.370138 
vn -0.827689 0 0.561187 
vn -0.883512 0 0.468408 
vn -0.762162 0 0.647386 
vn -0.827689 0 0.561187 
vn -0.687699 0 0.725995 
vn -0.762162 0 0.647386 
vn -0.605174 0 0.796093 
vn -0.687699 0 0.725995 
vn -0.515554 0 0.856857 
vn -0.605174 0 0.796093 
vn -0.419889 0 0.907575 
vn -0.515554 0 0.856857 
vn -0.319302 0 0.947653 
vn -0.419889 0 0.907575 
vn -0.21497 0 0.976621 
vn -0.319302 0 0.947653 
vn -0.108119 0 0.994138 
vn -0.21497 0 0.976621 
vn 0 -1 0 
usemtl 0.615686_0.811765_0.929412_0.000000_0.000000
o mesh0
f 59//1 1//1 2//1 
f 2//1 3//1 59//1 
f 3//1 4//1 59//1 
f 4//1 5//1 59//1 
f 5//1 6//1 59//1 
f 6//1 7//1 59//1 
f 7//1 8//1 59//1 
f 8//1 9//1 59//1 
f 9//1 10//1 59//1 
f 10//1 11//1 59//1 
f 11//1 12//1 59//1 
f 12//1 13//1 59//1 
f 13//1 14//1 59//1 
f 14//1 15//1 59//1 
f 15//1 16//1 59//1 
f 16//1 17//1 59//1 
f 17//1 18//1 59//1 
f 18//1 19//1 59//1 
f 19//1 20//1 59//1 
f 20//1 21//1 59//1 
f 21//1 22//1 59//1 
f 22//1 23//1 59//1 
f 23//1 24//1 59//1 
f 24//1 25//1 59//1 
f 25//1 26//1 59//1 
f 26//1 27//1 59//1 
f 27//1 28//1 59//1 
f 28//1 29//1 59//1 
f 29//1 30//1 59//1 
f 30//1 31//1 59//1 
f 31//1 32//1 59//1 
f 32//1 33//1 59//1 
f 33//1 34//1 59//1 
f 34//1 35//1 59//1 
f 35//1 36//1 59//1 
f 36//1 37//1 59//1 
f 37//1 38//1 59//1 
f 38//1 39//1 59//1 
f 39//1 40//1 59//1 
f 40//1 41//1 59//1 
f 41//1 42//1 59//1 
f 42//1 43//1 59//1 
f 43//1 44//1 59//1 
f 44//1 45//1 59//1 
f 45//1 46//1 59//1 
f 46//1 47//1 59//1 
f 47//1 48//1 59//1 
f 48//1 49//1 59//1 
f 49//1 50//1 59//1 
f 50//1 51//1 59//1 
f 51//1 52//1 59//1 
f 52//1 53//1 59//1 
f 53//1 54//1 59//1 
f 54//1 55//1 59//1 
f 55//1 56//1 59//1 
f 56//1 57//1 59//1 
f 57//1 58//1 59//1 
f 58//1 1//1 59//1 
o mesh1
f 60//2 61//3 58//3 
f 62//4 60//2 57//5 
f 63//6 62//4 56//7 
f 64//8 63//6 55//9 
f 65//10 64//8 54//11 
f 66//12 65//10 53//13 
f 67//14 66//12 52//15 
f 68//16 67//14 51//17 
f 69//18 68//16 50//19 
f 70//20 69//18 49//21 
f 71//22 70//20 48//23 
f 72//24 71//22 47//25 
f 73//26 72//24 46//27 
f 74//28 73//26 45//29 
f 75//30 74//28 44//31 
f 76//32 75//30 43//33 
f 77//34 76//32 42//35 
f 78//36 77//34 41//37 
f 79//38 78//36 40//39 
f 80//40 79//38 39//41 
f 81//42 80//40 38//43 
f 82//44 81//42 37//45 
f 83//46 82//44 36//47 
f 84//48 83//46 35//49 
f 85//50 84//48 34//51 
f 86//52 85//50 33//53 
f 87//54 86//52 32//55 
f 88//56 87//54 31//57 
f 89//58 88//56 30//59 
f 90//60 89//58 29//61 
f 91//62 90//60 28//63 
f 92//64 91//62 27//65 
f 93//66 92//64 26//67 
f 94//68 93//66 25//69 
f 95//70 94//68 24//71 
f 96//72 95//70 23//73 
f 97//74 96//72 22//75 
f 98//76 97//74 21//77 
f 99//78 98//76 20//79 
f 100//80 99//78 19//81 
f 101//82 100//80 18//83 
f 102//84 101//82 17//85 
f 103//86 102//84 16//87 
f 104//88 103//86 15//89 
f 105//90 104//88 14//91 
f 106//92 105//90 13//93 
f 107//94 106//92 12//95 
f 108//96 107//94 11//97 
f 109//98 108//96 10//99 
f 110//100 109//98 9//101 
f 111//102 110//100 8//103 
f 112//104 111//102 7//105 
f 113//106 112//104 6//107 
f 114//108 113//106 5//109 
f 115//110 114//108 4//111 
f 116//112 115//110 3//113 
f 117//114 116//112 2//115 
f 61//3 117//114 1//114 
f 1//114 58//3 61//3 
f 2//115 1//114 117//114 
f 3//113 2//115 116//112 
f 4//111 3//113 115//110 
f 5//109 4//111 114//108 
f 6//107 5//109 113//106 
f 7//105 6//107 112//104 
f 8//103 7//105 111//102 
f 9//101 8//103 110//100 
f 10//99 9//101 109//98 
f 11//97 10//99 108//96 
f 12//95 11//97 107//94 
f 13//93 12//95 106//92 
f 14//91 13//93 105//90 
f 15//89 14//91 104//88 
f 16//87 15//89 103//86 
f 17//85 16//87 102//84 
f 18//83 17//85 101//82 
f 19//81 18//83 100//80 
f 20//79 19//81 99//78 
f 21//77 20//79 98//76 
f 22//75 21//77 97//74 
f 23//73 22//75 96//72 
f 24//71 23//73 95//70 
f 25//69 24//71 94//68 
f 26//67 25//69 93//66 
f 27//65 26//67 92//64 
f 28//63 27//65 91//62 
f 29//61 28//63 90//60 
f 30//59 29//61 89//58 
f 31//57 30//59 88//56 
f 32//55 31//57 87//54 
f 33//53 32//55 86//52 
f 34//51 33//53 85//50 
f 35//49 34//51 84//48 
f 36//47 35//49 83//46 
f 37//45 36//47 82//44 
f 38//43 37//45 81//42 
f 39//41 38//43 80//40 
f 40//39 39//41 79//38 
f 41//37 40//39 78//36 
f 42//35 41//37 77//34 
f 43//33 42//35 76//32 
f 44//31 43//33 75//30 
f 45//29 44//31 74//28 
f 46//27 45//29 73//26 
f 47//25 46//27 72//24 
f 48//23 47//25 71//22 
f 49//21 48//23 70//20 
f 50//19 49//21 69//18 
f 51//17 50//19 68//16 
f 52//15 51//17 67//14 
f 53//13 52//15 66//12 
f 54//11 53//13 65//10 
f 55//9 54//11 64//8 
f 56//7 55//9 63//6 
f 57//5 56//7 62//4 
f 58//3 57//5 60//2 
o mesh2
f 118//116 77//116 78//116 
f 118//116 74//116 75//116 
f 118//116 119//116 73//116 
f 120//116 104//116 105//116 
f 118//116 76//116 77//116 
f 73//116 74//116 118//116 
f 119//116 70//116 71//116 
f 119//116 67//116 68//116 
f 119//116 65//116 66//116 
f 121//116 111//116 112//116 
f 121//116 109//116 110//116 
f 121//116 106//116 107//116 
f 120//116 103//116 104//116 
f 120//116 98//116 99//116 
f 118//116 80//116 81//116 
f 75//116 76//116 118//116 
f 71//116 72//116 119//116 
f 66//116 67//116 119//116 
f 110//116 111//116 121//116 
f 121//116 105//116 106//116 
f 120//116 102//116 103//116 
f 99//116 100//116 120//116 
f 118//116 82//116 83//116 
f 118//116 79//116 80//116 
f 72//116 73//116 119//116 
f 68//116 69//116 119//116 
f 112//116 113//116 121//116 
f 105//116 121//116 120//116 
f 100//116 101//116 120//116 
f 120//116 94//116 95//116 
f 120//116 118//116 89//116 
f 118//116 87//116 88//116 
f 118//116 85//116 86//116 
f 81//116 82//116 118//116 
f 69//116 70//116 119//116 
f 119//116 63//116 64//116 
f 119//116 121//116 117//116 
f 121//116 108//116 109//116 
f 101//116 102//116 120//116 
f 120//116 96//116 97//116 
f 120//116 93//116 94//116 
f 89//116 90//116 120//116 
f 86//116 87//116 118//116 
f 83//116 84//116 118//116 
f 64//116 65//116 119//116 
f 121//116 116//116 117//116 
f 121//116 114//116 115//116 
f 107//116 108//116 121//116 
f 95//116 96//116 120//116 
f 88//116 89//116 118//116 
f 78//116 79//116 118//116 
f 115//116 116//116 121//116 
f 97//116 98//116 120//116 
f 120//116 91//116 92//116 
f 84//116 85//116 118//116 
f 113//116 114//116 121//116 
f 90//116 91//116 120//116 
f 119//116 60//116 62//116 
f 92//116 93//116 120//116 
f 119//116 61//116 60//116 
f 62//116 63//116 119//116 
f 117//116 61//116 119//116 
o mesh3
f 122//117 119//117 118//117 
f 118//117 123//117 122//117 
o mesh4
f 123//116 124//116 125//116 
f 125//116 122//116 123//116 
o mesh5
f 124//118 126//118 127//118 
f 127//118 125//118 124//118 
o mesh6
f 128//119 129//119 122//119 
f 121//119 119//119 122//119 
f 130//119 128//119 125//119 
f 122//119 129//119 121//119 
f 122//119 125//119 128//119 
f 125//119 127//119 130//119 
o mesh7
f 131//119 126//119 118//119 
f 123//119 118//119 126//119 
f 126//119 124//119 123//119 
f 132//119 133//119 126//119 
f 126//119 131//119 132//119 
f 118//119 120//119 131//119 
o mesh8
f 132//118 134//118 130//118 
f 135//118 128//118 130//118 
f 130//118 134//118 135//118 
f 130//118 133//118 132//118 
o mesh9
f 136//120 137//120 121//120 
f 131//120 120//120 121//120 
f 121//120 137//120 131//120 
f 121//120 129//120 136//120 
o mesh10
f 133//121 138//121 139//121 
f 133//121 140//121 141//121 
f 133//121 130//121 142//121 
f 126//121 143//121 144//121 
f 133//121 145//121 138//121 
f 142//121 140//121 133//121 
f 130//121 146//121 147//121 
f 130//121 148//121 149//121 
f 130//121 150//121 151//121 
f 127//121 152//121 153//121 
f 127//121 154//121 155//121 
f 127//121 156//121 157//121 
f 126//121 158//121 143//121 
f 126//121 159//121 160//121 
f 133//121 161//121 162//121 
f 141//121 145//121 133//121 
f 147//121 163//121 130//121 
f 151//121 148//121 130//121 
f 155//121 152//121 127//121 
f 127//121 144//121 156//121 
f 126//121 164//121 158//121 
f 160//121 165//121 126//121 
f 133//121 166//121 167//121 
f 133//121 168//121 169//121 
f 133//121 170//121 161//121 
f 163//121 142//121 130//121 
f 149//121 171//121 130//121 
f 153//121 172//121 127//121 
f 144//121 127//121 126//121 
f 165//121 173//121 126//121 
f 126//121 174//121 175//121 
f 133//121 176//121 166//121 
f 133//121 177//121 178//121 
f 162//121 168//121 133//121 
f 171//121 146//121 130//121 
f 130//121 179//121 180//121 
f 127//121 181//121 154//121 
f 173//121 164//121 126//121 
f 126//121 182//121 183//121 
f 126//121 184//121 174//121 
f 126//121 167//121 185//121 
f 178//121 176//121 133//121 
f 169//121 186//121 133//121 
f 180//121 150//121 130//121 
f 127//121 187//121 188//121 
f 127//121 189//121 190//121 
f 157//121 181//121 127//121 
f 175//121 182//121 126//121 
f 167//121 126//121 133//121 
f 139//121 170//121 133//121 
f 190//121 187//121 127//121 
f 183//121 159//121 126//121 
f 126//121 191//121 192//121 
f 186//121 177//121 133//121 
f 172//121 189//121 127//121 
f 185//121 191//121 126//121 
f 130//121 193//121 194//121 
f 127//121 195//121 193//121 
f 192//121 184//121 126//121 
f 193//121 130//121 127//121 
f 194//121 179//121 130//121 
f 188//121 195//121 127//121 
o mesh11
f 137//122 136//122 196//122 
f 196//122 197//122 137//122 
o mesh12
f 197//123 196//123 198//123 
f 198//123 199//123 197//123 
o mesh13
f 197//124 199//124 131//124 
f 199//124 200//124 132//124 
f 132//124 131//124 199//124 
f 201//124 134//124 132//124 
f 132//124 200//124 201//124 
f 131//124 137//124 197//124 
o mesh14
f 201//125 202//125 135//125 
f 135//125 134//125 201//125 
o mesh15
f 193//126 195//127 203//127 
f 194//128 193//126 204//129 
f 179//130 194//128 205//131 
f 180//132 179//130 206//133 
f 150//134 180//132 207//135 
f 151//136 150//134 208//137 
f 148//138 151//136 209//139 
f 149//140 148//138 210//141 
f 171//142 149//140 211//143 
f 146//144 171//142 212//145 
f 147//146 146//144 213//147 
f 163//148 147//146 214//149 
f 142//150 163//148 215//151 
f 140//152 142//150 216//153 
f 141//154 140//152 217//155 
f 145//156 141//154 218//157 
f 138//158 145//156 219//159 
f 139//160 138//158 220//161 
f 170//162 139//160 221//163 
f 161//164 170//162 222//165 
f 162//166 161//164 223//167 
f 168//168 162//166 224//169 
f 169//170 168//168 225//171 
f 186//172 169//170 226//173 
f 177//174 186//172 227//175 
f 178//176 177//174 228//177 
f 176//178 178//176 229//179 
f 166//180 176//178 230//181 
f 167//182 166//180 231//183 
f 185//184 167//182 232//185 
f 191//186 185//184 233//187 
f 192//188 191//186 234//189 
f 184//190 192//188 235//191 
f 174//192 184//190 236//193 
f 175//194 174//192 237//195 
f 182//196 175//194 238//197 
f 183//198 182//196 239//199 
f 159//200 183//198 240//201 
f 160//202 159//200 241//203 
f 165//204 160//202 242//205 
f 173//206 165//204 243//207 
f 164//208 173//206 244//209 
f 158//210 164//208 245//211 
f 143//212 158//210 246//213 
f 144//214 143//212 247//215 
f 156//216 144//214 248//217 
f 157//218 156//216 249//219 
f 181//220 157//218 250//221 
f 154//222 181//220 251//223 
f 155//224 154//222 252//225 
f 152//226 155//224 253//227 
f 153//228 152//226 254//229 
f 172//230 153//228 255//231 
f 189//232 172//230 256//233 
f 190//234 189//232 257//235 
f 187//236 190//234 258//237 
f 188//238 187//236 259//239 
f 195//127 188//238 260//238 
f 260//238 203//127 195//127 
f 259//239 260//238 188//238 
f 258//237 259//239 187//236 
f 257//235 258//237 190//234 
f 256//233 257//235 189//232 
f 255//231 256//233 172//230 
f 254//229 255//231 153//228 
f 253//227 254//229 152//226 
f 252//225 253//227 155//224 
f 251//223 252//225 154//222 
f 250//221 251//223 181//220 
f 249//219 250//221 157//218 
f 248//217 249//219 156//216 
f 247//215 248//217 144//214 
f 246//213 247//215 143//212 
f 245//211 246//213 158//210 
f 244//209 245//211 164//208 
f 243//207 244//209 173//206 
f 242//205 243//207 165//204 
f 241//203 242//205 160//202 
f 240//201 241//203 159//200 
f 239//199 240//201 183//198 
f 238//197 239//199 182//196 
f 237//195 238//197 175//194 
f 236//193 237//195 174//192 
f 235//191 236//193 184//190 
f 234//189 235//191 192//188 
f 233//187 234//189 191//186 
f 232//185 233//187 185//184 
f 231//183 232//185 167//182 
f 230//181 231//183 166//180 
f 229//179 230//181 176//178 
f 228//177 229//179 178//176 
f 227//175 228//177 177//174 
f 226//173 227//175 186//172 
f 225//171 226//173 169//170 
f 224//169 225//171 168//168 
f 223//167 224//169 162//166 
f 222//165 223//167 161//164 
f 221//163 222//165 170//162 
f 220//161 221//163 139//160 
f 219//159 220//161 138//158 
f 218//157 219//159 145//156 
f 217//155 218//157 141//154 
f 216//153 217//155 140//152 
f 215//151 216//153 142//150 
f 214//149 215//151 163//148 
f 213//147 214//149 147//146 
f 212//145 213//147 146//144 
f 211//143 212//145 171//142 
f 210//141 211//143 149//140 
f 209//139 210//141 148//138 
f 208//137 209//139 151//136 
f 207//135 208//137 150//134 
f 206//133 207//135 180//132 
f 205//131 206//133 179//130 
f 204//129 205//131 194//128 
f 203//127 204//129 193//126 
o mesh16
f 261//240 260//240 259//240 
f 259//240 258//240 261//240 
f 258//240 257//240 261//240 
f 257//240 256//240 261//240 
f 256//240 255//240 261//240 
f 255//240 254//240 261//240 
f 254//240 253//240 261//240 
f 253//240 252//240 261//240 
f 252//240 251//240 261//240 
f 251//240 250//240 261//240 
f 250//240 249//240 261//240 
f 249//240 248//240 261//240 
f 248//240 247//240 261//240 
f 247//240 246//240 261//240 
f 246//240 245//240 261//240 
f 245//240 244//240 261//240 
f 244//240 243//240 261//240 
f 243//240 242//240 261//240 
f 242//240 241//240 261//240 
f 241//240 240//240 261//240 
f 240//240 239//240 261//240 
f 239//240 238//240 261//240 
f 238//240 237//240 261//240 
f 237//240 236//240 261//240 
f 236//240 235//240 261//240 
f 235//240 234//240 261//240 
f 234//240 233//240 261//240 
f 233//240 232//240 261//240 
f 232//240 231//240 261//240 
f 231//240 230//240 261//240 
f 230//240 229//240 261//240 
f 229//240 228//240 261//240 
f 228//240 227//240 261//240 
f 227//240 226//240 261//240 
f 226//240 225//240 261//240 
f 225//240 224//240 261//240 
f 224//240 223//240 261//240 
f 223//240 222//240 261//240 
f 222//240 221//240 261//240 
f 221//240 220//240 261//240 
f 220//240 219//240 261//240 
f 219//240 218//240 261//240 
f 218//240 217//240 261//240 
f 217//240 216//240 261//240 
f 216//240 215//240 261//240 
f 215//240 214//240 261//240 
f 214//240 213//240 261//240 
f 213//240 212//240 261//240 
f 212//240 211//240 261//240 
f 211//240 210//240 261//240 
f 210//240 209//240 261//240 
f 209//240 208//240 261//240 
f 208//240 207//240 261//240 
f 207//240 206//240 261//240 
f 206//240 205//240 261//240 
f 205//240 204//240 261//240 
f 204//240 203//240 261//240 
f 203//240 260//240 261//240 
o mesh17
f 202//241 201//241 262//241 
f 200//241 263//241 262//241 
f 262//241 201//241 200//241 
f 262//241 264//241 202//241 
o mesh18
f 265//242 264//242 262//242 
f 262//242 266//242 265//242 
o mesh19
f 263//243 267//243 266//243 
f 268//243 269//243 266//243 
f 266//243 267//243 268//243 
f 266//243 262//243 263//243 
o mesh20
f 268//242 270//242 271//242 
f 271//242 269//242 268//242 
o mesh21
f 272//244 273//244 198//244 
f 273//244 267//244 263//244 
f 199//244 198//244 263//244 
f 263//244 198//244 273//244 
f 198//244 274//244 272//244 
f 263//244 200//244 199//244 
o mesh22
f 272//245 274//245 275//245 
f 275//245 276//245 272//245 
o mesh23
f 277//245 278//245 279//245 
f 277//245 280//245 281//245 
f 277//245 282//245 278//245 
f 277//245 283//245 280//245 
f 277//245 284//245 282//245 
f 281//245 285//245 277//245 
f 277//245 286//245 287//245 
f 265//245 288//245 289//245 
f 285//245 284//245 277//245 
f 287//245 290//245 277//245 
f 265//245 291//245 286//245 
f 289//245 292//245 265//245 
f 277//245 293//245 283//245 
f 286//245 277//245 265//245 
f 292//245 294//245 265//245 
f 266//245 295//245 296//245 
f 266//245 269//245 297//245 
f 269//245 298//245 299//245 
f 290//245 293//245 277//245 
f 294//245 300//245 265//245 
f 265//245 301//245 302//245 
f 265//245 303//245 304//245 
f 265//245 266//245 305//245 
f 296//245 306//245 266//245 
f 266//245 307//245 308//245 
f 266//245 309//245 310//245 
f 297//245 311//245 266//245 
f 269//245 312//245 298//245 
f 277//245 313//245 314//245 
f 277//245 315//245 316//245 
f 300//245 291//245 265//245 
f 304//245 301//245 265//245 
f 305//245 317//245 265//245 
f 266//245 318//245 295//245 
f 310//245 307//245 266//245 
f 299//245 297//245 269//245 
f 269//245 319//245 320//245 
f 319//245 269//245 271//245 
f 271//245 321//245 322//245 
f 271//245 277//245 323//245 
f 314//245 324//245 277//245 
f 279//245 315//245 277//245 
f 317//245 303//245 265//245 
f 308//245 318//245 266//245 
f 269//245 325//245 312//245 
f 320//245 326//245 269//245 
f 322//245 327//245 271//245 
f 271//245 328//245 329//245 
f 323//245 330//245 271//245 
f 316//245 313//245 277//245 
f 306//245 305//245 266//245 
f 326//245 325//245 269//245 
f 271//245 331//245 321//245 
f 271//245 332//245 333//245 
f 330//245 328//245 271//245 
f 324//245 334//245 277//245 
f 311//245 309//245 266//245 
f 333//245 331//245 271//245 
f 277//245 335//245 323//245 
f 302//245 288//245 265//245 
f 329//245 332//245 271//245 
f 271//245 327//245 319//245 
f 334//245 335//245 277//245 
o mesh24
f 323//246 335//247 336//247 
f 330//248 323//246 337//249 
f 328//250 330//248 338//251 
f 329//252 328//250 339//253 
f 332//254 329//252 340//255 
f 333//256 332//254 341//257 
f 331//258 333//256 342//259 
f 321//260 331//258 343//261 
f 322//262 321//260 344//263 
f 327//264 322//262 345//265 
f 319//266 327//264 346//267 
f 320//268 319//266 347//269 
f 326//270 320//268 348//271 
f 325//272 326//270 349//273 
f 312//274 325//272 350//275 
f 298//276 312//274 351//277 
f 299//278 298//276 352//279 
f 297//280 299//278 353//281 
f 311//282 297//280 354//283 
f 309//284 311//282 355//285 
f 310//286 309//284 356//287 
f 307//288 310//286 357//289 
f 308//290 307//288 358//291 
f 318//292 308//290 359//293 
f 295//294 318//292 360//295 
f 296//296 295//294 361//297 
f 306//298 296//296 362//299 
f 305//300 306//298 363//301 
f 317//302 305//300 364//303 
f 303//304 317//302 365//305 
f 304//306 303//304 366//307 
f 301//308 304//306 367//309 
f 302//310 301//308 368//311 
f 288//312 302//310 369//313 
f 289//314 288//312 370//315 
f 292//316 289//314 371//317 
f 294//318 292//316 372//319 
f 300//320 294//318 373//321 
f 291//322 300//320 374//323 
f 286//324 291//322 375//325 
f 287//326 286//324 376//327 
f 290//328 287//326 377//329 
f 293//330 290//328 378//331 
f 283//332 293//330 379//333 
f 280//334 283//332 380//335 
f 281//336 280//334 381//337 
f 285//338 281//336 382//339 
f 284//340 285//338 383//341 
f 282//342 284//340 384//343 
f 278//344 282//342 385//345 
f 279//346 278//344 386//347 
f 315//348 279//346 387//349 
f 316//350 315//348 388//351 
f 313//352 316//350 389//353 
f 314//354 313//352 390//355 
f 324//356 314//354 391//357 
f 334//358 324//356 392//359 
f 335//247 334//358 393//358 
f 393//358 336//247 335//247 
f 392//359 393//358 334//358 
f 391//357 392//359 324//356 
f 390//355 391//357 314//354 
f 389//353 390//355 313//352 
f 388//351 389//353 316//350 
f 387//349 388//351 315//348 
f 386//347 387//349 279//346 
f 385//345 386//347 278//344 
f 384//343 385//345 282//342 
f 383//341 384//343 284//340 
f 382//339 383//341 285//338 
f 381//337 382//339 281//336 
f 380//335 381//337 280//334 
f 379//333 380//335 283//332 
f 378//331 379//333 293//330 
f 377//329 378//331 290//328 
f 376//327 377//329 287//326 
f 375//325 376//327 286//324 
f 374//323 375//325 291//322 
f 373//321 374//323 300//320 
f 372//319 373//321 294//318 
f 371//317 372//319 292//316 
f 370//315 371//317 289//314 
f 369//313 370//315 288//312 
f 368//311 369//313 302//310 
f 367//309 368//311 301//308 
f 366//307 367//309 304//306 
f 365//305 366//307 303//304 
f 364//303 365//305 317//302 
f 363//301 364//303 305//300 
f 362//299 363//301 306//298 
f 361//297 362//299 296//296 
f 360//295 361//297 295//294 
f 359//293 360//295 318//292 
f 358//291 359//293 308//290 
f 357//289 358//291 307//288 
f 356//287 357//289 310//286 
f 355//285 356//287 309//284 
f 354//283 355//285 311//282 
f 353//281 354//283 297//280 
f 352//279 353//281 299//278 
f 351//277 352//279 298//276 
f 350//275 351//277 312//274 
f 349//273 350//275 325//272 
f 348//271 349//273 326//270 
f 347//269 348//271 320//268 
f 346//267 347//269 319//266 
f 345//265 346//267 327//264 
f 344//263 345//265 322//262 
f 343//261 344//263 321//260 
f 342//259 343//261 331//258 
f 341//257 342//259 333//256 
f 340//255 341//257 332//254 
f 339//253 340//255 329//252 
f 338//251 339//253 328//250 
f 337//249 338//251 330//248 
f 336//247 337//249 323//246 
o mesh25
f 271//360 394//360 395//360 
f 395//360 277//360 271//360 
o mesh26
f 396//361 397//361 395//361 
f 397//361 398//361 395//361 
f 395//361 394//361 396//361 
o mesh27
f 398//362 397//362 399//362 
f 399//362 400//362 398//362 
o mesh28
f 396//363 401//363 399//363 
f 399//363 397//363 396//363 
o mesh29
f 400//364 402//364 403//364 
f 400//364 399//364 402//364 
f 403//364 404//364 400//364 
o mesh30
f 405//365 402//365 399//365 
o mesh31
f 406//366 407//366 405//366 
f 403//366 402//366 405//366 
f 405//366 407//366 403//366 
f 405//366 408//366 406//366 
o mesh32
f 401//367 409//367 408//367 
f 408//367 405//367 399//367 
f 408//367 399//367 401//367 
o mesh33
f 273//368 373//368 372//368 
f 273//368 378//368 377//368 
f 372//368 371//368 273//368 
f 273//368 375//368 374//368 
f 273//368 379//368 378//368 
f 374//368 373//368 273//368 
f 377//368 376//368 273//368 
f 376//368 375//368 273//368 
f 273//368 407//368 380//368 
f 407//368 382//368 381//368 
f 407//368 384//368 383//368 
f 407//368 388//368 387//368 
f 380//368 379//368 273//368 
f 383//368 382//368 407//368 
f 387//368 386//368 407//368 
f 381//368 380//368 407//368 
f 386//368 385//368 407//368 
f 385//368 384//368 407//368 
f 407//368 390//368 389//368 
f 407//368 392//368 391//368 
f 389//368 388//368 407//368 
f 407//368 393//368 392//368 
f 410//368 340//368 339//368 
f 345//368 410//368 270//368 
f 273//368 368//368 367//368 
f 273//368 370//368 369//368 
f 391//368 390//368 407//368 
f 407//368 337//368 336//368 
f 407//368 339//368 338//368 
f 410//368 341//368 340//368 
f 270//368 346//368 345//368 
f 270//368 349//368 348//368 
f 270//368 354//368 353//368 
f 369//368 368//368 273//368 
f 336//368 393//368 407//368 
f 339//368 407//368 410//368 
f 345//368 344//368 410//368 
f 270//368 350//368 349//368 
f 353//368 352//368 270//368 
f 270//368 356//368 355//368 
f 270//368 360//368 359//368 
f 267//368 360//368 270//368 
f 267//368 363//368 362//368 
f 367//368 366//368 273//368 
f 338//368 337//368 407//368 
f 410//368 343//368 342//368 
f 270//368 347//368 346//368 
f 270//368 351//368 350//368 
f 355//368 354//368 270//368 
f 359//368 358//368 270//368 
f 267//368 361//368 360//368 
f 267//368 364//368 363//368 
f 371//368 370//368 273//368 
f 344//368 343//368 410//368 
f 352//368 351//368 270//368 
f 358//368 357//368 270//368 
f 362//368 361//368 267//368 
f 267//368 273//368 365//368 
f 342//368 341//368 410//368 
f 357//368 356//368 270//368 
f 365//368 364//368 267//368 
f 348//368 347//368 270//368 
f 411//368 412//368 410//368 
f 366//368 365//368 273//368 
f 410//368 407//368 406//368 
f 410//368 406//368 411//368 
f 270//368 268//368 267//368 
o mesh34
f 413//369 414//369 412//369 
f 412//369 411//369 413//369 
o mesh35
f 413//370 415//370 416//370 
f 416//370 414//370 413//370 
o mesh36
f 412//371 414//371 416//371 
f 416//371 410//371 412//371 
o mesh37
f 410//372 417//372 418//372 
f 418//372 270//372 410//372 
f 271//372 419//372 420//372 
f 270//372 421//372 422//372 
f 410//372 423//372 417//372 
f 420//372 394//372 271//372 
f 271//372 424//372 425//372 
f 418//372 421//372 270//372 
f 410//372 426//372 427//372 
f 409//372 401//372 428//372 
f 401//372 429//372 430//372 
f 401//372 431//372 432//372 
f 396//372 433//372 434//372 
f 396//372 435//372 436//372 
f 437//372 438//372 396//372 
f 394//372 439//372 440//372 
f 394//372 441//372 442//372 
f 394//372 443//372 444//372 
f 425//372 419//372 271//372 
f 271//372 445//372 446//372 
f 271//372 447//372 448//372 
f 270//372 449//372 447//372 
f 427//372 423//372 410//372 
f 396//372 450//372 451//372 
f 396//372 440//372 452//372 
f 401//372 453//372 428//372 
f 432//372 429//372 401//372 
f 401//372 454//372 455//372 
f 436//372 433//372 396//372 
f 396//372 415//372 437//372 
f 442//372 439//372 394//372 
f 394//372 456//372 457//372 
f 394//372 458//372 443//372 
f 446//372 424//372 271//372 
f 448//372 459//372 271//372 
f 270//372 460//372 449//372 
f 270//372 461//372 462//372 
f 422//372 463//372 270//372 
f 410//372 416//372 464//372 
f 465//372 415//372 396//372 
f 452//372 450//372 396//372 
f 430//372 453//372 401//372 
f 401//372 466//372 467//372 
f 455//372 468//372 401//372 
f 401//372 469//372 470//372 
f 396//372 471//372 472//372 
f 396//372 473//372 474//372 
f 438//372 435//372 396//372 
f 475//372 476//372 416//372 
f 394//372 477//372 441//372 
f 457//372 478//372 394//372 
f 420//372 458//372 394//372 
f 447//372 271//372 270//372 
f 270//372 479//372 461//372 
f 410//372 480//372 426//372 
f 464//372 481//372 410//372 
f 396//372 482//372 465//372 
f 396//372 483//372 484//372 
f 396//372 485//372 486//372 
f 451//372 487//372 396//372 
f 467//372 431//372 401//372 
f 468//372 488//372 401//372 
f 401//372 472//372 469//372 
f 396//372 489//372 471//372 
f 396//372 490//372 491//372 
f 434//372 473//372 396//372 
f 416//372 492//372 493//372 
f 416//372 494//372 495//372 
f 416//372 415//372 475//372 
f 478//372 477//372 394//372 
f 459//372 445//372 271//372 
f 463//372 479//372 270//372 
f 481//372 496//372 410//372 
f 484//372 482//372 396//372 
f 486//372 497//372 396//372 
f 396//372 498//372 499//372 
f 487//372 500//372 396//372 
f 488//372 466//372 401//372 
f 472//372 401//372 396//372 
f 396//372 501//372 502//372 
f 474//372 490//372 396//372 
f 416//372 503//372 492//372 
f 476//372 494//372 416//372 
f 444//372 456//372 394//372 
f 496//372 480//372 410//372 
f 497//372 483//372 396//372 
f 500//372 498//372 396//372 
f 470//372 454//372 401//372 
f 491//372 501//372 396//372 
f 495//372 503//372 416//372 
f 462//372 460//372 270//372 
f 499//372 485//372 396//372 
f 502//372 489//372 396//372 
f 440//372 396//372 394//372 
f 428//372 504//372 409//372 
f 465//372 475//372 415//372 
f 493//372 464//372 416//372 
o mesh38
f 411//373 406//373 415//373 
f 415//373 406//373 505//373 
f 505//373 437//373 415//373 
f 408//373 506//373 505//373 
f 505//373 406//373 408//373 
f 409//373 504//373 506//373 
f 506//373 408//373 409//373 
f 415//373 413//373 411//373 
o mesh39
f 438//374 437//375 505//375 
f 435//376 438//374 507//377 
f 436//378 435//376 508//379 
f 433//380 436//378 509//381 
f 434//382 433//380 510//383 
f 473//384 434//382 511//385 
f 474//386 473//384 512//387 
f 490//388 474//386 513//389 
f 491//390 490//388 514//391 
f 501//392 491//390 515//393 
f 502//394 501//392 516//395 
f 489//396 502//394 517//397 
f 471//398 489//396 518//399 
f 472//400 471//398 519//401 
f 469//402 472//400 520//403 
f 470//404 469//402 521//405 
f 454//406 470//404 522//407 
f 455//408 454//406 523//409 
f 468//410 455//408 524//411 
f 488//412 468//410 525//413 
f 466//414 488//412 526//415 
f 467//416 466//414 527//417 
f 431//418 467//416 528//419 
f 432//420 431//418 529//421 
f 429//422 432//420 530//423 
f 430//424 429//422 531//425 
f 453//426 430//424 532//427 
f 428//428 453//426 533//429 
f 504//430 428//428 534//431 
f 534//431 506//430 504//430 
f 533//429 534//431 428//428 
f 532//427 533//429 453//426 
f 531//425 532//427 430//424 
f 530//423 531//425 429//422 
f 529//421 530//423 432//420 
f 528//419 529//421 431//418 
f 527//417 528//419 467//416 
f 526//415 527//417 466//414 
f 525//413 526//415 488//412 
f 524//411 525//413 468//410 
f 523//409 524//411 455//408 
f 522//407 523//409 454//406 
f 521//405 522//407 470//404 
f 520//403 521//405 469//402 
f 519//401 520//403 472//400 
f 518//399 519//401 471//398 
f 517//397 518//399 489//396 
f 516//395 517//397 502//394 
f 515//393 516//395 501//392 
f 514//391 515//393 491//390 
f 513//389 514//391 490//388 
f 512//387 513//389 474//386 
f 511//385 512//387 473//384 
f 510//383 511//385 434//382 
f 509//381 510//383 433//380 
f 508//379 509//381 436//378 
f 507//377 508//379 435//376 
f 505//375 507//377 438//374 
o mesh40
f 505//432 509//432 508//432 
f 505//432 533//432 532//432 
f 505//432 510//432 509//432 
f 505//432 534//432 533//432 
f 505//432 511//432 510//432 
f 505//432 513//432 512//432 
f 505//432 521//432 520//432 
f 505//432 506//432 534//432 
f 512//432 511//432 505//432 
f 505//432 515//432 514//432 
f 505//432 519//432 518//432 
f 505//432 522//432 521//432 
f 505//432 530//432 529//432 
f 532//432 531//432 505//432 
f 514//432 513//432 505//432 
f 505//432 517//432 516//432 
f 520//432 519//432 505//432 
f 505//432 524//432 523//432 
f 505//432 528//432 527//432 
f 531//432 530//432 505//432 
f 516//432 515//432 505//432 
f 523//432 522//432 505//432 
f 505//432 526//432 525//432 
f 529//432 528//432 505//432 
f 518//432 517//432 505//432 
f 527//432 526//432 505//432 
f 525//432 524//432 505//432 
f 508//432 507//432 505//432 
o mesh41
f 476//433 475//434 535//434 
f 494//435 476//433 536//436 
f 495//437 494//435 537//438 
f 503//439 495//437 538//440 
f 492//441 503//439 539//442 
f 493//443 492//441 540//444 
f 464//445 493//443 541//446 
f 481//447 464//445 542//448 
f 496//449 481//447 543//450 
f 480//451 496//449 544//452 
f 426//453 480//451 545//454 
f 427//455 426//453 546//456 
f 423//457 427//455 547//458 
f 417//459 423//457 548//460 
f 418//461 417//459 549//462 
f 421//463 418//461 550//464 
f 422//465 421//463 551//466 
f 463//467 422//465 552//468 
f 479//469 463//467 553//470 
f 461//471 479//469 554//472 
f 462//473 461//471 555//474 
f 460//475 462//473 556//476 
f 449//477 460//475 557//478 
f 447//479 449//477 558//480 
f 448//481 447//479 559//482 
f 459//483 448//481 560//484 
f 445//485 459//483 561//486 
f 446//487 445//485 562//488 
f 424//489 446//487 563//490 
f 425//491 424//489 564//492 
f 419//493 425//491 565//494 
f 420//495 419//493 566//496 
f 458//497 420//495 567//498 
f 443//499 458//497 568//500 
f 444//501 443//499 569//502 
f 456//503 444//501 570//504 
f 457//505 456//503 571//506 
f 478//507 457//505 572//508 
f 477//509 478//507 573//510 
f 441//511 477//509 574//512 
f 442//513 441//511 575//514 
f 439//515 442//513 576//516 
f 440//517 439//515 577//518 
f 452//519 440//517 578//520 
f 450//521 452//519 579//522 
f 451//523 450//521 580//524 
f 487//525 451//523 581//526 
f 500//527 487//525 582//528 
f 498//529 500//527 583//530 
f 499//531 498//529 584//532 
f 485//533 499//531 585//534 
f 486//535 485//533 586//536 
f 497//537 486//535 587//538 
f 483//539 497//537 588//540 
f 484//541 483//539 589//542 
f 482//543 484//541 590//544 
f 465//545 482//543 591//546 
f 475//434 465//545 592//545 
f 592//545 535//434 475//434 
f 591//546 592//545 465//545 
f 590//544 591//546 482//543 
f 589//542 590//544 484//541 
f 588//540 589//542 483//539 
f 587//538 588//540 497//537 
f 586//536 587//538 486//535 
f 585//534 586//536 485//533 
f 584//532 585//534 499//531 
f 583//530 584//532 498//529 
f 582//528 583//530 500//527 
f 581//526 582//528 487//525 
f 580//524 581//526 451//523 
f 579//522 580//524 450//521 
f 578//520 579//522 452//519 
f 577//518 578//520 440//517 
f 576//516 577//518 439//515 
f 575//514 576//516 442//513 
f 574//512 575//514 441//511 
f 573//510 574//512 477//509 
f 572//508 573//510 478//507 
f 571//506 572//508 457//505 
f 570//504 571//506 456//503 
f 569//502 570//504 444//501 
f 568//500 569//502 443//499 
f 567//498 568//500 458//497 
f 566//496 567//498 420//495 
f 565//494 566//496 419//493 
f 564//492 565//494 425//491 
f 563//490 564//492 424//489 
f 562//488 563//490 446//487 
f 561//486 562//488 445//485 
f 560//484 561//486 459//483 
f 559//482 560//484 448//481 
f 558//480 559//482 447//479 
f 557//478 558//480 449//477 
f 556//476 557//478 460//475 
f 555//474 556//476 462//473 
f 554//472 555//474 461//471 
f 553//470 554//472 479//469 
f 552//468 553//470 463//467 
f 551//466 552//468 422//465 
f 550//464 551//466 421//463 
f 549//462 550//464 418//461 
f 548//460 549//462 417//459 
f 547//458 548//460 423//457 
f 546//456 547//458 427//455 
f 545//454 546//456 426//453 
f 544//452 545//454 480//451 
f 543//450 544//452 496//449 
f 542//448 543//450 481//447 
f 541//446 542//448 464//445 
f 540//444 541//446 493//443 
f 539//442 540//444 492//441 
f 538//440 539//442 503//439 
f 537//438 538//440 495//437 
f 536//436 537//438 494//435 
f 535//434 536//436 476//433 
o mesh42
f 593//547 592//547 591//547 
f 591//547 590//547 593//547 
f 590//547 589//547 593//547 
f 589//547 588//547 593//547 
f 588//547 587//547 593//547 
f 587//547 586//547 593//547 
f 586//547 585//547 593//547 
f 585//547 584//547 593//547 
f 584//547 583//547 593//547 
f 583//547 582//547 593//547 
f 582//547 581//547 593//547 
f 581//547 580//547 593//547 
f 580//547 579//547 593//547 
f 579//547 578//547 593//547 
f 578//547 577//547 593//547 
f 577//547 576//547 593//547 
f 576//547 575//547 593//547 
f 575//547 574//547 593//547 
f 574//547 573//547 593//547 
f 573//547 572//547 593//547 
f 572//547 571//547 593//547 
f 571//547 570//547 593//547 
f 570//547 569//547 593//547 
f 569//547 568//547 593//547 
f 568//547 567//547 593//547 
f 567//547 566//547 593//547 
f 566//547 565//547 593//547 
f 565//547 564//547 593//547 
f 564//547 563//547 593//547 
f 563//547 562//547 593//547 
f 562//547 561//547 593//547 
f 561//547 560//547 593//547 
f 560//547 559//547 593//547 
f 559//547 558//547 593//547 
f 558//547 557//547 593//547 
f 557//547 556//547 593//547 
f 556//547 555//547 593//547 
f 555//547 554//547 593//547 
f 554//547 553//547 593//547 
f 553//547 552//547 593//547 
f 552//547 551//547 593//547 
f 551//547 550//547 593//547 
f 550//547 549//547 593//547 
f 549//547 548//547 593//547 
f 548//547 547//547 593//547 
f 547//547 546//547 593//547 
f 546//547 545//547 593//547 
f 545//547 544//547 593//547 
f 544//547 543//547 593//547 
f 543//547 542//547 593//547 
f 542//547 541//547 593//547 
f 541//547 540//547 593//547 
f 540//547 539//547 593//547 
f 539//547 538//547 593//547 
f 538//547 537//547 593//547 
f 537//547 536//547 593//547 
f 536//547 535//547 593//547 
f 535//547 592//547 593//547 
o mesh43
f 594//548 595//548 596//548 
f 597//548 598//548 404//548 
f 403//548 599//548 600//548 
f 596//548 403//548 594//548 
f 403//548 601//548 597//548 
f 403//548 602//548 603//548 
f 403//548 604//548 599//548 
f 403//548 605//548 606//548 
f 596//548 607//548 403//548 
f 404//548 598//548 608//548 
f 609//548 610//548 611//548 
f 603//548 601//548 403//548 
f 606//548 604//548 403//548 
f 403//548 612//548 613//548 
f 595//548 614//548 596//548 
f 403//548 615//548 616//548 
f 403//548 617//548 618//548 
f 404//548 619//548 620//548 
f 608//548 621//548 404//548 
f 611//548 622//548 609//548 
f 623//548 624//548 625//548 
f 626//548 627//548 628//548 
f 600//548 602//548 403//548 
f 607//548 612//548 403//548 
f 618//548 615//548 403//548 
f 407//548 629//548 617//548 
f 407//548 630//548 631//548 
f 632//548 276//548 404//548 
f 621//548 619//548 404//548 
f 598//548 633//548 634//548 
f 633//548 598//548 635//548 
f 636//548 637//548 610//548 
f 638//548 272//548 639//548 
f 625//548 640//548 641//548 
f 642//548 643//548 626//548 
f 644//548 643//548 645//548 
f 646//548 644//548 647//548 
f 613//548 605//548 403//548 
f 403//548 648//548 649//548 
f 617//548 403//548 407//548 
f 631//548 650//548 407//548 
f 407//548 651//548 652//548 
f 273//548 653//548 654//548 
f 273//548 655//548 656//548 
f 272//548 657//548 658//548 
f 404//548 659//548 660//548 
f 404//548 661//548 662//548 
f 598//548 663//548 608//548 
f 635//548 664//548 633//548 
f 609//548 636//548 610//548 
f 622//548 611//548 665//548 
f 664//548 666//548 667//548 
f 664//548 635//548 668//548 
f 669//548 670//548 671//548 
f 672//548 673//548 674//548 
f 670//548 675//548 676//548 
f 675//548 674//548 677//548 
f 272//548 678//548 679//548 
f 272//548 680//548 681//548 
f 272//548 682//548 639//548 
f 683//548 639//548 684//548 
f 625//548 641//548 623//548 
f 628//548 627//548 685//548 
f 686//548 685//548 640//548 
f 628//548 642//548 626//548 
f 645//548 687//548 644//548 
f 688//548 614//548 646//548 
f 649//548 594//548 403//548 
f 650//548 629//548 407//548 
f 407//548 689//548 651//548 
f 656//548 653//548 273//548 
f 272//548 690//548 691//548 
f 272//548 692//548 657//548 
f 276//548 693//548 694//548 
f 276//548 695//548 696//548 
f 662//548 659//548 404//548 
f 634//548 663//548 598//548 
f 665//548 697//548 622//548 
f 668//548 666//548 664//548 
f 671//548 698//548 669//548 
f 674//548 675//548 672//548 
f 677//548 676//548 675//548 
f 681//548 678//548 272//548 
f 639//548 683//548 638//548 
f 699//548 700//548 701//548 
f 684//548 702//548 683//548 
f 623//548 703//548 624//548 
f 704//548 705//548 706//548 
f 640//548 625//548 686//548 
f 687//548 647//548 644//548 
f 614//548 707//548 708//548 
f 647//548 688//548 646//548 
f 616//548 648//548 403//548 
f 652//548 709//548 407//548 
f 407//548 710//548 711//548 
f 654//548 407//548 273//548 
f 273//548 712//548 713//548 
f 658//548 690//548 272//548 
f 272//548 714//548 715//548 
f 272//548 716//548 717//548 
f 694//548 272//548 276//548 
f 276//548 718//548 719//548 
f 276//548 720//548 695//548 
f 620//548 661//548 404//548 
f 667//548 637//548 664//548 
f 697//548 665//548 669//548 
f 676//548 671//548 670//548 
f 658//548 721//548 722//548 
f 638//548 680//548 272//548 
f 272//548 723//548 724//548 
f 701//548 704//548 699//548 
f 702//548 725//548 683//548 
f 706//548 624//548 704//548 
f 642//548 645//548 643//548 
f 688//548 707//548 614//548 
f 709//548 630//548 407//548 
f 654//548 710//548 407//548 
f 273//548 726//548 727//548 
f 713//548 728//548 273//548 
f 272//548 729//548 730//548 
f 272//548 731//548 692//548 
f 717//548 714//548 272//548 
f 272//548 732//548 733//548 
f 694//548 734//548 272//548 
f 696//548 718//548 276//548 
f 276//548 632//548 735//548 
f 636//548 664//548 637//548 
f 672//548 736//548 673//548 
f 737//548 673//548 736//548 
f 658//548 738//548 739//548 
f 722//548 740//548 658//548 
f 272//548 741//548 742//548 
f 272//548 743//548 744//548 
f 724//548 682//548 272//548 
f 725//548 700//548 683//548 
f 704//548 701//548 705//548 
f 708//548 596//548 614//548 
f 711//548 689//548 407//548 
f 273//548 745//548 726//548 
f 728//548 746//548 273//548 
f 730//548 747//548 272//548 
f 691//548 748//548 272//548 
f 272//548 749//548 750//548 
f 733//548 716//548 272//548 
f 272//548 751//548 752//548 
f 734//548 753//548 272//548 
f 735//548 720//548 276//548 
f 698//548 697//548 669//548 
f 754//548 755//548 737//548 
f 754//548 756//548 757//548 
f 658//548 758//548 738//548 
f 740//548 759//548 658//548 
f 742//548 273//548 272//548 
f 679//548 743//548 272//548 
f 703//548 704//548 624//548 
f 404//548 403//548 597//548 
f 273//548 760//548 761//548 
f 273//548 762//548 763//548 
f 746//548 745//548 273//548 
f 273//548 764//548 765//548 
f 748//548 729//548 272//548 
f 715//548 749//548 272//548 
f 753//548 751//548 272//548 
f 404//548 660//548 632//548 
f 756//548 754//548 766//548 
f 757//548 755//548 754//548 
f 759//548 758//548 658//548 
f 658//548 657//548 767//548 
f 744//548 741//548 272//548 
f 685//548 686//548 628//548 
f 763//548 760//548 273//548 
f 765//548 712//548 273//548 
f 750//548 731//548 272//548 
f 719//548 693//548 276//548 
f 736//548 754//548 737//548 
f 767//548 721//548 658//548 
f 699//548 683//548 700//548 
f 727//548 762//548 273//548 
f 752//548 732//548 272//548 
f 739//548 756//548 658//548 
f 761//548 655//548 273//548 
f 766//548 658//548 756//548 
f 747//548 723//548 272//548 
f 742//548 764//548 273//548 
o mesh44
f 724//549 723//550 768//550 
f 682//551 724//549 769//552 
f 639//553 682//551 770//554 
f 684//555 639//553 771//556 
f 702//557 684//555 772//558 
f 725//559 702//557 773//560 
f 700//561 725//559 774//562 
f 701//563 700//561 775//564 
f 705//565 701//563 776//566 
f 706//567 705//565 777//568 
f 624//569 706//567 778//570 
f 625//571 624//569 779//572 
f 686//573 625//571 780//574 
f 628//575 686//573 781//576 
f 642//577 628//575 782//578 
f 645//579 642//577 783//580 
f 687//581 645//579 784//582 
f 647//583 687//581 785//584 
f 688//585 647//583 786//586 
f 707//587 688//585 787//588 
f 708//589 707//587 788//590 
f 596//591 708//589 789//592 
f 607//593 596//591 790//594 
f 612//595 607//593 791//596 
f 613//597 612//595 792//598 
f 605//599 613//597 793//600 
f 606//601 605//599 794//602 
f 604//603 606//601 795//604 
f 599//605 604//603 796//606 
f 600//607 599//605 797//608 
f 602//609 600//607 798//610 
f 603//611 602//609 799//612 
f 601//613 603//611 800//614 
f 597//615 601//613 801//616 
f 598//617 597//615 802//618 
f 635//619 598//617 803//620 
f 668//621 635//619 804//622 
f 666//623 668//621 805//624 
f 667//625 666//623 806//626 
f 637//627 667//625 807//628 
f 610//629 637//627 808//630 
f 611//631 610//629 809//632 
f 665//633 611//631 810//634 
f 669//635 665//633 811//636 
f 670//637 669//635 812//638 
f 675//639 670//637 813//640 
f 672//641 675//639 814//642 
f 736//643 672//641 815//644 
f 754//645 736//643 816//646 
f 766//647 754//645 817//648 
f 658//649 766//647 818//650 
f 690//651 658//649 819//652 
f 691//653 690//651 820//654 
f 748//655 691//653 821//656 
f 729//657 748//655 822//658 
f 730//659 729//657 823//660 
f 747//661 730//659 824//662 
f 723//550 747//661 825//661 
f 825//661 768//550 723//550 
f 824//662 825//661 747//661 
f 823//660 824//662 730//659 
f 822//658 823//660 729//657 
f 821//656 822//658 748//655 
f 820//654 821//656 691//653 
f 819//652 820//654 690//651 
f 818//650 819//652 658//649 
f 817//648 818//650 766//647 
f 816//646 817//648 754//645 
f 815//644 816//646 736//643 
f 814//642 815//644 672//641 
f 813//640 814//642 675//639 
f 812//638 813//640 670//637 
f 811//636 812//638 669//635 
f 810//634 811//636 665//633 
f 809//632 810//634 611//631 
f 808//630 809//632 610//629 
f 807//628 808//630 637//627 
f 806//626 807//628 667//625 
f 805//624 806//626 666//623 
f 804//622 805//624 668//621 
f 803//620 804//622 635//619 
f 802//618 803//620 598//617 
f 801//616 802//618 597//615 
f 800//614 801//616 601//613 
f 799//612 800//614 603//611 
f 798//610 799//612 602//609 
f 797//608 798//610 600//607 
f 796//606 797//608 599//605 
f 795//604 796//606 604//603 
f 794//602 795//604 606//601 
f 793//600 794//602 605//599 
f 792//598 793//600 613//597 
f 791//596 792//598 612//595 
f 790//594 791//596 607//593 
f 789//592 790//594 596//591 
f 788//590 789//592 708//589 
f 787//588 788//590 707//587 
f 786//586 787//588 688//585 
f 785//584 786//586 647//583 
f 784//582 785//584 687//581 
f 783//580 784//582 645//579 
f 782//578 783//580 642//577 
f 781//576 782//578 628//575 
f 780//574 781//576 686//573 
f 779//572 780//574 625//571 
f 778//570 779//572 624//569 
f 777//568 778//570 706//567 
f 776//566 777//568 705//565 
f 775//564 776//566 701//563 
f 774//562 775//564 700//561 
f 773//560 774//562 725//559 
f 772//558 773//560 702//557 
f 771//556 772//558 684//555 
f 770//554 771//556 639//553 
f 769//552 770//554 682//551 
f 768//550 769//552 724//549 
o mesh45
f 767//663 657//664 826//664 
f 721//665 767//663 827//666 
f 722//667 721//665 828//668 
f 740//669 722//667 829//670 
f 759//671 740//669 830//672 
f 758//673 759//671 831//674 
f 738//675 758//673 832//676 
f 739//677 738//675 833//678 
f 756//679 739//677 834//680 
f 757//681 756//679 835//682 
f 755//683 757//681 836//684 
f 737//685 755//683 837//686 
f 673//687 737//685 838//688 
f 674//689 673//687 839//690 
f 677//691 674//689 840//692 
f 676//693 677//691 841//694 
f 671//695 676//693 842//696 
f 698//697 671//695 843//698 
f 697//699 698//697 844//700 
f 622//701 697//699 845//702 
f 609//703 622//701 846//704 
f 636//705 609//703 847//706 
f 664//707 636//705 848//708 
f 633//709 664//707 849//710 
f 634//711 633//709 850//712 
f 663//713 634//711 851//714 
f 608//715 663//713 852//716 
f 621//717 608//715 853//718 
f 619//719 621//717 854//720 
f 620//721 619//719 855//722 
f 661//723 620//721 856//724 
f 662//725 661//723 857//726 
f 659//727 662//725 858//728 
f 660//729 659//727 859//730 
f 632//731 660//729 860//732 
f 735//733 632//731 861//734 
f 720//735 735//733 862//736 
f 695//737 720//735 863//738 
f 696//739 695//737 864//740 
f 718//741 696//739 865//742 
f 719//743 718//741 866//744 
f 693//745 719//743 867//746 
f 694//747 693//745 868//748 
f 734//749 694//747 869//750 
f 753//751 734//749 870//752 
f 751//753 753//751 871//754 
f 752//755 751//753 872//756 
f 732//757 752//755 873//758 
f 733//759 732//757 874//760 
f 716//761 733//759 875//762 
f 717//763 716//761 876//764 
f 714//765 717//763 877//766 
f 715//767 714//765 878//768 
f 749//769 715//767 879//770 
f 750//771 749//769 880//772 
f 731//773 750//771 881//774 
f 692//775 731//773 882//776 
f 657//664 692//775 883//775 
f 883//775 826//664 657//664 
f 882//776 883//775 692//775 
f 881//774 882//776 731//773 
f 880//772 881//774 750//771 
f 879//770 880//772 749//769 
f 878//768 879//770 715//767 
f 877//766 878//768 714//765 
f 876//764 877//766 717//763 
f 875//762 876//764 716//761 
f 874//760 875//762 733//759 
f 873//758 874//760 732//757 
f 872//756 873//758 752//755 
f 871//754 872//756 751//753 
f 870//752 871//754 753//751 
f 869//750 870//752 734//749 
f 868//748 869//750 694//747 
f 867//746 868//748 693//745 
f 866//744 867//746 719//743 
f 865//742 866//744 718//741 
f 864//740 865//742 696//739 
f 863//738 864//740 695//737 
f 862//736 863//738 720//735 
f 861//734 862//736 735//733 
f 860//732 861//734 632//731 
f 859//730 860//732 660//729 
f 858//728 859//730 659//727 
f 857//726 858//728 662//725 
f 856//724 857//726 661//723 
f 855//722 856//724 620//721 
f 854//720 855//722 619//719 
f 853//718 854//720 621//717 
f 852//716 853//718 608//715 
f 851//714 852//716 663//713 
f 850//712 851//714 634//711 
f 849//710 850//712 633//709 
f 848//708 849//710 664//707 
f 847//706 848//708 636//705 
f 846//704 847//706 609//703 
f 845//702 846//704 622//701 
f 844//700 845//702 697//699 
f 843//698 844//700 698//697 
f 842//696 843//698 671//695 
f 841//694 842//696 676//693 
f 840//692 841//694 677//691 
f 839//690 840//692 674//689 
f 838//688 839//690 673//687 
f 837//686 838//688 737//685 
f 836//684 837//686 755//683 
f 835//682 836//684 757//681 
f 834//680 835//682 756//679 
f 833//678 834//680 739//677 
f 832//676 833//678 738//675 
f 831//674 832//676 758//673 
f 830//672 831//674 759//671 
f 829//670 830//672 740//669 
f 828//668 829//670 722//667 
f 827//666 828//668 721//665 
f 826//664 827//666 767//663 
o mesh46
f 765//777 764//778 884//778 
f 712//779 765//777 885//780 
f 713//781 712//779 886//782 
f 728//783 713//781 887//784 
f 746//785 728//783 888//786 
f 745//787 746//785 889//788 
f 726//789 745//787 890//790 
f 727//791 726//789 891//792 
f 762//793 727//791 892//794 
f 763//795 762//793 893//796 
f 760//797 763//795 894//798 
f 761//799 760//797 895//800 
f 655//801 761//799 896//802 
f 656//803 655//801 897//804 
f 653//805 656//803 898//806 
f 654//807 653//805 899//808 
f 710//809 654//807 900//810 
f 711//811 710//809 901//812 
f 689//813 711//811 902//814 
f 651//815 689//813 903//816 
f 652//817 651//815 904//818 
f 709//819 652//817 905//820 
f 630//821 709//819 906//822 
f 631//823 630//821 907//824 
f 650//825 631//823 908//826 
f 629//827 650//825 909//828 
f 617//829 629//827 910//830 
f 618//831 617//829 911//832 
f 615//833 618//831 912//834 
f 616//835 615//833 913//836 
f 648//837 616//835 914//838 
f 649//839 648//837 915//840 
f 594//841 649//839 916//842 
f 595//843 594//841 917//844 
f 614//845 595//843 918//846 
f 646//847 614//845 919//848 
f 644//849 646//847 920//850 
f 643//851 644//849 921//852 
f 626//853 643//851 922//854 
f 627//855 626//853 923//856 
f 685//857 627//855 924//858 
f 640//859 685//857 925//860 
f 641//861 640//859 926//862 
f 623//863 641//861 927//864 
f 703//865 623//863 928//866 
f 704//867 703//865 929//868 
f 699//869 704//867 930//870 
f 683//871 699//869 931//872 
f 638//873 683//871 932//874 
f 680//875 638//873 933//876 
f 681//877 680//875 934//878 
f 678//879 681//877 935//880 
f 679//881 678//879 936//882 
f 743//883 679//881 937//884 
f 744//885 743//883 938//886 
f 741//887 744//885 939//888 
f 742//889 741//887 940//890 
f 764//778 742//889 941//889 
f 941//889 884//778 764//778 
f 940//890 941//889 742//889 
f 939//888 940//890 741//887 
f 938//886 939//888 744//885 
f 937//884 938//886 743//883 
f 936//882 937//884 679//881 
f 935//880 936//882 678//879 
f 934//878 935//880 681//877 
f 933//876 934//878 680//875 
f 932//874 933//876 638//873 
f 931//872 932//874 683//871 
f 930//870 931//872 699//869 
f 929//868 930//870 704//867 
f 928//866 929//868 703//865 
f 927//864 928//866 623//863 
f 926//862 927//864 641//861 
f 925//860 926//862 640//859 
f 924//858 925//860 685//857 
f 923//856 924//858 627//855 
f 922//854 923//856 626//853 
f 921//852 922//854 643//851 
f 920//850 921//852 644//849 
f 919//848 920//850 646//847 
f 918//846 919//848 614//845 
f 917//844 918//846 595//843 
f 916//842 917//844 594//841 
f 915//840 916//842 649//839 
f 914//838 915//840 648//837 
f 913//836 914//838 616//835 
f 912//834 913//836 615//833 
f 911//832 912//834 618//831 
f 910//830 911//832 617//829 
f 909//828 910//830 629//827 
f 908//826 909//828 650//825 
f 907//824 908//826 631//823 
f 906//822 907//824 630//821 
f 905//820 906//822 709//819 
f 904//818 905//820 652//817 
f 903//816 904//818 651//815 
f 902//814 903//816 689//813 
f 901//812 902//814 711//811 
f 900//810 901//812 710//809 
f 899//808 900//810 654//807 
f 898//806 899//808 653//805 
f 897//804 898//806 656//803 
f 896//802 897//804 655//801 
f 895//800 896//802 761//799 
f 894//798 895//800 760//797 
f 893//796 894//798 763//795 
f 892//794 893//796 762//793 
f 891//792 892//794 727//791 
f 890//790 891//792 726//789 
f 889//788 890//790 745//787 
f 888//786 889//788 746//785 
f 887//784 888//786 728//783 
f 886//782 887//784 713//781 
f 885//780 886//782 712//779 
f 884//778 885//780 765//777 
o mesh47
f 942//891 887//891 886//891 
f 942//891 943//891 888//891 
f 944//891 923//891 922//891 
f 944//891 945//891 924//891 
f 946//891 884//891 941//891 
f 946//891 947//891 885//891 
f 888//891 887//891 942//891 
f 943//891 948//891 889//891 
f 949//891 892//891 891//891 
f 949//891 950//891 893//891 
f 951//891 914//891 913//891 
f 951//891 952//891 915//891 
f 953//891 916//891 915//891 
f 953//891 954//891 917//891 
f 955//891 922//891 921//891 
f 924//891 923//891 944//891 
f 956//891 925//891 924//891 
f 956//891 957//891 926//891 
f 958//891 927//891 926//891 
f 958//891 959//891 928//891 
f 960//891 933//891 932//891 
f 960//891 961//891 934//891 
f 961//891 962//891 935//891 
f 962//891 963//891 936//891 
f 964//891 941//891 940//891 
f 885//891 884//891 946//891 
f 889//891 888//891 943//891 
f 948//891 965//891 890//891 
f 966//891 891//891 890//891 
f 893//891 892//891 949//891 
f 967//891 909//891 908//891 
f 967//891 968//891 910//891 
f 915//891 914//891 951//891 
f 917//891 916//891 953//891 
f 954//891 969//891 918//891 
f 969//891 970//891 919//891 
f 971//891 920//891 919//891 
f 971//891 972//891 921//891 
f 922//891 955//891 944//891 
f 926//891 925//891 956//891 
f 928//891 927//891 958//891 
f 959//891 973//891 929//891 
f 934//891 933//891 960//891 
f 936//891 935//891 962//891 
f 963//891 974//891 937//891 
f 974//891 975//891 938//891 
f 941//891 964//891 946//891 
f 947//891 976//891 886//891 
f 890//891 889//891 948//891 
f 891//891 966//891 949//891 
f 977//891 894//891 893//891 
f 978//891 895//891 894//891 
f 979//891 896//891 895//891 
f 979//891 980//891 897//891 
f 981//891 898//891 897//891 
f 982//891 899//891 898//891 
f 983//891 905//891 904//891 
f 983//891 984//891 906//891 
f 985//891 908//891 907//891 
f 910//891 909//891 967//891 
f 915//891 952//891 953//891 
f 919//891 918//891 969//891 
f 921//891 920//891 971//891 
f 924//891 945//891 956//891 
f 929//891 928//891 959//891 
f 973//891 986//891 930//891 
f 987//891 931//891 930//891 
f 987//891 988//891 932//891 
f 935//891 934//891 961//891 
f 938//891 937//891 974//891 
f 975//891 989//891 939//891 
f 989//891 990//891 940//891 
f 886//891 885//891 947//891 
f 890//891 965//891 966//891 
f 894//891 977//891 978//891 
f 897//891 896//891 979//891 
f 898//891 981//891 982//891 
f 982//891 991//891 900//891 
f 906//891 905//891 983//891 
f 984//891 992//891 907//891 
f 908//891 985//891 967//891 
f 968//891 993//891 911//891 
f 993//891 994//891 912//891 
f 995//891 913//891 912//891 
f 918//891 917//891 954//891 
f 921//891 972//891 955//891 
f 930//891 929//891 973//891 
f 932//891 931//891 987//891 
f 937//891 936//891 963//891 
f 940//891 939//891 989//891 
f 886//891 976//891 942//891 
f 895//891 978//891 979//891 
f 900//891 899//891 982//891 
f 991//891 996//891 901//891 
f 997//891 902//891 901//891 
f 997//891 998//891 903//891 
f 998//891 999//891 904//891 
f 907//891 906//891 984//891 
f 911//891 910//891 968//891 
f 912//891 994//891 995//891 
f 919//891 970//891 971//891 
f 930//891 986//891 987//891 
f 939//891 938//891 975//891 
f 893//891 950//891 977//891 
f 901//891 900//891 991//891 
f 903//891 902//891 997//891 
f 904//891 999//891 983//891 
f 912//891 911//891 993//891 
f 926//891 957//891 958//891 
f 940//891 990//891 964//891 
f 901//891 996//891 997//891 
f 907//891 992//891 985//891 
f 932//891 988//891 960//891 
f 904//891 903//891 998//891 
f 897//891 980//891 981//891 
f 913//891 995//891 951//891 
o mesh48
f 1000//892 1001//893 995//893 
f 1002//894 1000//892 994//895 
f 1003//896 1002//894 993//897 
f 1004//898 1003//896 968//899 
f 1005//900 1004//898 967//901 
f 1006//902 1005//900 985//903 
f 1007//904 1006//902 992//905 
f 1008//906 1007//904 984//907 
f 1009//908 1008//906 983//909 
f 1010//910 1009//908 999//911 
f 1011//912 1010//910 998//913 
f 1012//914 1011//912 997//915 
f 1013//916 1012//914 996//917 
f 1014//918 1013//916 991//919 
f 1015//920 1014//918 982//921 
f 1016//922 1015//920 981//923 
f 1017//924 1016//922 980//925 
f 1018//926 1017//924 979//927 
f 1019//928 1018//926 978//929 
f 1020//930 1019//928 977//931 
f 1021//932 1020//930 950//933 
f 1022//934 1021//932 949//935 
f 1023//936 1022//934 966//937 
f 1024//938 1023//936 965//939 
f 1025//940 1024//938 948//941 
f 1026//942 1025//940 943//943 
f 1027//944 1026//942 942//945 
f 1028//946 1027//944 976//947 
f 1029//948 1028//946 947//949 
f 1030//950 1029//948 946//951 
f 1031//952 1030//950 964//953 
f 1032//954 1031//952 990//955 
f 1033//956 1032//954 989//957 
f 1034//958 1033//956 975//959 
f 1035//960 1034//958 974//961 
f 1036//962 1035//960 963//963 
f 1037//964 1036//962 962//965 
f 1038//966 1037//964 961//967 
f 1039//968 1038//966 960//969 
f 1040//970 1039//968 988//971 
f 1041//972 1040//970 987//973 
f 1042//974 1041//972 986//975 
f 1043//976 1042//974 973//977 
f 1044//978 1043//976 959//979 
f 1045//980 1044//978 958//981 
f 1046//982 1045//980 957//983 
f 1047//984 1046//982 956//985 
f 1048//986 1047//984 945//987 
f 1049//988 1048//986 944//989 
f 1050//990 1049//988 955//991 
f 1051//992 1050//990 972//993 
f 1052//994 1051//992 971//995 
f 1053//996 1052//994 970//997 
f 1054//998 1053//996 969//999 
f 1055//1000 1054//998 954//1001 
f 1056//1002 1055//1000 953//1003 
f 1057//1004 1056//1002 952//1005 
f 1001//893 1057//1004 951//1004 
f 951//1004 995//893 1001//893 
f 952//1005 951//1004 1057//1004 
f 953//1003 952//1005 1056//1002 
f 954//1001 953//1003 1055//1000 
f 969//999 954//1001 1054//998 
f 970//997 969//999 1053//996 
f 971//995 970//997 1052//994 
f 972//993 971//995 1051//992 
f 955//991 972//993 1050//990 
f 944//989 955//991 1049//988 
f 945//987 944//989 1048//986 
f 956//985 945//987 1047//984 
f 957//983 956//985 1046//982 
f 958//981 957//983 1045//980 
f 959//979 958//981 1044//978 
f 973//977 959//979 1043//976 
f 986//975 973//977 1042//974 
f 987//973 986//975 1041//972 
f 988//971 987//973 1040//970 
f 960//969 988//971 1039//968 
f 961//967 960//969 1038//966 
f 962//965 961//967 1037//964 
f 963//963 962//965 1036//962 
f 974//961 963//963 1035//960 
f 975//959 974//961 1034//958 
f 989//957 975//959 1033//956 
f 990//955 989//957 1032//954 
f 964//953 990//955 1031//952 
f 946//951 964//953 1030//950 
f 947//949 946//951 1029//948 
f 976//947 947//949 1028//946 
f 942//945 976//947 1027//944 
f 943//943 942//945 1026//942 
f 948//941 943//943 1025//940 
f 965//939 948//941 1024//938 
f 966//937 965//939 1023//936 
f 949//935 966//937 1022//934 
f 950//933 949//935 1021//932 
f 977//931 950//933 1020//930 
f 978//929 977//931 1019//928 
f 979//927 978//929 1018//926 
f 980//925 979//927 1017//924 
f 981//923 980//925 1016//922 
f 982//921 981//923 1015//920 
f 991//919 982//921 1014//918 
f 996//917 991//919 1013//916 
f 997//915 996//917 1012//914 
f 998//913 997//915 1011//912 
f 999//911 998//913 1010//910 
f 983//909 999//911 1009//908 
f 984//907 983//909 1008//906 
f 992//905 984//907 1007//904 
f 985//903 992//905 1006//902 
f 967//901 985//903 1005//900 
f 968//899 967//901 1004//898 
f 993//897 968//899 1003//896 
f 994//895 993//897 1002//894 
f 995//893 994//895 1000//892 
o mesh49
f 1058//1006 829//1006 828//1006 
f 1058//1006 1059//1006 830//1006 
f 1060//1006 865//1006 864//1006 
f 1060//1006 1061//1006 866//1006 
f 1062//1006 826//1006 883//1006 
f 1062//1006 1063//1006 827//1006 
f 830//1006 829//1006 1058//1006 
f 1059//1006 1064//1006 831//1006 
f 1065//1006 834//1006 833//1006 
f 1065//1006 1066//1006 835//1006 
f 1067//1006 856//1006 855//1006 
f 1067//1006 1068//1006 857//1006 
f 1069//1006 858//1006 857//1006 
f 1069//1006 1070//1006 859//1006 
f 1071//1006 864//1006 863//1006 
f 866//1006 865//1006 1060//1006 
f 1072//1006 867//1006 866//1006 
f 1072//1006 1073//1006 868//1006 
f 1074//1006 869//1006 868//1006 
f 1074//1006 1075//1006 870//1006 
f 1076//1006 875//1006 874//1006 
f 1076//1006 1077//1006 876//1006 
f 1077//1006 1078//1006 877//1006 
f 1078//1006 1079//1006 878//1006 
f 1080//1006 883//1006 882//1006 
f 827//1006 826//1006 1062//1006 
f 831//1006 830//1006 1059//1006 
f 1064//1006 1081//1006 832//1006 
f 1082//1006 833//1006 832//1006 
f 835//1006 834//1006 1065//1006 
f 1083//1006 851//1006 850//1006 
f 1083//1006 1084//1006 852//1006 
f 857//1006 856//1006 1067//1006 
f 859//1006 858//1006 1069//1006 
f 1070//1006 1085//1006 860//1006 
f 1085//1006 1086//1006 861//1006 
f 1087//1006 862//1006 861//1006 
f 1087//1006 1088//1006 863//1006 
f 864//1006 1071//1006 1060//1006 
f 868//1006 867//1006 1072//1006 
f 870//1006 869//1006 1074//1006 
f 1075//1006 1089//1006 871//1006 
f 876//1006 875//1006 1076//1006 
f 878//1006 877//1006 1078//1006 
f 1079//1006 1090//1006 879//1006 
f 1090//1006 1091//1006 880//1006 
f 883//1006 1080//1006 1062//1006 
f 1063//1006 1092//1006 828//1006 
f 832//1006 831//1006 1064//1006 
f 833//1006 1082//1006 1065//1006 
f 1093//1006 836//1006 835//1006 
f 1094//1006 837//1006 836//1006 
f 1095//1006 838//1006 837//1006 
f 1095//1006 1096//1006 839//1006 
f 1097//1006 840//1006 839//1006 
f 1098//1006 841//1006 840//1006 
f 1099//1006 847//1006 846//1006 
f 1099//1006 1100//1006 848//1006 
f 1101//1006 850//1006 849//1006 
f 852//1006 851//1006 1083//1006 
f 857//1006 1068//1006 1069//1006 
f 861//1006 860//1006 1085//1006 
f 863//1006 862//1006 1087//1006 
f 866//1006 1061//1006 1072//1006 
f 871//1006 870//1006 1075//1006 
f 1089//1006 1102//1006 872//1006 
f 1103//1006 873//1006 872//1006 
f 1103//1006 1104//1006 874//1006 
f 877//1006 876//1006 1077//1006 
f 880//1006 879//1006 1090//1006 
f 1091//1006 1105//1006 881//1006 
f 1105//1006 1106//1006 882//1006 
f 828//1006 827//1006 1063//1006 
f 832//1006 1081//1006 1082//1006 
f 836//1006 1093//1006 1094//1006 
f 839//1006 838//1006 1095//1006 
f 840//1006 1097//1006 1098//1006 
f 1098//1006 1107//1006 842//1006 
f 848//1006 847//1006 1099//1006 
f 1100//1006 1108//1006 849//1006 
f 850//1006 1101//1006 1083//1006 
f 1084//1006 1109//1006 853//1006 
f 1109//1006 1110//1006 854//1006 
f 1111//1006 855//1006 854//1006 
f 860//1006 859//1006 1070//1006 
f 863//1006 1088//1006 1071//1006 
f 872//1006 871//1006 1089//1006 
f 874//1006 873//1006 1103//1006 
f 879//1006 878//1006 1079//1006 
f 882//1006 881//1006 1105//1006 
f 828//1006 1092//1006 1058//1006 
f 837//1006 1094//1006 1095//1006 
f 842//1006 841//1006 1098//1006 
f 1107//1006 1112//1006 843//1006 
f 1113//1006 844//1006 843//1006 
f 1113//1006 1114//1006 845//1006 
f 1114//1006 1115//1006 846//1006 
f 849//1006 848//1006 1100//1006 
f 853//1006 852//1006 1084//1006 
f 854//1006 1110//1006 1111//1006 
f 861//1006 1086//1006 1087//1006 
f 872//1006 1102//1006 1103//1006 
f 881//1006 880//1006 1091//1006 
f 835//1006 1066//1006 1093//1006 
f 843//1006 842//1006 1107//1006 
f 845//1006 844//1006 1113//1006 
f 846//1006 1115//1006 1099//1006 
f 854//1006 853//1006 1109//1006 
f 868//1006 1073//1006 1074//1006 
f 882//1006 1106//1006 1080//1006 
f 843//1006 1112//1006 1113//1006 
f 849//1006 1108//1006 1101//1006 
f 874//1006 1104//1006 1076//1006 
f 846//1006 845//1006 1114//1006 
f 839//1006 1096//1006 1097//1006 
f 855//1006 1111//1006 1067//1006 
o mesh50
f 1116//1007 1117//1008 1111//1008 
f 1118//1009 1116//1007 1110//1010 
f 1119//1011 1118//1009 1109//1012 
f 1120//1013 1119//1011 1084//1014 
f 1121//1015 1120//1013 1083//1016 
f 1122//1017 1121//1015 1101//1018 
f 1123//1019 1122//1017 1108//1020 
f 1124//1021 1123//1019 1100//1022 
f 1125//1023 1124//1021 1099//1024 
f 1126//1025 1125//1023 1115//1026 
f 1127//1027 1126//1025 1114//1028 
f 1128//1029 1127//1027 1113//1030 
f 1129//1031 1128//1029 1112//1032 
f 1130//1033 1129//1031 1107//1034 
f 1131//1035 1130//1033 1098//1036 
f 1132//1037 1131//1035 1097//1038 
f 1133//1039 1132//1037 1096//1040 
f 1134//1041 1133//1039 1095//1042 
f 1135//1043 1134//1041 1094//1044 
f 1136//1045 1135//1043 1093//1046 
f 1137//1047 1136//1045 1066//1048 
f 1138//1049 1137//1047 1065//1050 
f 1139//1051 1138//1049 1082//1052 
f 1140//1053 1139//1051 1081//1054 
f 1141//1055 1140//1053 1064//1056 
f 1142//1057 1141//1055 1059//1058 
f 1143//1059 1142//1057 1058//1060 
f 1144//1061 1143//1059 1092//1062 
f 1145//1063 1144//1061 1063//1064 
f 1146//1065 1145//1063 1062//1066 
f 1147//1067 1146//1065 1080//1068 
f 1148//1069 1147//1067 1106//1070 
f 1149//1071 1148//1069 1105//1072 
f 1150//1073 1149//1071 1091//1074 
f 1151//1075 1150//1073 1090//1076 
f 1152//1077 1151//1075 1079//1078 
f 1153//1079 1152//1077 1078//1080 
f 1154//1081 1153//1079 1077//1082 
f 1155//1083 1154//1081 1076//1084 
f 1156//1085 1155//1083 1104//1086 
f 1157//1087 1156//1085 1103//1088 
f 1158//1089 1157//1087 1102//1090 
f 1159//1091 1158//1089 1089//1092 
f 1160//1093 1159//1091 1075//1094 
f 1161//1095 1160//1093 1074//1096 
f 1162//1097 1161//1095 1073//1098 
f 1163//1099 1162//1097 1072//1100 
f 1164//1101 1163//1099 1061//1102 
f 1165//1103 1164//1101 1060//1104 
f 1166//1105 1165//1103 1071//1106 
f 1167//1107 1166//1105 1088//1108 
f 1168//1109 1167//1107 1087//1110 
f 1169//1111 1168//1109 1086//1112 
f 1170//1113 1169//1111 1085//1114 
f 1171//1115 1170//1113 1070//1116 
f 1172//1117 1171//1115 1069//1118 
f 1173//1119 1172//1117 1068//1120 
f 1117//1008 1173//1119 1067//1119 
f 1067//1119 1111//1008 1117//1008 
f 1068//1120 1067//1119 1173//1119 
f 1069//1118 1068//1120 1172//1117 
f 1070//1116 1069//1118 1171//1115 
f 1085//1114 1070//1116 1170//1113 
f 1086//1112 1085//1114 1169//1111 
f 1087//1110 1086//1112 1168//1109 
f 1088//1108 1087//1110 1167//1107 
f 1071//1106 1088//1108 1166//1105 
f 1060//1104 1071//1106 1165//1103 
f 1061//1102 1060//1104 1164//1101 
f 1072//1100 1061//1102 1163//1099 
f 1073//1098 1072//1100 1162//1097 
f 1074//1096 1073//1098 1161//1095 
f 1075//1094 1074//1096 1160//1093 
f 1089//1092 1075//1094 1159//1091 
f 1102//1090 1089//1092 1158//1089 
f 1103//1088 1102//1090 1157//1087 
f 1104//1086 1103//1088 1156//1085 
f 1076//1084 1104//1086 1155//1083 
f 1077//1082 1076//1084 1154//1081 
f 1078//1080 1077//1082 1153//1079 
f 1079//1078 1078//1080 1152//1077 
f 1090//1076 1079//1078 1151//1075 
f 1091//1074 1090//1076 1150//1073 
f 1105//1072 1091//1074 1149//1071 
f 1106//1070 1105//1072 1148//1069 
f 1080//1068 1106//1070 1147//1067 
f 1062//1066 1080//1068 1146//1065 
f 1063//1064 1062//1066 1145//1063 
f 1092//1062 1063//1064 1144//1061 
f 1058//1060 1092//1062 1143//1059 
f 1059//1058 1058//1060 1142//1057 
f 1064//1056 1059//1058 1141//1055 
f 1081//1054 1064//1056 1140//1053 
f 1082//1052 1081//1054 1139//1051 
f 1065//1050 1082//1052 1138//1049 
f 1066//1048 1065//1050 1137//1047 
f 1093//1046 1066//1048 1136//1045 
f 1094//1044 1093//1046 1135//1043 
f 1095//1042 1094//1044 1134//1041 
f 1096//1040 1095//1042 1133//1039 
f 1097//1038 1096//1040 1132//1037 
f 1098//1036 1097//1038 1131//1035 
f 1107//1034 1098//1036 1130//1033 
f 1112//1032 1107//1034 1129//1031 
f 1113//1030 1112//1032 1128//1029 
f 1114//1028 1113//1030 1127//1027 
f 1115//1026 1114//1028 1126//1025 
f 1099//1024 1115//1026 1125//1023 
f 1100//1022 1099//1024 1124//1021 
f 1108//1020 1100//1022 1123//1019 
f 1101//1018 1108//1020 1122//1017 
f 1083//1016 1101//1018 1121//1015 
f 1084//1014 1083//1016 1120//1013 
f 1109//1012 1084//1014 1119//1011 
f 1110//1010 1109//1012 1118//1009 
f 1111//1008 1110//1010 1116//1007 
o mesh51
f 398//1121 1174//1121 1175//1121 
f 1176//1121 1175//1121 1174//1121 
f 276//1121 275//1121 400//1121 
f 400//1121 275//1121 1174//1121 
f 1174//1121 1177//1121 1176//1121 
f 1174//1121 398//1121 400//1121 
f 400//1121 404//1121 276//1121 
f 1175//1121 395//1121 398//1121 
o mesh52
f 1176//1122 1177//1122 1178//1122 
f 1178//1122 1179//1122 1176//1122 
o mesh53
f 1180//1123 1179//1123 1178//1123 
f 1178//1123 1181//1123 1180//1123 
o mesh54
f 1175//1124 1176//1124 1179//1124 
f 1179//1124 1180//1124 1175//1124 
o mesh55
f 1181//1125 1178//1125 1177//1125 
f 1177//1125 1174//1125 1181//1125 
o mesh56
f 825//1126 1138//1126 1139//1126 
f 136//1126 768//1126 825//1126 
f 136//1126 769//1126 768//1126 
f 196//1126 1149//1126 1150//1126 
f 136//1126 1144//1126 1145//1126 
f 1139//1126 136//1126 825//1126 
f 782//1126 781//1126 1046//1126 
f 196//1126 1152//1126 1153//1126 
f 1150//1126 1151//1126 196//1126 
f 1145//1126 196//1126 136//1126 
f 136//1126 770//1126 769//1126 
f 136//1126 774//1126 773//1126 
f 792//1126 1054//1126 1055//1126 
f 1054//1126 792//1126 791//1126 
f 786//1126 1051//1126 1052//1126 
f 1050//1126 785//1126 784//1126 
f 1046//1126 1047//1126 782//1126 
f 781//1126 780//1126 1045//1126 
f 783//1126 782//1126 1048//1126 
f 779//1126 1043//1126 1044//1126 
f 135//1126 1033//1126 1034//1126 
f 1151//1126 1152//1126 196//1126 
f 196//1126 1147//1126 1148//1126 
f 1145//1126 1146//1126 196//1126 
f 136//1126 1142//1126 1143//1126 
f 136//1126 771//1126 770//1126 
f 773//1126 772//1126 136//1126 
f 791//1126 1053//1126 1054//1126 
f 1182//1126 794//1126 793//1126 
f 786//1126 1050//1126 1051//1126 
f 1050//1126 786//1126 785//1126 
f 1045//1126 1046//1126 781//1126 
f 1049//1126 784//1126 783//1126 
f 1044//1126 780//1126 779//1126 
f 1034//1126 136//1126 135//1126 
f 1148//1126 1149//1126 196//1126 
f 1143//1126 1144//1126 136//1126 
f 136//1126 1140//1126 1141//1126 
f 772//1126 771//1126 136//1126 
f 1136//1126 824//1126 823//1126 
f 1135//1126 821//1126 820//1126 
f 1126//1126 1127//1126 812//1126 
f 1124//1126 1125//1126 810//1126 
f 1183//1126 1173//1126 808//1126 
f 1003//1126 277//1126 1182//1126 
f 1182//1126 1055//1126 1056//1126 
f 793//1126 792//1126 1182//1126 
f 784//1126 1049//1126 1050//1126 
f 1048//1126 1049//1126 783//1126 
f 1053//1126 788//1126 787//1126 
f 1053//1126 790//1126 789//1126 
f 779//1126 1042//1126 1043//1126 
f 1041//1126 1042//1126 778//1126 
f 136//1126 1036//1126 1037//1126 
f 1034//1126 1035//1126 136//1126 
f 135//1126 1028//1126 1029//1126 
f 1146//1126 1147//1126 196//1126 
f 1139//1126 1140//1126 136//1126 
f 1138//1126 825//1126 824//1126 
f 823//1126 1135//1126 1136//1126 
f 1135//1126 822//1126 821//1126 
f 815//1126 814//1126 1130//1126 
f 811//1126 1125//1126 1126//1126 
f 809//1126 1123//1126 1124//1126 
f 809//1126 1119//1126 1120//1126 
f 809//1126 1117//1126 1116//1126 
f 1183//1126 1172//1126 1173//1126 
f 202//1126 1017//1126 1018//1126 
f 277//1126 1016//1126 1017//1126 
f 277//1126 1013//1126 1014//1126 
f 277//1126 1007//1126 1008//1126 
f 277//1126 1003//1126 1004//1126 
f 1182//1126 1000//1126 1002//1126 
f 1055//1126 1182//1126 792//1126 
f 1182//1126 796//1126 795//1126 
f 1047//1126 1048//1126 782//1126 
f 789//1126 788//1126 1053//1126 
f 1044//1126 1045//1126 780//1126 
f 778//1126 777//1126 1041//1126 
f 1040//1126 1041//1126 776//1126 
f 775//1126 1038//1126 1039//1126 
f 1035//1126 1036//1126 136//1126 
f 135//1126 1031//1126 1032//1126 
f 1029//1126 1030//1126 135//1126 
f 135//1126 1026//1126 1027//1126 
f 1181//1126 1158//1126 1159//1126 
f 1181//1126 196//1126 1156//1126 
f 1141//1126 1142//1126 136//1126 
f 1136//1126 1137//1126 824//1126 
f 817//1126 1133//1126 1134//1126 
f 1133//1126 817//1126 816//1126 
f 1135//1126 819//1126 818//1126 
f 1135//1126 823//1126 822//1126 
f 814//1126 1129//1126 1130//1126 
f 812//1126 811//1126 1126//1126 
f 809//1126 1122//1126 1123//1126 
f 1120//1126 1121//1126 809//1126 
f 1116//1126 1118//1126 809//1126 
f 808//1126 807//1126 1183//1126 
f 1017//1126 202//1126 277//1126 
f 1014//1126 1015//1126 277//1126 
f 277//1126 1009//1126 1010//1126 
f 277//1126 1006//1126 1007//1126 
f 1004//1126 1005//1126 277//1126 
f 1182//1126 1001//1126 1000//1126 
f 1056//1126 1057//1126 1182//1126 
f 1182//1126 797//1126 796//1126 
f 787//1126 786//1126 1053//1126 
f 777//1126 776//1126 1041//1126 
f 1039//1126 1040//1126 775//1126 
f 1032//1126 1033//1126 135//1126 
f 1027//1126 1028//1126 135//1126 
f 135//1126 1024//1126 1025//1126 
f 135//1126 1022//1126 1023//1126 
f 1159//1126 1160//1126 1181//1126 
f 1156//1126 1157//1126 1181//1126 
f 196//1126 1154//1126 1155//1126 
f 824//1126 1137//1126 1138//1126 
f 816//1126 1132//1126 1133//1126 
f 820//1126 819//1126 1135//1126 
f 1130//1126 1131//1126 815//1126 
f 812//1126 1127//1126 1128//1126 
f 813//1126 1128//1126 1129//1126 
f 810//1126 809//1126 1124//1126 
f 1118//1126 1119//1126 809//1126 
f 805//1126 804//1126 1184//1126 
f 1183//1126 1171//1126 1172//1126 
f 1183//1126 1169//1126 1170//1126 
f 1183//1126 1167//1126 1168//1126 
f 1015//1126 1016//1126 277//1126 
f 277//1126 1011//1126 1012//1126 
f 1008//1126 1009//1126 277//1126 
f 1182//1126 1002//1126 1003//1126 
f 795//1126 794//1126 1182//1126 
f 1053//1126 791//1126 790//1126 
f 1038//1126 775//1126 774//1126 
f 776//1126 775//1126 1040//1126 
f 1030//1126 1031//1126 135//1126 
f 1023//1126 1024//1126 135//1126 
f 1162//1126 1183//1126 1180//1126 
f 1157//1126 1158//1126 1181//1126 
f 1153//1126 1154//1126 196//1126 
f 818//1126 817//1126 1135//1126 
f 1132//1126 816//1126 815//1126 
f 1129//1126 814//1126 813//1126 
f 1121//1126 1122//1126 809//1126 
f 1183//1126 806//1126 805//1126 
f 1170//1126 1171//1126 1183//1126 
f 1183//1126 1166//1126 1167//1126 
f 1183//1126 1162//1126 1163//1126 
f 1012//1126 1013//1126 277//1126 
f 1005//1126 1006//1126 277//1126 
f 1052//1126 1053//1126 786//1126 
f 779//1126 778//1126 1042//1126 
f 1025//1126 1026//1126 135//1126 
f 135//1126 1020//1126 1021//1126 
f 1181//1126 1161//1126 1162//1126 
f 1155//1126 1156//1126 196//1126 
f 1131//1126 1132//1126 815//1126 
f 811//1126 810//1126 1125//1126 
f 807//1126 806//1126 1183//1126 
f 808//1126 1173//1126 1117//1126 
f 1183//1126 1165//1126 1166//1126 
f 1163//1126 1164//1126 1183//1126 
f 1010//1126 1011//1126 277//1126 
f 1182//1126 277//1126 395//1126 
f 774//1126 136//1126 1038//1126 
f 1021//1126 1022//1126 135//1126 
f 1160//1126 1161//1126 1181//1126 
f 1128//1126 813//1126 812//1126 
f 1117//1126 809//1126 808//1126 
f 1164//1126 1165//1126 1183//1126 
f 1185//1126 1186//1126 800//1126 
f 1186//1126 803//1126 802//1126 
f 803//1126 1186//1126 1184//1126 
f 395//1126 1187//1126 1182//1126 
f 1175//1126 1188//1126 1187//1126 
f 1037//1126 1038//1126 136//1126 
f 135//1126 1018//1126 1019//1126 
f 1134//1126 1135//1126 817//1126 
f 1168//1126 1169//1126 1183//1126 
f 1186//1126 801//1126 800//1126 
f 1184//1126 804//1126 803//1126 
f 265//1126 277//1126 202//1126 
f 1187//1126 395//1126 1175//1126 
f 1019//1126 1020//1126 135//1126 
f 128//1126 135//1126 136//1126 
f 1184//1126 1183//1126 805//1126 
f 802//1126 801//1126 1186//1126 
f 1182//1126 799//1126 798//1126 
f 1189//1126 800//1126 799//1126 
f 1018//1126 135//1126 202//1126 
f 136//1126 129//1126 128//1126 
f 800//1126 1189//1126 1185//1126 
f 799//1126 1182//1126 1189//1126 
f 1057//1126 1001//1126 1182//1126 
f 798//1126 797//1126 1182//1126 
f 1180//1126 1181//1126 1162//1126 
f 274//1126 198//1126 196//1126 
f 275//1126 274//1126 1181//1126 
f 196//1126 1181//1126 274//1126 
f 202//1126 264//1126 265//1126 
f 1188//1126 1175//1126 1180//1126 
f 1180//1126 1183//1126 1188//1126 
f 1181//1126 1174//1126 275//1126 
o mesh57
f 1186//1127 1185//1127 1190//1127 
f 1190//1127 1191//1127 1186//1127 
o mesh58
f 1192//1128 1193//1128 1191//1128 
f 1191//1128 1190//1128 1192//1128 
o mesh59
f 1184//1129 1186//1129 1191//1129 
f 1191//1129 1193//1129 1184//1129 
o mesh60
f 1189//1130 1192//1130 1190//1130 
f 1190//1130 1185//1130 1189//1130 
o mesh61
f 1194//1129 1182//1129 1187//1129 
f 1187//1129 1195//1129 1194//1129 
o mesh62
f 1195//1131 1187//1131 1188//1131 
f 1188//1131 1196//1131 1195//1131 
o mesh63
f 1196//1130 1188//1130 1183//1130 
f 1183//1130 1197//1130 1196//1130 
o mesh64
f 1194//1132 1195//1132 1198//1132 
f 1195//1132 1196//1132 1199//1132 
f 1199//1132 1198//1132 1195//1132 
f 1197//1132 1200//1132 1199//1132 
f 1199//1132 1196//1132 1197//1132 
f 1198//1132 1201//1132 1194//1132 
o mesh65
f 1198//1133 1202//1133 1203//1133 
f 1203//1133 1201//1133 1198//1133 
o mesh66
f 1200//1134 1204//1134 1205//1134 
f 1205//1134 1199//1134 1200//1134 
o mesh67
f 1205//1135 1206//1135 1207//1135 
f 1205//1135 1204//1135 1208//1135 
f 1208//1135 1206//1135 1205//1135 
f 1204//1135 1209//1135 1210//1135 
f 1211//1135 1212//1135 1213//1135 
f 1205//1135 1214//1135 1215//1135 
f 1205//1135 1216//1135 1217//1135 
f 1207//1135 1218//1135 1205//1135 
f 1210//1135 1219//1135 1204//1135 
f 1211//1135 1220//1135 1212//1135 
f 1205//1135 1221//1135 1222//1135 
f 1205//1135 1223//1135 1214//1135 
f 1205//1135 1224//1135 1225//1135 
f 1205//1135 1226//1135 1216//1135 
f 1204//1135 1227//1135 1208//1135 
f 1219//1135 1228//1135 1204//1135 
f 1229//1135 1230//1135 1231//1135 
f 1211//1135 1232//1135 1220//1135 
f 1215//1135 1221//1135 1205//1135 
f 1217//1135 1224//1135 1205//1135 
f 1218//1135 1233//1135 1205//1135 
f 1204//1135 1234//1135 1235//1135 
f 1228//1135 1236//1135 1204//1135 
f 1204//1135 1237//1135 1238//1135 
f 1229//1135 1239//1135 1240//1135 
f 1229//1135 1241//1135 1230//1135 
f 1229//1135 1242//1135 1243//1135 
f 1213//1135 1229//1135 1211//1135 
f 1225//1135 1223//1135 1205//1135 
f 1204//1135 1244//1135 1227//1135 
f 1235//1135 1245//1135 1204//1135 
f 1238//1135 1209//1135 1204//1135 
f 1231//1135 1239//1135 1229//1135 
f 1229//1135 1246//1135 1242//1135 
f 1211//1135 1247//1135 1232//1135 
f 1211//1135 1248//1135 1249//1135 
f 1233//1135 1226//1135 1205//1135 
f 1236//1135 1234//1135 1204//1135 
f 1243//1135 1241//1135 1229//1135 
f 1229//1135 1250//1135 1251//1135 
f 1213//1135 1252//1135 1229//1135 
f 1211//1135 1253//1135 1254//1135 
f 1249//1135 1255//1135 1211//1135 
f 1205//1135 1256//1135 1257//1135 
f 1245//1135 1244//1135 1204//1135 
f 1229//1135 1258//1135 1237//1135 
f 1251//1135 1246//1135 1229//1135 
f 1211//1135 1259//1135 1247//1135 
f 1211//1135 1260//1135 1261//1135 
f 1255//1135 1253//1135 1211//1135 
f 1222//1135 1256//1135 1205//1135 
f 1229//1135 1262//1135 1258//1135 
f 1252//1135 1250//1135 1229//1135 
f 1254//1135 1260//1135 1211//1135 
f 1211//1135 1263//1135 1264//1135 
f 1237//1135 1204//1135 1229//1135 
f 1261//1135 1259//1135 1211//1135 
f 1211//1135 1265//1135 1263//1135 
f 1240//1135 1262//1135 1229//1135 
f 1211//1135 1257//1135 1265//1135 
f 1264//1135 1248//1135 1211//1135 
f 1257//1135 1211//1135 1205//1135 
o mesh68
f 1266//1134 1211//1134 1229//1134 
f 1229//1134 1267//1134 1266//1134 
o mesh69
f 1204//1136 1193//1136 1267//1136 
f 1193//1136 1192//1136 1268//1136 
f 1268//1136 1267//1136 1193//1136 
f 1203//1136 1269//1136 1268//1136 
f 1268//1136 1192//1136 1203//1136 
f 1194//1136 1201//1136 1203//1136 
f 1182//1136 1194//1136 1192//1136 
f 1203//1136 1192//1136 1194//1136 
f 1267//1136 1229//1136 1204//1136 
f 1183//1136 1184//1136 1193//1136 
f 1197//1136 1183//1136 1204//1136 
f 1193//1136 1204//1136 1183//1136 
f 1192//1136 1189//1136 1182//1136 
f 1204//1136 1200//1136 1197//1136 
o mesh70
f 1198//1136 1211//1136 1270//1136 
f 1271//1136 1270//1136 1211//1136 
f 1211//1136 1266//1136 1271//1136 
f 1199//1136 1205//1136 1211//1136 
f 1211//1136 1198//1136 1199//1136 
f 1270//1136 1202//1136 1198//1136 
o mesh71
f 1268//1137 1269//1137 1270//1137 
f 1270//1137 1271//1137 1268//1137 
o mesh72
f 1266//1138 1267//1138 1268//1138 
f 1268//1138 1271//1138 1266//1138 
o mesh73
f 1270//1138 1272//1138 1273//1138 
f 1270//1138 1269//1138 1274//1138 
f 1274//1138 1272//1138 1270//1138 
f 1269//1138 1275//1138 1276//1138 
f 1202//1138 1277//1138 1278//1138 
f 1270//1138 1279//1138 1280//1138 
f 1270//1138 1281//1138 1282//1138 
f 1273//1138 1283//1138 1270//1138 
f 1276//1138 1284//1138 1269//1138 
f 1202//1138 1285//1138 1277//1138 
f 1270//1138 1286//1138 1287//1138 
f 1270//1138 1288//1138 1279//1138 
f 1270//1138 1289//1138 1290//1138 
f 1270//1138 1291//1138 1281//1138 
f 1269//1138 1292//1138 1274//1138 
f 1284//1138 1293//1138 1269//1138 
f 1203//1138 1294//1138 1295//1138 
f 1202//1138 1296//1138 1285//1138 
f 1280//1138 1286//1138 1270//1138 
f 1282//1138 1289//1138 1270//1138 
f 1283//1138 1297//1138 1270//1138 
f 1269//1138 1298//1138 1299//1138 
f 1293//1138 1300//1138 1269//1138 
f 1269//1138 1301//1138 1302//1138 
f 1203//1138 1303//1138 1304//1138 
f 1203//1138 1305//1138 1294//1138 
f 1203//1138 1306//1138 1307//1138 
f 1278//1138 1203//1138 1202//1138 
f 1290//1138 1288//1138 1270//1138 
f 1269//1138 1308//1138 1292//1138 
f 1299//1138 1309//1138 1269//1138 
f 1302//1138 1275//1138 1269//1138 
f 1295//1138 1303//1138 1203//1138 
f 1203//1138 1310//1138 1306//1138 
f 1202//1138 1311//1138 1296//1138 
f 1202//1138 1312//1138 1313//1138 
f 1297//1138 1291//1138 1270//1138 
f 1300//1138 1298//1138 1269//1138 
f 1307//1138 1305//1138 1203//1138 
f 1203//1138 1314//1138 1315//1138 
f 1278//1138 1316//1138 1203//1138 
f 1202//1138 1317//1138 1318//1138 
f 1313//1138 1319//1138 1202//1138 
f 1309//1138 1308//1138 1269//1138 
f 1269//1138 1203//1138 1320//1138 
f 1315//1138 1310//1138 1203//1138 
f 1202//1138 1321//1138 1311//1138 
f 1202//1138 1322//1138 1323//1138 
f 1319//1138 1317//1138 1202//1138 
f 1287//1138 1324//1138 1270//1138 
f 1320//1138 1325//1138 1269//1138 
f 1316//1138 1314//1138 1203//1138 
f 1318//1138 1322//1138 1202//1138 
f 1202//1138 1326//1138 1327//1138 
f 1325//1138 1301//1138 1269//1138 
f 1323//1138 1321//1138 1202//1138 
f 1202//1138 1328//1138 1326//1138 
f 1202//1138 1270//1138 1329//1138 
f 1304//1138 1320//1138 1203//1138 
f 1329//1138 1328//1138 1202//1138 
f 1327//1138 1312//1138 1202//1138 
f 1324//1138 1329//1138 1270//1138 
o mesh74
f 1265//1139 1257//1140 1330//1140 
f 1263//1141 1265//1139 1331//1142 
f 1264//1143 1263//1141 1332//1144 
f 1248//1145 1264//1143 1333//1146 
f 1249//1147 1248//1145 1334//1148 
f 1255//1149 1249//1147 1335//1150 
f 1253//1151 1255//1149 1336//1152 
f 1254//1153 1253//1151 1337//1154 
f 1260//1155 1254//1153 1338//1156 
f 1261//1157 1260//1155 1339//1158 
f 1259//1159 1261//1157 1340//1160 
f 1247//1161 1259//1159 1341//1162 
f 1232//1163 1247//1161 1342//1164 
f 1220//1165 1232//1163 1343//1166 
f 1212//1167 1220//1165 1344//1168 
f 1213//1169 1212//1167 1345//1170 
f 1252//1171 1213//1169 1346//1172 
f 1250//1173 1252//1171 1347//1174 
f 1251//1175 1250//1173 1348//1176 
f 1246//1177 1251//1175 1349//1178 
f 1242//1179 1246//1177 1350//1180 
f 1243//1181 1242//1179 1351//1182 
f 1241//1183 1243//1181 1352//1184 
f 1230//1185 1241//1183 1353//1186 
f 1231//1187 1230//1185 1354//1188 
f 1239//1189 1231//1187 1355//1190 
f 1240//1191 1239//1189 1356//1192 
f 1262//1193 1240//1191 1357//1194 
f 1258//1195 1262//1193 1358//1196 
f 1237//1197 1258//1195 1359//1198 
f 1238//1199 1237//1197 1360//1200 
f 1209//1201 1238//1199 1361//1202 
f 1210//1203 1209//1201 1362//1204 
f 1219//1205 1210//1203 1363//1206 
f 1228//1207 1219//1205 1364//1208 
f 1236//1209 1228//1207 1365//1210 
f 1234//1211 1236//1209 1366//1212 
f 1235//1213 1234//1211 1367//1214 
f 1245//1215 1235//1213 1368//1216 
f 1244//1217 1245//1215 1369//1218 
f 1227//1219 1244//1217 1370//1220 
f 1208//1221 1227//1219 1371//1222 
f 1206//1223 1208//1221 1372//1224 
f 1207//1225 1206//1223 1373//1226 
f 1218//1227 1207//1225 1374//1228 
f 1233//1229 1218//1227 1375//1230 
f 1226//1231 1233//1229 1376//1232 
f 1216//1233 1226//1231 1377//1234 
f 1217//1235 1216//1233 1378//1236 
f 1224//1237 1217//1235 1379//1238 
f 1225//1239 1224//1237 1380//1240 
f 1223//1241 1225//1239 1381//1242 
f 1214//1243 1223//1241 1382//1244 
f 1215//1245 1214//1243 1383//1246 
f 1221//1247 1215//1245 1384//1248 
f 1222//1249 1221//1247 1385//1250 
f 1256//1251 1222//1249 1386//1252 
f 1257//1140 1256//1251 1387//1251 
f 1387//1251 1330//1140 1257//1140 
f 1386//1252 1387//1251 1256//1251 
f 1385//1250 1386//1252 1222//1249 
f 1384//1248 1385//1250 1221//1247 
f 1383//1246 1384//1248 1215//1245 
f 1382//1244 1383//1246 1214//1243 
f 1381//1242 1382//1244 1223//1241 
f 1380//1240 1381//1242 1225//1239 
f 1379//1238 1380//1240 1224//1237 
f 1378//1236 1379//1238 1217//1235 
f 1377//1234 1378//1236 1216//1233 
f 1376//1232 1377//1234 1226//1231 
f 1375//1230 1376//1232 1233//1229 
f 1374//1228 1375//1230 1218//1227 
f 1373//1226 1374//1228 1207//1225 
f 1372//1224 1373//1226 1206//1223 
f 1371//1222 1372//1224 1208//1221 
f 1370//1220 1371//1222 1227//1219 
f 1369//1218 1370//1220 1244//1217 
f 1368//1216 1369//1218 1245//1215 
f 1367//1214 1368//1216 1235//1213 
f 1366//1212 1367//1214 1234//1211 
f 1365//1210 1366//1212 1236//1209 
f 1364//1208 1365//1210 1228//1207 
f 1363//1206 1364//1208 1219//1205 
f 1362//1204 1363//1206 1210//1203 
f 1361//1202 1362//1204 1209//1201 
f 1360//1200 1361//1202 1238//1199 
f 1359//1198 1360//1200 1237//1197 
f 1358//1196 1359//1198 1258//1195 
f 1357//1194 1358//1196 1262//1193 
f 1356//1192 1357//1194 1240//1191 
f 1355//1190 1356//1192 1239//1189 
f 1354//1188 1355//1190 1231//1187 
f 1353//1186 1354//1188 1230//1185 
f 1352//1184 1353//1186 1241//1183 
f 1351//1182 1352//1184 1243//1181 
f 1350//1180 1351//1182 1242//1179 
f 1349//1178 1350//1180 1246//1177 
f 1348//1176 1349//1178 1251//1175 
f 1347//1174 1348//1176 1250//1173 
f 1346//1172 1347//1174 1252//1171 
f 1345//1170 1346//1172 1213//1169 
f 1344//1168 1345//1170 1212//1167 
f 1343//1166 1344//1168 1220//1165 
f 1342//1164 1343//1166 1232//1163 
f 1341//1162 1342//1164 1247//1161 
f 1340//1160 1341//1162 1259//1159 
f 1339//1158 1340//1160 1261//1157 
f 1338//1156 1339//1158 1260//1155 
f 1337//1154 1338//1156 1254//1153 
f 1336//1152 1337//1154 1253//1151 
f 1335//1150 1336//1152 1255//1149 
f 1334//1148 1335//1150 1249//1147 
f 1333//1146 1334//1148 1248//1145 
f 1332//1144 1333//1146 1264//1143 
f 1331//1142 1332//1144 1263//1141 
f 1330//1140 1331//1142 1265//1139 
o mesh75
f 1388//1253 1387//1253 1386//1253 
f 1386//1253 1385//1253 1388//1253 
f 1385//1253 1384//1253 1388//1253 
f 1384//1253 1383//1253 1388//1253 
f 1383//1253 1382//1253 1388//1253 
f 1382//1253 1381//1253 1388//1253 
f 1381//1253 1380//1253 1388//1253 
f 1380//1253 1379//1253 1388//1253 
f 1379//1253 1378//1253 1388//1253 
f 1378//1253 1377//1253 1388//1253 
f 1377//1253 1376//1253 1388//1253 
f 1376//1253 1375//1253 1388//1253 
f 1375//1253 1374//1253 1388//1253 
f 1374//1253 1373//1253 1388//1253 
f 1373//1253 1372//1253 1388//1253 
f 1372//1253 1371//1253 1388//1253 
f 1371//1253 1370//1253 1388//1253 
f 1370//1253 1369//1253 1388//1253 
f 1369//1253 1368//1253 1388//1253 
f 1368//1253 1367//1253 1388//1253 
f 1367//1253 1366//1253 1388//1253 
f 1366//1253 1365//1253 1388//1253 
f 1365//1253 1364//1253 1388//1253 
f 1364//1253 1363//1253 1388//1253 
f 1363//1253 1362//1253 1388//1253 
f 1362//1253 1361//1253 1388//1253 
f 1361//1253 1360//1253 1388//1253 
f 1360//1253 1359//1253 1388//1253 
f 1359//1253 1358//1253 1388//1253 
f 1358//1253 1357//1253 1388//1253 
f 1357//1253 1356//1253 1388//1253 
f 1356//1253 1355//1253 1388//1253 
f 1355//1253 1354//1253 1388//1253 
f 1354//1253 1353//1253 1388//1253 
f 1353//1253 1352//1253 1388//1253 
f 1352//1253 1351//1253 1388//1253 
f 1351//1253 1350//1253 1388//1253 
f 1350//1253 1349//1253 1388//1253 
f 1349//1253 1348//1253 1388//1253 
f 1348//1253 1347//1253 1388//1253 
f 1347//1253 1346//1253 1388//1253 
f 1346//1253 1345//1253 1388//1253 
f 1345//1253 1344//1253 1388//1253 
f 1344//1253 1343//1253 1388//1253 
f 1343//1253 1342//1253 1388//1253 
f 1342//1253 1341//1253 1388//1253 
f 1341//1253 1340//1253 1388//1253 
f 1340//1253 1339//1253 1388//1253 
f 1339//1253 1338//1253 1388//1253 
f 1338//1253 1337//1253 1388//1253 
f 1337//1253 1336//1253 1388//1253 
f 1336//1253 1335//1253 1388//1253 
f 1335//1253 1334//1253 1388//1253 
f 1334//1253 1333//1253 1388//1253 
f 1333//1253 1332//1253 1388//1253 
f 1332//1253 1331//1253 1388//1253 
f 1331//1253 1330//1253 1388//1253 
f 1330//1253 1387//1253 1388//1253 
o mesh76
f 1328//1254 1329//1255 1389//1255 
f 1326//1256 1328//1254 1390//1257 
f 1327//1258 1326//1256 1391//1259 
f 1312//1260 1327//1258 1392//1261 
f 1313//1262 1312//1260 1393//1263 
f 1319//1264 1313//1262 1394//1265 
f 1317//1266 1319//1264 1395//1267 
f 1318//1268 1317//1266 1396//1269 
f 1322//1270 1318//1268 1397//1271 
f 1323//1272 1322//1270 1398//1273 
f 1321//1274 1323//1272 1399//1275 
f 1311//1276 1321//1274 1400//1277 
f 1296//1278 1311//1276 1401//1279 
f 1285//1280 1296//1278 1402//1281 
f 1277//1282 1285//1280 1403//1283 
f 1278//1284 1277//1282 1404//1285 
f 1316//1286 1278//1284 1405//1287 
f 1314//1288 1316//1286 1406//1289 
f 1315//1290 1314//1288 1407//1291 
f 1310//1292 1315//1290 1408//1293 
f 1306//1294 1310//1292 1409//1295 
f 1307//1296 1306//1294 1410//1297 
f 1305//1298 1307//1296 1411//1299 
f 1294//1300 1305//1298 1412//1301 
f 1295//1302 1294//1300 1413//1303 
f 1303//1304 1295//1302 1414//1305 
f 1304//1306 1303//1304 1415//1307 
f 1320//1308 1304//1306 1416//1309 
f 1325//1310 1320//1308 1417//1311 
f 1301//1312 1325//1310 1418//1313 
f 1302//1314 1301//1312 1419//1315 
f 1275//1316 1302//1314 1420//1317 
f 1276//1318 1275//1316 1421//1319 
f 1284//1320 1276//1318 1422//1321 
f 1293//1322 1284//1320 1423//1323 
f 1300//1324 1293//1322 1424//1325 
f 1298//1326 1300//1324 1425//1327 
f 1299//1328 1298//1326 1426//1329 
f 1309//1330 1299//1328 1427//1331 
f 1308//1332 1309//1330 1428//1333 
f 1292//1334 1308//1332 1429//1335 
f 1274//1336 1292//1334 1430//1337 
f 1272//1338 1274//1336 1431//1339 
f 1273//1340 1272//1338 1432//1341 
f 1283//1342 1273//1340 1433//1343 
f 1297//1344 1283//1342 1434//1345 
f 1291//1346 1297//1344 1435//1347 
f 1281//1348 1291//1346 1436//1349 
f 1282//1350 1281//1348 1437//1351 
f 1289//1352 1282//1350 1438//1353 
f 1290//1354 1289//1352 1439//1355 
f 1288//1356 1290//1354 1440//1357 
f 1279//1358 1288//1356 1441//1359 
f 1280//1360 1279//1358 1442//1361 
f 1286//1362 1280//1360 1443//1363 
f 1287//1364 1286//1362 1444//1365 
f 1324//1366 1287//1364 1445//1367 
f 1329//1255 1324//1366 1446//1366 
f 1446//1366 1389//1255 1329//1255 
f 1445//1367 1446//1366 1324//1366 
f 1444//1365 1445//1367 1287//1364 
f 1443//1363 1444//1365 1286//1362 
f 1442//1361 1443//1363 1280//1360 
f 1441//1359 1442//1361 1279//1358 
f 1440//1357 1441//1359 1288//1356 
f 1439//1355 1440//1357 1290//1354 
f 1438//1353 1439//1355 1289//1352 
f 1437//1351 1438//1353 1282//1350 
f 1436//1349 1437//1351 1281//1348 
f 1435//1347 1436//1349 1291//1346 
f 1434//1345 1435//1347 1297//1344 
f 1433//1343 1434//1345 1283//1342 
f 1432//1341 1433//1343 1273//1340 
f 1431//1339 1432//1341 1272//1338 
f 1430//1337 1431//1339 1274//1336 
f 1429//1335 1430//1337 1292//1334 
f 1428//1333 1429//1335 1308//1332 
f 1427//1331 1428//1333 1309//1330 
f 1426//1329 1427//1331 1299//1328 
f 1425//1327 1426//1329 1298//1326 
f 1424//1325 1425//1327 1300//1324 
f 1423//1323 1424//1325 1293//1322 
f 1422//1321 1423//1323 1284//1320 
f 1421//1319 1422//1321 1276//1318 
f 1420//1317 1421//1319 1275//1316 
f 1419//1315 1420//1317 1302//1314 
f 1418//1313 1419//1315 1301//1312 
f 1417//1311 1418//1313 1325//1310 
f 1416//1309 1417//1311 1320//1308 
f 1415//1307 1416//1309 1304//1306 
f 1414//1305 1415//1307 1303//1304 
f 1413//1303 1414//1305 1295//1302 
f 1412//1301 1413//1303 1294//1300 
f 1411//1299 1412//1301 1305//1298 
f 1410//1297 1411//1299 1307//1296 
f 1409//1295 1410//1297 1306//1294 
f 1408//1293 1409//1295 1310//1292 
f 1407//1291 1408//1293 1315//1290 
f 1406//1289 1407//1291 1314//1288 
f 1405//1287 1406//1289 1316//1286 
f 1404//1285 1405//1287 1278//1284 
f 1403//1283 1404//1285 1277//1282 
f 1402//1281 1403//1283 1285//1280 
f 1401//1279 1402//1281 1296//1278 
f 1400//1277 1401//1279 1311//1276 
f 1399//1275 1400//1277 1321//1274 
f 1398//1273 1399//1275 1323//1272 
f 1397//1271 1398//1273 1322//1270 
f 1396//1269 1397//1271 1318//1268 
f 1395//1267 1396//1269 1317//1266 
f 1394//1265 1395//1267 1319//1264 
f 1393//1263 1394//1265 1313//1262 
f 1392//1261 1393//1263 1312//1260 
f 1391//1259 1392//1261 1327//1258 
f 1390//1257 1391//1259 1326//1256 
f 1389//1255 1390//1257 1328//1254 
o mesh77
f 1447//1368 1446//1368 1445//1368 
f 1445//1368 1444//1368 1447//1368 
f 1444//1368 1443//1368 1447//1368 
f 1443//1368 1442//1368 1447//1368 
f 1442//1368 1441//1368 1447//1368 
f 1441//1368 1440//1368 1447//1368 
f 1440//1368 1439//1368 1447//1368 
f 1439//1368 1438//1368 1447//1368 
f 1438//1368 1437//1368 1447//1368 
f 1437//1368 1436//1368 1447//1368 
f 1436//1368 1435//1368 1447//1368 
f 1435//1368 1434//1368 1447//1368 
f 1434//1368 1433//1368 1447//1368 
f 1433//1368 1432//1368 1447//1368 
f 1432//1368 1431//1368 1447//1368 
f 1431//1368 1430//1368 1447//1368 
f 1430//1368 1429//1368 1447//1368 
f 1429//1368 1428//1368 1447//1368 
f 1428//1368 1427//1368 1447//1368 
f 1427//1368 1426//1368 1447//1368 
f 1426//1368 1425//1368 1447//1368 
f 1425//1368 1424//1368 1447//1368 
f 1424//1368 1423//1368 1447//1368 
f 1423//1368 1422//1368 1447//1368 
f 1422//1368 1421//1368 1447//1368 
f 1421//1368 1420//1368 1447//1368 
f 1420//1368 1419//1368 1447//1368 
f 1419//1368 1418//1368 1447//1368 
f 1418//1368 1417//1368 1447//1368 
f 1417//1368 1416//1368 1447//1368 
f 1416//1368 1415//1368 1447//1368 
f 1415//1368 1414//1368 1447//1368 
f 1414//1368 1413//1368 1447//1368 
f 1413//1368 1412//1368 1447//1368 
f 1412//1368 1411//1368 1447//1368 
f 1411//1368 1410//1368 1447//1368 
f 1410//1368 1409//1368 1447//1368 
f 1409//1368 1408//1368 1447//1368 
f 1408//1368 1407//1368 1447//1368 
f 1407//1368 1406//1368 1447//1368 
f 1406//1368 1405//1368 1447//1368 
f 1405//1368 1404//1368 1447//1368 
f 1404//1368 1403//1368 1447//1368 
f 1403//1368 1402//1368 1447//1368 
f 1402//1368 1401//1368 1447//1368 
f 1401//1368 1400//1368 1447//1368 
f 1400//1368 1399//1368 1447//1368 
f 1399//1368 1398//1368 1447//1368 
f 1398//1368 1397//1368 1447//1368 
f 1397//1368 1396//1368 1447//1368 
f 1396//1368 1395//1368 1447//1368 
f 1395//1368 1394//1368 1447//1368 
f 1394//1368 1393//1368 1447//1368 
f 1393//1368 1392//1368 1447//1368 
f 1392//1368 1391//1368 1447//1368 
f 1391//1368 1390//1368 1447//1368 
f 1390//1368 1389//1368 1447//1368 
f 1389//1368 1446//1368 1447//1368 
g Part 10
v 0.033171 -0.05461 -0.0260268 
v 0.0333203 -0.05461 -0.0260023 
v 0.0334661 -0.05461 -0.0259619 
v 0.0336066 -0.05461 -0.0259059 
v 0.0337402 -0.05461 -0.025835 
v 0.0338654 -0.05461 -0.0257501 
v 0.0339807 -0.05461 -0.0256522 
v 0.0340847 -0.05461 -0.0255424 
v 0.0341763 -0.05461 -0.025422 
v 0.0342543 -0.05461 -0.0252924 
v 0.0343178 -0.05461 -0.0251551 
v 0.0343661 -0.05461 -0.0250117 
v 0.0343986 -0.05461 -0.024864 
v 0.034415 -0.05461 -0.0247136 
v 0.034415 -0.05461 -0.0245624 
v 0.0343986 -0.05461 -0.024412 
v 0.0343661 -0.05461 -0.0242643 
v 0.0343178 -0.05461 -0.0241209 
v 0.0342543 -0.05461 -0.0239836 
v 0.0341763 -0.05461 -0.023854 
v 0.0340847 -0.05461 -0.0237336 
v 0.0339807 -0.05461 -0.0236238 
v 0.0338654 -0.05461 -0.0235259 
v 0.0337402 -0.05461 -0.023441 
v 0.0336066 -0.05461 -0.0233701 
v 0.0334661 -0.05461 -0.0233141 
v 0.0333203 -0.05461 -0.0232737 
v 0.033171 -0.05461 -0.0232492 
v 0.03302 -0.05461 -0.023241 
v 0.032869 -0.05461 -0.0232492 
v 0.0327197 -0.05461 -0.0232737 
v 0.0325739 -0.05461 -0.0233141 
v 0.0324334 -0.05461 -0.0233701 
v 0.0322998 -0.05461 -0.023441 
v 0.0321746 -0.05461 -0.0235259 
v 0.0320593 -0.05461 -0.0236238 
v 0.0319553 -0.05461 -0.0237336 
v 0.0318637 -0.05461 -0.023854 
v 0.0317857 -0.05461 -0.0239836 
v 0.0317222 -0.05461 -0.0241209 
v 0.0316739 -0.05461 -0.0242643 
v 0.0316414 -0.05461 -0.024412 
v 0.031625 -0.05461 -0.0245624 
v 0.031625 -0.05461 -0.0247136 
v 0.0316414 -0.05461 -0.024864 
v 0.0316739 -0.05461 -0.0250117 
v 0.0317222 -0.05461 -0.0251551 
v 0.0317857 -0.05461 -0.0252924 
v 0.0318637 -0.05461 -0.025422 
v 0.0319553 -0.05461 -0.0255424 
v 0.0320593 -0.05461 -0.0256522 
v 0.0321746 -0.05461 -0.0257501 
v 0.0322998 -0.05461 -0.025835 
v 0.0324334 -0.05461 -0.0259059 
v 0.0325739 -0.05461 -0.0259619 
v 0.0327197 -0.05461 -0.0260023 
v 0.032869 -0.05461 -0.0260268 
v 0.03302 -0.05461 -0.026035 
v 0.03302 -0.05461 -0.024638 
v 0.032869 -0.06223 -0.0260268 
v 0.03302 -0.06223 -0.026035 
v 0.0327197 -0.06223 -0.0260023 
v 0.0325739 -0.06223 -0.0259619 
v 0.0324334 -0.06223 -0.0259059 
v 0.0322998 -0.06223 -0.025835 
v 0.0321746 -0.06223 -0.0257501 
v 0.0320593 -0.06223 -0.0256522 
v 0.0319553 -0.06223 -0.0255424 
v 0.0318637 -0.06223 -0.025422 
v 0.0317857 -0.06223 -0.0252924 
v 0.0317222 -0.06223 -0.0251551 
v 0.0316739 -0.06223 -0.0250117 
v 0.0316414 -0.06223 -0.024864 
v 0.031625 -0.06223 -0.0247136 
v 0.031625 -0.06223 -0.0245624 
v 0.0316414 -0.06223 -0.024412 
v 0.0316739 -0.06223 -0.0242643 
v 0.0317222 -0.06223 -0.0241209 
v 0.0317857 -0.06223 -0.0239836 
v 0.0318637 -0.06223 -0.023854 
v 0.0319553 -0.06223 -0.0237336 
v 0.0320593 -0.06223 -0.0236238 
v 0.0321746 -0.06223 -0.0235259 
v 0.0322998 -0.06223 -0.023441 
v 0.0324334 -0.06223 -0.0233701 
v 0.0325739 -0.06223 -0.0233141 
v 0.0327197 -0.06223 -0.0232737 
v 0.032869 -0.06223 -0.0232492 
v 0.03302 -0.06223 -0.023241 
v 0.033171 -0.06223 -0.0232492 
v 0.0333203 -0.06223 -0.0232737 
v 0.0334661 -0.06223 -0.0233141 
v 0.0336066 -0.06223 -0.0233701 
v 0.0337402 -0.06223 -0.023441 
v 0.0338654 -0.06223 -0.0235259 
v 0.0339807 -0.06223 -0.0236238 
v 0.0340847 -0.06223 -0.0237336 
v 0.0341763 -0.06223 -0.023854 
v 0.0342543 -0.06223 -0.0239836 
v 0.0343178 -0.06223 -0.0241209 
v 0.0343661 -0.06223 -0.0242643 
v 0.0343986 -0.06223 -0.024412 
v 0.034415 -0.06223 -0.0245624 
v 0.034415 -0.06223 -0.0247136 
v 0.0343986 -0.06223 -0.024864 
v 0.0343661 -0.06223 -0.0250117 
v 0.0343178 -0.06223 -0.0251551 
v 0.0342543 -0.06223 -0.0252924 
v 0.0341763 -0.06223 -0.025422 
v 0.0340847 -0.06223 -0.0255424 
v 0.0339807 -0.06223 -0.0256522 
v 0.0338654 -0.06223 -0.0257501 
v 0.0337402 -0.06223 -0.025835 
v 0.0336066 -0.06223 -0.0259059 
v 0.0334661 -0.06223 -0.0259619 
v 0.0333203 -0.06223 -0.0260023 
v 0.033171 -0.06223 -0.0260268 
v 0.03683 -0.06223 -0.028448 
v 0.03683 -0.06223 -0.020828 
v 0.02921 -0.06223 -0.020828 
v 0.02921 -0.06223 -0.028448 
v 0.03683 -0.05461 -0.020828 
v 0.02921 -0.05461 -0.020828 
v 0.02921 -0.05461 -0.028448 
v 0.03429 -0.04953 -0.028448 
v 0.03683 -0.04953 -0.028448 
v 0.03429 -0.04953 -0.025908 
v 0.03683 -0.04953 -0.025908 
v 0.03683 -0.06604 -0.032258 
v 0.03683 -0.06604 0.03683 
v 0.03683 -0.039624 0.03683 
v 0.03683 -0.039624 -0.032258 
v 0.04064 -0.039624 -0.032258 
v 0.04064 -0.06604 -0.032258 
v 0.0127 -0.06604 0.03683 
v 0.0127 -0.039624 0.03683 
v 0.04064 -0.06604 0.04064 
v 0.0127 -0.06604 0.04064 
v 0.0127 -0.039624 0.04064 
v 0.04064 -0.039624 0.04064 
vn 0 -1 0 
vn 0.108119 0 0.994138 
vn 2.44929e-16 0 1 
vn 0.21497 0 0.976621 
vn 0.108119 0 0.994138 
vn 0.319302 0 0.947653 
vn 0.21497 0 0.976621 
vn 0.419889 0 0.907575 
vn 0.319302 0 0.947653 
vn 0.515554 0 0.856857 
vn 0.419889 0 0.907575 
vn 0.605174 0 0.796093 
vn 0.515554 0 0.856857 
vn 0.687699 0 0.725995 
vn 0.605174 0 0.796093 
vn 0.762162 0 0.647386 
vn 0.687699 0 0.725995 
vn 0.827689 0 0.561187 
vn 0.762162 0 0.647386 
vn 0.883512 0 0.468408 
vn 0.827689 0 0.561187 
vn 0.928977 0 0.370138 
vn 0.883512 0 0.468408 
vn 0.96355 0 0.267528 
vn 0.928977 0 0.370138 
vn 0.986827 0 0.161782 
vn 0.96355 0 0.267528 
vn 0.998533 0 0.0541389 
vn 0.986827 0 0.161782 
vn 0.998533 0 -0.0541389 
vn 0.998533 0 0.0541389 
vn 0.986827 0 -0.161782 
vn 0.998533 0 -0.0541389 
vn 0.96355 0 -0.267528 
vn 0.986827 0 -0.161782 
vn 0.928977 0 -0.370138 
vn 0.96355 0 -0.267528 
vn 0.883512 0 -0.468408 
vn 0.928977 0 -0.370138 
vn 0.827689 0 -0.561187 
vn 0.883512 0 -0.468408 
vn 0.762162 0 -0.647386 
vn 0.827689 0 -0.561187 
vn 0.687699 0 -0.725995 
vn 0.762162 0 -0.647386 
vn 0.605174 0 -0.796093 
vn 0.687699 0 -0.725995 
vn 0.515554 0 -0.856857 
vn 0.605174 0 -0.796093 
vn 0.419889 0 -0.907575 
vn 0.515554 0 -0.856857 
vn 0.319302 0 -0.947653 
vn 0.419889 0 -0.907575 
vn 0.21497 0 -0.976621 
vn 0.319302 0 -0.947653 
vn 0.108119 0 -0.994138 
vn 0.21497 0 -0.976621 
vn -1.22465e-16 0 -1 
vn 0.108119 0 -0.994138 
vn -0.108119 0 -0.994138 
vn -1.22465e-16 0 -1 
vn -0.21497 0 -0.976621 
vn -0.108119 0 -0.994138 
vn -0.319302 0 -0.947653 
vn -0.21497 0 -0.976621 
vn -0.419889 0 -0.907575 
vn -0.319302 0 -0.947653 
vn -0.515554 0 -0.856857 
vn -0.419889 0 -0.907575 
vn -0.605174 0 -0.796093 
vn -0.515554 0 -0.856857 
vn -0.687699 0 -0.725995 
vn -0.605174 0 -0.796093 
vn -0.762162 0 -0.647386 
vn -0.687699 0 -0.725995 
vn -0.827689 0 -0.561187 
vn -0.762162 0 -0.647386 
vn -0.883512 0 -0.468408 
vn -0.827689 0 -0.561187 
vn -0.928977 0 -0.370138 
vn -0.883512 0 -0.468408 
vn -0.96355 0 -0.267528 
vn -0.928977 0 -0.370138 
vn -0.986827 0 -0.161782 
vn -0.96355 0 -0.267528 
vn -0.998533 0 -0.0541389 
vn -0.986827 0 -0.161782 
vn -0.998533 0 0.0541389 
vn -0.998533 0 -0.0541389 
vn -0.986827 0 0.161782 
vn -0.998533 0 0.0541389 
vn -0.96355 0 0.267528 
vn -0.986827 0 0.161782 
vn -0.928977 0 0.370138 
vn -0.96355 0 0.267528 
vn -0.883512 0 0.468408 
vn -0.928977 0 0.370138 
vn -0.827689 0 0.561187 
vn -0.883512 0 0.468408 
vn -0.762162 0 0.647386 
vn -0.827689 0 0.561187 
vn -0.687699 0 0.725995 
vn -0.762162 0 0.647386 
vn -0.605174 0 0.796093 
vn -0.687699 0 0.725995 
vn -0.515554 0 0.856857 
vn -0.605174 0 0.796093 
vn -0.419889 0 0.907575 
vn -0.515554 0 0.856857 
vn -0.319302 0 0.947653 
vn -0.419889 0 0.907575 
vn -0.21497 0 0.976621 
vn -0.319302 0 0.947653 
vn -0.108119 0 0.994138 
vn -0.21497 0 0.976621 
vn 0 -1 0 
vn -1.7074e-16 0 1 
vn -1 0 -1.7074e-16 
vn 1.7074e-16 0 -1 
vn 0 1 0 
vn -1.20732e-16 0.707107 0.707107 
vn -0.707107 0.707107 -1.20732e-16 
vn -1 0 -1.7074e-16 
vn 1.7074e-16 0 -1 
vn 0 -1 0 
vn 0 1 0 
vn -1 0 0 
vn -1.7074e-16 0 1 
vn 1 0 1.7074e-16 
usemtl 0.980392_0.713725_0.003922_0.000000_0.000000
o mesh78
f 1506//1369 1448//1369 1449//1369 
f 1449//1369 1450//1369 1506//1369 
f 1450//1369 1451//1369 1506//1369 
f 1451//1369 1452//1369 1506//1369 
f 1452//1369 1453//1369 1506//1369 
f 1453//1369 1454//1369 1506//1369 
f 1454//1369 1455//1369 1506//1369 
f 1455//1369 1456//1369 1506//1369 
f 1456//1369 1457//1369 1506//1369 
f 1457//1369 1458//1369 1506//1369 
f 1458//1369 1459//1369 1506//1369 
f 1459//1369 1460//1369 1506//1369 
f 1460//1369 1461//1369 1506//1369 
f 1461//1369 1462//1369 1506//1369 
f 1462//1369 1463//1369 1506//1369 
f 1463//1369 1464//1369 1506//1369 
f 1464//1369 1465//1369 1506//1369 
f 1465//1369 1466//1369 1506//1369 
f 1466//1369 1467//1369 1506//1369 
f 1467//1369 1468//1369 1506//1369 
f 1468//1369 1469//1369 1506//1369 
f 1469//1369 1470//1369 1506//1369 
f 1470//1369 1471//1369 1506//1369 
f 1471//1369 1472//1369 1506//1369 
f 1472//1369 1473//1369 1506//1369 
f 1473//1369 1474//1369 1506//1369 
f 1474//1369 1475//1369 1506//1369 
f 1475//1369 1476//1369 1506//1369 
f 1476//1369 1477//1369 1506//1369 
f 1477//1369 1478//1369 1506//1369 
f 1478//1369 1479//1369 1506//1369 
f 1479//1369 1480//1369 1506//1369 
f 1480//1369 1481//1369 1506//1369 
f 1481//1369 1482//1369 1506//1369 
f 1482//1369 1483//1369 1506//1369 
f 1483//1369 1484//1369 1506//1369 
f 1484//1369 1485//1369 1506//1369 
f 1485//1369 1486//1369 1506//1369 
f 1486//1369 1487//1369 1506//1369 
f 1487//1369 1488//1369 1506//1369 
f 1488//1369 1489//1369 1506//1369 
f 1489//1369 1490//1369 1506//1369 
f 1490//1369 1491//1369 1506//1369 
f 1491//1369 1492//1369 1506//1369 
f 1492//1369 1493//1369 1506//1369 
f 1493//1369 1494//1369 1506//1369 
f 1494//1369 1495//1369 1506//1369 
f 1495//1369 1496//1369 1506//1369 
f 1496//1369 1497//1369 1506//1369 
f 1497//1369 1498//1369 1506//1369 
f 1498//1369 1499//1369 1506//1369 
f 1499//1369 1500//1369 1506//1369 
f 1500//1369 1501//1369 1506//1369 
f 1501//1369 1502//1369 1506//1369 
f 1502//1369 1503//1369 1506//1369 
f 1503//1369 1504//1369 1506//1369 
f 1504//1369 1505//1369 1506//1369 
f 1505//1369 1448//1369 1506//1369 
o mesh79
f 1507//1370 1508//1371 1505//1371 
f 1509//1372 1507//1370 1504//1373 
f 1510//1374 1509//1372 1503//1375 
f 1511//1376 1510//1374 1502//1377 
f 1512//1378 1511//1376 1501//1379 
f 1513//1380 1512//1378 1500//1381 
f 1514//1382 1513//1380 1499//1383 
f 1515//1384 1514//1382 1498//1385 
f 1516//1386 1515//1384 1497//1387 
f 1517//1388 1516//1386 1496//1389 
f 1518//1390 1517//1388 1495//1391 
f 1519//1392 1518//1390 1494//1393 
f 1520//1394 1519//1392 1493//1395 
f 1521//1396 1520//1394 1492//1397 
f 1522//1398 1521//1396 1491//1399 
f 1523//1400 1522//1398 1490//1401 
f 1524//1402 1523//1400 1489//1403 
f 1525//1404 1524//1402 1488//1405 
f 1526//1406 1525//1404 1487//1407 
f 1527//1408 1526//1406 1486//1409 
f 1528//1410 1527//1408 1485//1411 
f 1529//1412 1528//1410 1484//1413 
f 1530//1414 1529//1412 1483//1415 
f 1531//1416 1530//1414 1482//1417 
f 1532//1418 1531//1416 1481//1419 
f 1533//1420 1532//1418 1480//1421 
f 1534//1422 1533//1420 1479//1423 
f 1535//1424 1534//1422 1478//1425 
f 1536//1426 1535//1424 1477//1427 
f 1537//1428 1536//1426 1476//1429 
f 1538//1430 1537//1428 1475//1431 
f 1539//1432 1538//1430 1474//1433 
f 1540//1434 1539//1432 1473//1435 
f 1541//1436 1540//1434 1472//1437 
f 1542//1438 1541//1436 1471//1439 
f 1543//1440 1542//1438 1470//1441 
f 1544//1442 1543//1440 1469//1443 
f 1545//1444 1544//1442 1468//1445 
f 1546//1446 1545//1444 1467//1447 
f 1547//1448 1546//1446 1466//1449 
f 1548//1450 1547//1448 1465//1451 
f 1549//1452 1548//1450 1464//1453 
f 1550//1454 1549//1452 1463//1455 
f 1551//1456 1550//1454 1462//1457 
f 1552//1458 1551//1456 1461//1459 
f 1553//1460 1552//1458 1460//1461 
f 1554//1462 1553//1460 1459//1463 
f 1555//1464 1554//1462 1458//1465 
f 1556//1466 1555//1464 1457//1467 
f 1557//1468 1556//1466 1456//1469 
f 1558//1470 1557//1468 1455//1471 
f 1559//1472 1558//1470 1454//1473 
f 1560//1474 1559//1472 1453//1475 
f 1561//1476 1560//1474 1452//1477 
f 1562//1478 1561//1476 1451//1479 
f 1563//1480 1562//1478 1450//1481 
f 1564//1482 1563//1480 1449//1483 
f 1508//1371 1564//1482 1448//1482 
f 1448//1482 1505//1371 1508//1371 
f 1449//1483 1448//1482 1564//1482 
f 1450//1481 1449//1483 1563//1480 
f 1451//1479 1450//1481 1562//1478 
f 1452//1477 1451//1479 1561//1476 
f 1453//1475 1452//1477 1560//1474 
f 1454//1473 1453//1475 1559//1472 
f 1455//1471 1454//1473 1558//1470 
f 1456//1469 1455//1471 1557//1468 
f 1457//1467 1456//1469 1556//1466 
f 1458//1465 1457//1467 1555//1464 
f 1459//1463 1458//1465 1554//1462 
f 1460//1461 1459//1463 1553//1460 
f 1461//1459 1460//1461 1552//1458 
f 1462//1457 1461//1459 1551//1456 
f 1463//1455 1462//1457 1550//1454 
f 1464//1453 1463//1455 1549//1452 
f 1465//1451 1464//1453 1548//1450 
f 1466//1449 1465//1451 1547//1448 
f 1467//1447 1466//1449 1546//1446 
f 1468//1445 1467//1447 1545//1444 
f 1469//1443 1468//1445 1544//1442 
f 1470//1441 1469//1443 1543//1440 
f 1471//1439 1470//1441 1542//1438 
f 1472//1437 1471//1439 1541//1436 
f 1473//1435 1472//1437 1540//1434 
f 1474//1433 1473//1435 1539//1432 
f 1475//1431 1474//1433 1538//1430 
f 1476//1429 1475//1431 1537//1428 
f 1477//1427 1476//1429 1536//1426 
f 1478//1425 1477//1427 1535//1424 
f 1479//1423 1478//1425 1534//1422 
f 1480//1421 1479//1423 1533//1420 
f 1481//1419 1480//1421 1532//1418 
f 1482//1417 1481//1419 1531//1416 
f 1483//1415 1482//1417 1530//1414 
f 1484//1413 1483//1415 1529//1412 
f 1485//1411 1484//1413 1528//1410 
f 1486//1409 1485//1411 1527//1408 
f 1487//1407 1486//1409 1526//1406 
f 1488//1405 1487//1407 1525//1404 
f 1489//1403 1488//1405 1524//1402 
f 1490//1401 1489//1403 1523//1400 
f 1491//1399 1490//1401 1522//1398 
f 1492//1397 1491//1399 1521//1396 
f 1493//1395 1492//1397 1520//1394 
f 1494//1393 1493//1395 1519//1392 
f 1495//1391 1494//1393 1518//1390 
f 1496//1389 1495//1391 1517//1388 
f 1497//1387 1496//1389 1516//1386 
f 1498//1385 1497//1387 1515//1384 
f 1499//1383 1498//1385 1514//1382 
f 1500//1381 1499//1383 1513//1380 
f 1501//1379 1500//1381 1512//1378 
f 1502//1377 1501//1379 1511//1376 
f 1503//1375 1502//1377 1510//1374 
f 1504//1373 1503//1375 1509//1372 
f 1505//1371 1504//1373 1507//1370 
o mesh80
f 1565//1484 1566//1484 1550//1484 
f 1565//1484 1563//1484 1564//1484 
f 1565//1484 1561//1484 1562//1484 
f 1565//1484 1559//1484 1560//1484 
f 1550//1484 1551//1484 1565//1484 
f 1566//1484 1567//1484 1536//1484 
f 1562//1484 1563//1484 1565//1484 
f 1565//1484 1558//1484 1559//1484 
f 1565//1484 1556//1484 1557//1484 
f 1565//1484 1554//1484 1555//1484 
f 1565//1484 1552//1484 1553//1484 
f 1566//1484 1549//1484 1550//1484 
f 1567//1484 1535//1484 1536//1484 
f 1560//1484 1561//1484 1565//1484 
f 1555//1484 1556//1484 1565//1484 
f 1551//1484 1552//1484 1565//1484 
f 1566//1484 1547//1484 1548//1484 
f 1566//1484 1540//1484 1541//1484 
f 1566//1484 1538//1484 1539//1484 
f 1536//1484 1537//1484 1566//1484 
f 1567//1484 1533//1484 1534//1484 
f 1567//1484 1530//1484 1531//1484 
f 1557//1484 1558//1484 1565//1484 
f 1548//1484 1549//1484 1566//1484 
f 1566//1484 1545//1484 1546//1484 
f 1566//1484 1543//1484 1544//1484 
f 1541//1484 1542//1484 1566//1484 
f 1537//1484 1538//1484 1566//1484 
f 1567//1484 1532//1484 1533//1484 
f 1567//1484 1529//1484 1530//1484 
f 1567//1484 1568//1484 1521//1484 
f 1553//1484 1554//1484 1565//1484 
f 1544//1484 1545//1484 1566//1484 
f 1539//1484 1540//1484 1566//1484 
f 1531//1484 1532//1484 1567//1484 
f 1521//1484 1522//1484 1567//1484 
f 1546//1484 1547//1484 1566//1484 
f 1534//1484 1535//1484 1567//1484 
f 1567//1484 1527//1484 1528//1484 
f 1567//1484 1525//1484 1526//1484 
f 1567//1484 1523//1484 1524//1484 
f 1568//1484 1520//1484 1521//1484 
f 1542//1484 1543//1484 1566//1484 
f 1526//1484 1527//1484 1567//1484 
f 1522//1484 1523//1484 1567//1484 
f 1568//1484 1518//1484 1519//1484 
f 1568//1484 1510//1484 1511//1484 
f 1528//1484 1529//1484 1567//1484 
f 1519//1484 1520//1484 1568//1484 
f 1568//1484 1516//1484 1517//1484 
f 1568//1484 1514//1484 1515//1484 
f 1568//1484 1512//1484 1513//1484 
f 1568//1484 1509//1484 1510//1484 
f 1568//1484 1565//1484 1508//1484 
f 1524//1484 1525//1484 1567//1484 
f 1515//1484 1516//1484 1568//1484 
f 1511//1484 1512//1484 1568//1484 
f 1508//1484 1507//1484 1568//1484 
f 1517//1484 1518//1484 1568//1484 
f 1507//1484 1509//1484 1568//1484 
f 1513//1484 1514//1484 1568//1484 
f 1564//1484 1508//1484 1565//1484 
o mesh81
f 1569//1485 1570//1485 1567//1485 
f 1567//1485 1566//1485 1569//1485 
o mesh82
f 1570//1486 1571//1486 1568//1486 
f 1568//1486 1567//1486 1570//1486 
o mesh83
f 1565//1487 1571//1487 1572//1487 
f 1565//1487 1568//1487 1571//1487 
f 1572//1487 1573//1487 1565//1487 
o mesh84
f 1572//1488 1574//1488 1575//1488 
f 1575//1488 1573//1488 1572//1488 
o mesh85
f 1569//1489 1575//1489 1574//1489 
f 1574//1489 1570//1489 1569//1489 
o mesh86
f 1571//1490 1570//1490 1574//1490 
f 1574//1490 1572//1490 1571//1490 
o mesh87
f 1576//1491 1565//1491 1573//1491 
f 1576//1491 1577//1491 1566//1491 
f 1578//1491 1579//1491 1575//1491 
f 1566//1491 1565//1491 1576//1491 
f 1577//1491 1578//1491 1569//1491 
f 1579//1491 1573//1491 1575//1491 
f 1569//1491 1566//1491 1577//1491 
f 1573//1491 1579//1491 1576//1491 
f 1575//1491 1569//1491 1578//1491 
o mesh88
f 1576//1492 1579//1492 1580//1492 
f 1580//1492 1581//1492 1576//1492 
o mesh89
f 1582//1492 1583//1492 1578//1492 
f 1578//1492 1577//1492 1582//1492 
o mesh90
f 1581//1493 1584//1493 1577//1493 
f 1585//1493 1582//1493 1577//1493 
f 1577//1493 1584//1493 1585//1493 
f 1577//1493 1576//1493 1581//1493 
o mesh91
f 1586//1494 1587//1494 1578//1494 
f 1580//1494 1579//1494 1578//1494 
f 1578//1494 1587//1494 1580//1494 
f 1578//1494 1583//1494 1586//1494 
o mesh92
f 1585//1495 1586//1495 1583//1495 
f 1583//1495 1582//1495 1585//1495 
o mesh93
f 1584//1496 1587//1496 1586//1496 
f 1586//1496 1585//1496 1584//1496 
o mesh94
f 1581//1497 1580//1497 1587//1497 
f 1587//1497 1584//1497 1581//1497 
g Part 9
v -0.016359 -0.05461 0.0316312 
v -0.0162097 -0.05461 0.0316557 
v -0.0160639 -0.05461 0.0316961 
v -0.0159234 -0.05461 0.0317521 
v -0.0157898 -0.05461 0.031823 
v -0.0156646 -0.05461 0.0319079 
v -0.0155493 -0.05461 0.0320058 
v -0.0154453 -0.05461 0.0321156 
v -0.0153537 -0.05461 0.032236 
v -0.0152757 -0.05461 0.0323656 
v -0.0152122 -0.05461 0.0325029 
v -0.0151639 -0.05461 0.0326463 
v -0.0151314 -0.05461 0.032794 
v -0.015115 -0.05461 0.0329444 
v -0.015115 -0.05461 0.0330956 
v -0.0151314 -0.05461 0.033246 
v -0.0151639 -0.05461 0.0333937 
v -0.0152122 -0.05461 0.0335371 
v -0.0152757 -0.05461 0.0336744 
v -0.0153537 -0.05461 0.033804 
v -0.0154453 -0.05461 0.0339244 
v -0.0155493 -0.05461 0.0340342 
v -0.0156646 -0.05461 0.0341321 
v -0.0157898 -0.05461 0.034217 
v -0.0159234 -0.05461 0.0342879 
v -0.0160639 -0.05461 0.0343439 
v -0.0162097 -0.05461 0.0343843 
v -0.016359 -0.05461 0.0344088 
v -0.01651 -0.05461 0.034417 
v -0.016661 -0.05461 0.0344088 
v -0.0168103 -0.05461 0.0343843 
v -0.0169561 -0.05461 0.0343439 
v -0.0170966 -0.05461 0.0342879 
v -0.0172302 -0.05461 0.034217 
v -0.0173554 -0.05461 0.0341321 
v -0.0174707 -0.05461 0.0340342 
v -0.0175747 -0.05461 0.0339244 
v -0.0176663 -0.05461 0.033804 
v -0.0177443 -0.05461 0.0336744 
v -0.0178078 -0.05461 0.0335371 
v -0.0178561 -0.05461 0.0333937 
v -0.0178886 -0.05461 0.033246 
v -0.017905 -0.05461 0.0330956 
v -0.017905 -0.05461 0.0329444 
v -0.0178886 -0.05461 0.032794 
v -0.0178561 -0.05461 0.0326463 
v -0.0178078 -0.05461 0.0325029 
v -0.0177443 -0.05461 0.0323656 
v -0.0176663 -0.05461 0.032236 
v -0.0175747 -0.05461 0.0321156 
v -0.0174707 -0.05461 0.0320058 
v -0.0173554 -0.05461 0.0319079 
v -0.0172302 -0.05461 0.031823 
v -0.0170966 -0.05461 0.0317521 
v -0.0169561 -0.05461 0.0316961 
v -0.0168103 -0.05461 0.0316557 
v -0.016661 -0.05461 0.0316312 
v -0.01651 -0.05461 0.031623 
v -0.01651 -0.05461 0.03302 
v -0.016661 -0.06223 0.0316312 
v -0.01651 -0.06223 0.031623 
v -0.0168103 -0.06223 0.0316557 
v -0.0169561 -0.06223 0.0316961 
v -0.0170966 -0.06223 0.0317521 
v -0.0172302 -0.06223 0.031823 
v -0.0173554 -0.06223 0.0319079 
v -0.0174707 -0.06223 0.0320058 
v -0.0175747 -0.06223 0.0321156 
v -0.0176663 -0.06223 0.032236 
v -0.0177443 -0.06223 0.0323656 
v -0.0178078 -0.06223 0.0325029 
v -0.0178561 -0.06223 0.0326463 
v -0.0178886 -0.06223 0.032794 
v -0.017905 -0.06223 0.0329444 
v -0.017905 -0.06223 0.0330956 
v -0.0178886 -0.06223 0.033246 
v -0.0178561 -0.06223 0.0333937 
v -0.0178078 -0.06223 0.0335371 
v -0.0177443 -0.06223 0.0336744 
v -0.0176663 -0.06223 0.033804 
v -0.0175747 -0.06223 0.0339244 
v -0.0174707 -0.06223 0.0340342 
v -0.0173554 -0.06223 0.0341321 
v -0.0172302 -0.06223 0.034217 
v -0.0170966 -0.06223 0.0342879 
v -0.0169561 -0.06223 0.0343439 
v -0.0168103 -0.06223 0.0343843 
v -0.016661 -0.06223 0.0344088 
v -0.01651 -0.06223 0.034417 
v -0.016359 -0.06223 0.0344088 
v -0.0162097 -0.06223 0.0343843 
v -0.0160639 -0.06223 0.0343439 
v -0.0159234 -0.06223 0.0342879 
v -0.0157898 -0.06223 0.034217 
v -0.0156646 -0.06223 0.0341321 
v -0.0155493 -0.06223 0.0340342 
v -0.0154453 -0.06223 0.0339244 
v -0.0153537 -0.06223 0.033804 
v -0.0152757 -0.06223 0.0336744 
v -0.0152122 -0.06223 0.0335371 
v -0.0151639 -0.06223 0.0333937 
v -0.0151314 -0.06223 0.033246 
v -0.015115 -0.06223 0.0330956 
v -0.015115 -0.06223 0.0329444 
v -0.0151314 -0.06223 0.032794 
v -0.0151639 -0.06223 0.0326463 
v -0.0152122 -0.06223 0.0325029 
v -0.0152757 -0.06223 0.0323656 
v -0.0153537 -0.06223 0.032236 
v -0.0154453 -0.06223 0.0321156 
v -0.0155493 -0.06223 0.0320058 
v -0.0156646 -0.06223 0.0319079 
v -0.0157898 -0.06223 0.031823 
v -0.0159234 -0.06223 0.0317521 
v -0.0160639 -0.06223 0.0316961 
v -0.0162097 -0.06223 0.0316557 
v -0.016359 -0.06223 0.0316312 
v -0.02032 -0.06223 0.03683 
v -0.02032 -0.06223 0.02921 
v -0.0127 -0.06223 0.02921 
v -0.0127 -0.06223 0.03683 
v -0.02032 -0.05461 0.03683 
v -0.02032 -0.05461 0.02921 
v -0.01524 -0.04953 0.03683 
v -0.0127 -0.04953 0.03683 
v -0.0127 -0.05461 0.02921 
v -0.0127 -0.04953 0.03429 
v -0.01524 -0.04953 0.03429 
vn 0 -1 0 
vn 0.108119 0 0.994138 
vn 2.44929e-16 0 1 
vn 0.21497 0 0.976621 
vn 0.108119 0 0.994138 
vn 0.319302 0 0.947653 
vn 0.21497 0 0.976621 
vn 0.419889 0 0.907575 
vn 0.319302 0 0.947653 
vn 0.515554 0 0.856857 
vn 0.419889 0 0.907575 
vn 0.605174 0 0.796093 
vn 0.515554 0 0.856857 
vn 0.687699 0 0.725995 
vn 0.605174 0 0.796093 
vn 0.762162 0 0.647386 
vn 0.687699 0 0.725995 
vn 0.827689 0 0.561187 
vn 0.762162 0 0.647386 
vn 0.883512 0 0.468408 
vn 0.827689 0 0.561187 
vn 0.928977 0 0.370138 
vn 0.883512 0 0.468408 
vn 0.96355 0 0.267528 
vn 0.928977 0 0.370138 
vn 0.986827 0 0.161782 
vn 0.96355 0 0.267528 
vn 0.998533 0 0.0541389 
vn 0.986827 0 0.161782 
vn 0.998533 0 -0.0541389 
vn 0.998533 0 0.0541389 
vn 0.986827 0 -0.161782 
vn 0.998533 0 -0.0541389 
vn 0.96355 0 -0.267528 
vn 0.986827 0 -0.161782 
vn 0.928977 0 -0.370138 
vn 0.96355 0 -0.267528 
vn 0.883512 0 -0.468408 
vn 0.928977 0 -0.370138 
vn 0.827689 0 -0.561187 
vn 0.883512 0 -0.468408 
vn 0.762162 0 -0.647386 
vn 0.827689 0 -0.561187 
vn 0.687699 0 -0.725995 
vn 0.762162 0 -0.647386 
vn 0.605174 0 -0.796093 
vn 0.687699 0 -0.725995 
vn 0.515554 0 -0.856857 
vn 0.605174 0 -0.796093 
vn 0.419889 0 -0.907575 
vn 0.515554 0 -0.856857 
vn 0.319302 0 -0.947653 
vn 0.419889 0 -0.907575 
vn 0.21497 0 -0.976621 
vn 0.319302 0 -0.947653 
vn 0.108119 0 -0.994138 
vn 0.21497 0 -0.976621 
vn -1.22465e-16 0 -1 
vn 0.108119 0 -0.994138 
vn -0.108119 0 -0.994138 
vn -1.22465e-16 0 -1 
vn -0.21497 0 -0.976621 
vn -0.108119 0 -0.994138 
vn -0.319302 0 -0.947653 
vn -0.21497 0 -0.976621 
vn -0.419889 0 -0.907575 
vn -0.319302 0 -0.947653 
vn -0.515554 0 -0.856857 
vn -0.419889 0 -0.907575 
vn -0.605174 0 -0.796093 
vn -0.515554 0 -0.856857 
vn -0.687699 0 -0.725995 
vn -0.605174 0 -0.796093 
vn -0.762162 0 -0.647386 
vn -0.687699 0 -0.725995 
vn -0.827689 0 -0.561187 
vn -0.762162 0 -0.647386 
vn -0.883512 0 -0.468408 
vn -0.827689 0 -0.561187 
vn -0.928977 0 -0.370138 
vn -0.883512 0 -0.468408 
vn -0.96355 0 -0.267528 
vn -0.928977 0 -0.370138 
vn -0.986827 0 -0.161782 
vn -0.96355 0 -0.267528 
vn -0.998533 0 -0.0541389 
vn -0.986827 0 -0.161782 
vn -0.998533 0 0.0541389 
vn -0.998533 0 -0.0541389 
vn -0.986827 0 0.161782 
vn -0.998533 0 0.0541389 
vn -0.96355 0 0.267528 
vn -0.986827 0 0.161782 
vn -0.928977 0 0.370138 
vn -0.96355 0 0.267528 
vn -0.883512 0 0.468408 
vn -0.928977 0 0.370138 
vn -0.827689 0 0.561187 
vn -0.883512 0 0.468408 
vn -0.762162 0 0.647386 
vn -0.827689 0 0.561187 
vn -0.687699 0 0.725995 
vn -0.762162 0 0.647386 
vn -0.605174 0 0.796093 
vn -0.687699 0 0.725995 
vn -0.515554 0 0.856857 
vn -0.605174 0 0.796093 
vn -0.419889 0 0.907575 
vn -0.515554 0 0.856857 
vn -0.319302 0 0.947653 
vn -0.419889 0 0.907575 
vn -0.21497 0 0.976621 
vn -0.319302 0 0.947653 
vn -0.108119 0 0.994138 
vn -0.21497 0 0.976621 
vn 0 -1 0 
vn -1 0 0 
vn 0 0 1 
vn 1 0 0 
vn 0 1 0 
vn 0 0 -1 
vn 0 0.707107 -0.707107 
vn -0.707107 0.707107 0 
usemtl 0.647059_0.647059_0.647059_0.000000_0.000000
o mesh95
f 1646//1498 1588//1498 1589//1498 
f 1589//1498 1590//1498 1646//1498 
f 1590//1498 1591//1498 1646//1498 
f 1591//1498 1592//1498 1646//1498 
f 1592//1498 1593//1498 1646//1498 
f 1593//1498 1594//1498 1646//1498 
f 1594//1498 1595//1498 1646//1498 
f 1595//1498 1596//1498 1646//1498 
f 1596//1498 1597//1498 1646//1498 
f 1597//1498 1598//1498 1646//1498 
f 1598//1498 1599//1498 1646//1498 
f 1599//1498 1600//1498 1646//1498 
f 1600//1498 1601//1498 1646//1498 
f 1601//1498 1602//1498 1646//1498 
f 1602//1498 1603//1498 1646//1498 
f 1603//1498 1604//1498 1646//1498 
f 1604//1498 1605//1498 1646//1498 
f 1605//1498 1606//1498 1646//1498 
f 1606//1498 1607//1498 1646//1498 
f 1607//1498 1608//1498 1646//1498 
f 1608//1498 1609//1498 1646//1498 
f 1609//1498 1610//1498 1646//1498 
f 1610//1498 1611//1498 1646//1498 
f 1611//1498 1612//1498 1646//1498 
f 1612//1498 1613//1498 1646//1498 
f 1613//1498 1614//1498 1646//1498 
f 1614//1498 1615//1498 1646//1498 
f 1615//1498 1616//1498 1646//1498 
f 1616//1498 1617//1498 1646//1498 
f 1617//1498 1618//1498 1646//1498 
f 1618//1498 1619//1498 1646//1498 
f 1619//1498 1620//1498 1646//1498 
f 1620//1498 1621//1498 1646//1498 
f 1621//1498 1622//1498 1646//1498 
f 1622//1498 1623//1498 1646//1498 
f 1623//1498 1624//1498 1646//1498 
f 1624//1498 1625//1498 1646//1498 
f 1625//1498 1626//1498 1646//1498 
f 1626//1498 1627//1498 1646//1498 
f 1627//1498 1628//1498 1646//1498 
f 1628//1498 1629//1498 1646//1498 
f 1629//1498 1630//1498 1646//1498 
f 1630//1498 1631//1498 1646//1498 
f 1631//1498 1632//1498 1646//1498 
f 1632//1498 1633//1498 1646//1498 
f 1633//1498 1634//1498 1646//1498 
f 1634//1498 1635//1498 1646//1498 
f 1635//1498 1636//1498 1646//1498 
f 1636//1498 1637//1498 1646//1498 
f 1637//1498 1638//1498 1646//1498 
f 1638//1498 1639//1498 1646//1498 
f 1639//1498 1640//1498 1646//1498 
f 1640//1498 1641//1498 1646//1498 
f 1641//1498 1642//1498 1646//1498 
f 1642//1498 1643//1498 1646//1498 
f 1643//1498 1644//1498 1646//1498 
f 1644//1498 1645//1498 1646//1498 
f 1645//1498 1588//1498 1646//1498 
o mesh96
f 1647//1499 1648//1500 1645//1500 
f 1649//1501 1647//1499 1644//1502 
f 1650//1503 1649//1501 1643//1504 
f 1651//1505 1650//1503 1642//1506 
f 1652//1507 1651//1505 1641//1508 
f 1653//1509 1652//1507 1640//1510 
f 1654//1511 1653//1509 1639//1512 
f 1655//1513 1654//1511 1638//1514 
f 1656//1515 1655//1513 1637//1516 
f 1657//1517 1656//1515 1636//1518 
f 1658//1519 1657//1517 1635//1520 
f 1659//1521 1658//1519 1634//1522 
f 1660//1523 1659//1521 1633//1524 
f 1661//1525 1660//1523 1632//1526 
f 1662//1527 1661//1525 1631//1528 
f 1663//1529 1662//1527 1630//1530 
f 1664//1531 1663//1529 1629//1532 
f 1665//1533 1664//1531 1628//1534 
f 1666//1535 1665//1533 1627//1536 
f 1667//1537 1666//1535 1626//1538 
f 1668//1539 1667//1537 1625//1540 
f 1669//1541 1668//1539 1624//1542 
f 1670//1543 1669//1541 1623//1544 
f 1671//1545 1670//1543 1622//1546 
f 1672//1547 1671//1545 1621//1548 
f 1673//1549 1672//1547 1620//1550 
f 1674//1551 1673//1549 1619//1552 
f 1675//1553 1674//1551 1618//1554 
f 1676//1555 1675//1553 1617//1556 
f 1677//1557 1676//1555 1616//1558 
f 1678//1559 1677//1557 1615//1560 
f 1679//1561 1678//1559 1614//1562 
f 1680//1563 1679//1561 1613//1564 
f 1681//1565 1680//1563 1612//1566 
f 1682//1567 1681//1565 1611//1568 
f 1683//1569 1682//1567 1610//1570 
f 1684//1571 1683//1569 1609//1572 
f 1685//1573 1684//1571 1608//1574 
f 1686//1575 1685//1573 1607//1576 
f 1687//1577 1686//1575 1606//1578 
f 1688//1579 1687//1577 1605//1580 
f 1689//1581 1688//1579 1604//1582 
f 1690//1583 1689//1581 1603//1584 
f 1691//1585 1690//1583 1602//1586 
f 1692//1587 1691//1585 1601//1588 
f 1693//1589 1692//1587 1600//1590 
f 1694//1591 1693//1589 1599//1592 
f 1695//1593 1694//1591 1598//1594 
f 1696//1595 1695//1593 1597//1596 
f 1697//1597 1696//1595 1596//1598 
f 1698//1599 1697//1597 1595//1600 
f 1699//1601 1698//1599 1594//1602 
f 1700//1603 1699//1601 1593//1604 
f 1701//1605 1700//1603 1592//1606 
f 1702//1607 1701//1605 1591//1608 
f 1703//1609 1702//1607 1590//1610 
f 1704//1611 1703//1609 1589//1612 
f 1648//1500 1704//1611 1588//1611 
f 1588//1611 1645//1500 1648//1500 
f 1589//1612 1588//1611 1704//1611 
f 1590//1610 1589//1612 1703//1609 
f 1591//1608 1590//1610 1702//1607 
f 1592//1606 1591//1608 1701//1605 
f 1593//1604 1592//1606 1700//1603 
f 1594//1602 1593//1604 1699//1601 
f 1595//1600 1594//1602 1698//1599 
f 1596//1598 1595//1600 1697//1597 
f 1597//1596 1596//1598 1696//1595 
f 1598//1594 1597//1596 1695//1593 
f 1599//1592 1598//1594 1694//1591 
f 1600//1590 1599//1592 1693//1589 
f 1601//1588 1600//1590 1692//1587 
f 1602//1586 1601//1588 1691//1585 
f 1603//1584 1602//1586 1690//1583 
f 1604//1582 1603//1584 1689//1581 
f 1605//1580 1604//1582 1688//1579 
f 1606//1578 1605//1580 1687//1577 
f 1607//1576 1606//1578 1686//1575 
f 1608//1574 1607//1576 1685//1573 
f 1609//1572 1608//1574 1684//1571 
f 1610//1570 1609//1572 1683//1569 
f 1611//1568 1610//1570 1682//1567 
f 1612//1566 1611//1568 1681//1565 
f 1613//1564 1612//1566 1680//1563 
f 1614//1562 1613//1564 1679//1561 
f 1615//1560 1614//1562 1678//1559 
f 1616//1558 1615//1560 1677//1557 
f 1617//1556 1616//1558 1676//1555 
f 1618//1554 1617//1556 1675//1553 
f 1619//1552 1618//1554 1674//1551 
f 1620//1550 1619//1552 1673//1549 
f 1621//1548 1620//1550 1672//1547 
f 1622//1546 1621//1548 1671//1545 
f 1623//1544 1622//1546 1670//1543 
f 1624//1542 1623//1544 1669//1541 
f 1625//1540 1624//1542 1668//1539 
f 1626//1538 1625//1540 1667//1537 
f 1627//1536 1626//1538 1666//1535 
f 1628//1534 1627//1536 1665//1533 
f 1629//1532 1628//1534 1664//1531 
f 1630//1530 1629//1532 1663//1529 
f 1631//1528 1630//1530 1662//1527 
f 1632//1526 1631//1528 1661//1525 
f 1633//1524 1632//1526 1660//1523 
f 1634//1522 1633//1524 1659//1521 
f 1635//1520 1634//1522 1658//1519 
f 1636//1518 1635//1520 1657//1517 
f 1637//1516 1636//1518 1656//1515 
f 1638//1514 1637//1516 1655//1513 
f 1639//1512 1638//1514 1654//1511 
f 1640//1510 1639//1512 1653//1509 
f 1641//1508 1640//1510 1652//1507 
f 1642//1506 1641//1508 1651//1505 
f 1643//1504 1642//1506 1650//1503 
f 1644//1502 1643//1504 1649//1501 
f 1645//1500 1644//1502 1647//1499 
o mesh97
f 1705//1613 1706//1613 1661//1613 
f 1707//1613 1708//1613 1690//1613 
f 1661//1613 1662//1613 1705//1613 
f 1690//1613 1691//1613 1707//1613 
f 1708//1613 1681//1613 1682//1613 
f 1706//1613 1660//1613 1661//1613 
f 1707//1613 1698//1613 1699//1613 
f 1708//1613 1689//1613 1690//1613 
f 1708//1613 1685//1613 1686//1613 
f 1682//1613 1683//1613 1708//1613 
f 1662//1613 1663//1613 1705//1613 
f 1707//1613 1697//1613 1698//1613 
f 1707//1613 1695//1613 1696//1613 
f 1707//1613 1693//1613 1694//1613 
f 1691//1613 1692//1613 1707//1613 
f 1708//1613 1687//1613 1688//1613 
f 1708//1613 1684//1613 1685//1613 
f 1708//1613 1680//1613 1681//1613 
f 1705//1613 1675//1613 1676//1613 
f 1705//1613 1664//1613 1665//1613 
f 1706//1613 1659//1613 1660//1613 
f 1707//1613 1704//1613 1648//1613 
f 1699//1613 1700//1613 1707//1613 
f 1694//1613 1695//1613 1707//1613 
f 1688//1613 1689//1613 1708//1613 
f 1683//1613 1684//1613 1708//1613 
f 1708//1613 1676//1613 1677//1613 
f 1705//1613 1674//1613 1675//1613 
f 1663//1613 1664//1613 1705//1613 
f 1706//1613 1657//1613 1658//1613 
f 1707//1613 1703//1613 1704//1613 
f 1707//1613 1701//1613 1702//1613 
f 1696//1613 1697//1613 1707//1613 
f 1686//1613 1687//1613 1708//1613 
f 1708//1613 1678//1613 1679//1613 
f 1676//1613 1708//1613 1705//1613 
f 1705//1613 1666//1613 1667//1613 
f 1658//1613 1659//1613 1706//1613 
f 1706//1613 1655//1613 1656//1613 
f 1702//1613 1703//1613 1707//1613 
f 1692//1613 1693//1613 1707//1613 
f 1677//1613 1678//1613 1708//1613 
f 1705//1613 1672//1613 1673//1613 
f 1665//1613 1666//1613 1705//1613 
f 1706//1613 1654//1613 1655//1613 
f 1706//1613 1652//1613 1653//1613 
f 1700//1613 1701//1613 1707//1613 
f 1673//1613 1674//1613 1705//1613 
f 1705//1613 1670//1613 1671//1613 
f 1705//1613 1668//1613 1669//1613 
f 1656//1613 1657//1613 1706//1613 
f 1706//1613 1651//1613 1652//1613 
f 1706//1613 1649//1613 1650//1613 
f 1706//1613 1648//1613 1647//1613 
f 1679//1613 1680//1613 1708//1613 
f 1669//1613 1670//1613 1705//1613 
f 1653//1613 1654//1613 1706//1613 
f 1647//1613 1649//1613 1706//1613 
f 1671//1613 1672//1613 1705//1613 
f 1650//1613 1651//1613 1706//1613 
f 1667//1613 1668//1613 1705//1613 
f 1648//1613 1706//1613 1707//1613 
o mesh98
f 1709//1614 1710//1614 1706//1614 
f 1706//1614 1705//1614 1709//1614 
o mesh99
f 1708//1615 1711//1615 1709//1615 
f 1708//1615 1712//1615 1711//1615 
f 1709//1615 1705//1615 1708//1615 
o mesh100
f 1708//1616 1713//1616 1714//1616 
f 1708//1616 1707//1616 1713//1616 
f 1714//1616 1712//1616 1708//1616 
o mesh101
f 1715//1617 1711//1617 1712//1617 
f 1712//1617 1714//1617 1715//1617 
o mesh102
f 1710//1618 1713//1618 1707//1618 
f 1707//1618 1706//1618 1710//1618 
o mesh103
f 1713//1619 1710//1619 1715//1619 
f 1715//1619 1714//1619 1713//1619 
o mesh104
f 1709//1620 1711//1620 1715//1620 
f 1715//1620 1710//1620 1709//1620 
g Part 7
v -0.032869 -0.05461 -0.0260268 
v -0.0327197 -0.05461 -0.0260023 
v -0.0325739 -0.05461 -0.0259619 
v -0.0324334 -0.05461 -0.0259059 
v -0.0322998 -0.05461 -0.025835 
v -0.0321746 -0.05461 -0.0257501 
v -0.0320593 -0.05461 -0.0256522 
v -0.0319553 -0.05461 -0.0255424 
v -0.0318637 -0.05461 -0.025422 
v -0.0317857 -0.05461 -0.0252924 
v -0.0317222 -0.05461 -0.0251551 
v -0.0316739 -0.05461 -0.0250117 
v -0.0316414 -0.05461 -0.024864 
v -0.031625 -0.05461 -0.0247136 
v -0.031625 -0.05461 -0.0245624 
v -0.0316414 -0.05461 -0.024412 
v -0.0316739 -0.05461 -0.0242643 
v -0.0317222 -0.05461 -0.0241209 
v -0.0317857 -0.05461 -0.0239836 
v -0.0318637 -0.05461 -0.023854 
v -0.0319553 -0.05461 -0.0237336 
v -0.0320593 -0.05461 -0.0236238 
v -0.0321746 -0.05461 -0.0235259 
v -0.0322998 -0.05461 -0.023441 
v -0.0324334 -0.05461 -0.0233701 
v -0.0325739 -0.05461 -0.0233141 
v -0.0327197 -0.05461 -0.0232737 
v -0.032869 -0.05461 -0.0232492 
v -0.03302 -0.05461 -0.023241 
v -0.033171 -0.05461 -0.0232492 
v -0.0333203 -0.05461 -0.0232737 
v -0.0334661 -0.05461 -0.0233141 
v -0.0336066 -0.05461 -0.0233701 
v -0.0337402 -0.05461 -0.023441 
v -0.0338654 -0.05461 -0.0235259 
v -0.0339807 -0.05461 -0.0236238 
v -0.0340847 -0.05461 -0.0237336 
v -0.0341763 -0.05461 -0.023854 
v -0.0342543 -0.05461 -0.0239836 
v -0.0343178 -0.05461 -0.0241209 
v -0.0343661 -0.05461 -0.0242643 
v -0.0343986 -0.05461 -0.024412 
v -0.034415 -0.05461 -0.0245624 
v -0.034415 -0.05461 -0.0247136 
v -0.0343986 -0.05461 -0.024864 
v -0.0343661 -0.05461 -0.0250117 
v -0.0343178 -0.05461 -0.0251551 
v -0.0342543 -0.05461 -0.0252924 
v -0.0341763 -0.05461 -0.025422 
v -0.0340847 -0.05461 -0.0255424 
v -0.0339807 -0.05461 -0.0256522 
v -0.0338654 -0.05461 -0.0257501 
v -0.0337402 -0.05461 -0.025835 
v -0.0336066 -0.05461 -0.0259059 
v -0.0334661 -0.05461 -0.0259619 
v -0.0333203 -0.05461 -0.0260023 
v -0.033171 -0.05461 -0.0260268 
v -0.03302 -0.05461 -0.026035 
v -0.03302 -0.05461 -0.024638 
v -0.033171 -0.06223 -0.0260268 
v -0.03302 -0.06223 -0.026035 
v -0.0333203 -0.06223 -0.0260023 
v -0.0334661 -0.06223 -0.0259619 
v -0.0336066 -0.06223 -0.0259059 
v -0.0337402 -0.06223 -0.025835 
v -0.0338654 -0.06223 -0.0257501 
v -0.0339807 -0.06223 -0.0256522 
v -0.0340847 -0.06223 -0.0255424 
v -0.0341763 -0.06223 -0.025422 
v -0.0342543 -0.06223 -0.0252924 
v -0.0343178 -0.06223 -0.0251551 
v -0.0343661 -0.06223 -0.0250117 
v -0.0343986 -0.06223 -0.024864 
v -0.034415 -0.06223 -0.0247136 
v -0.034415 -0.06223 -0.0245624 
v -0.0343986 -0.06223 -0.024412 
v -0.0343661 -0.06223 -0.0242643 
v -0.0343178 -0.06223 -0.0241209 
v -0.0342543 -0.06223 -0.0239836 
v -0.0341763 -0.06223 -0.023854 
v -0.0340847 -0.06223 -0.0237336 
v -0.0339807 -0.06223 -0.0236238 
v -0.0338654 -0.06223 -0.0235259 
v -0.0337402 -0.06223 -0.023441 
v -0.0336066 -0.06223 -0.0233701 
v -0.0334661 -0.06223 -0.0233141 
v -0.0333203 -0.06223 -0.0232737 
v -0.033171 -0.06223 -0.0232492 
v -0.03302 -0.06223 -0.023241 
v -0.032869 -0.06223 -0.0232492 
v -0.0327197 -0.06223 -0.0232737 
v -0.0325739 -0.06223 -0.0233141 
v -0.0324334 -0.06223 -0.0233701 
v -0.0322998 -0.06223 -0.023441 
v -0.0321746 -0.06223 -0.0235259 
v -0.0320593 -0.06223 -0.0236238 
v -0.0319553 -0.06223 -0.0237336 
v -0.0318637 -0.06223 -0.023854 
v -0.0317857 -0.06223 -0.0239836 
v -0.0317222 -0.06223 -0.0241209 
v -0.0316739 -0.06223 -0.0242643 
v -0.0316414 -0.06223 -0.024412 
v -0.031625 -0.06223 -0.0245624 
v -0.031625 -0.06223 -0.0247136 
v -0.0316414 -0.06223 -0.024864 
v -0.0316739 -0.06223 -0.0250117 
v -0.0317222 -0.06223 -0.0251551 
v -0.0317857 -0.06223 -0.0252924 
v -0.0318637 -0.06223 -0.025422 
v -0.0319553 -0.06223 -0.0255424 
v -0.0320593 -0.06223 -0.0256522 
v -0.0321746 -0.06223 -0.0257501 
v -0.0322998 -0.06223 -0.025835 
v -0.0324334 -0.06223 -0.0259059 
v -0.0325739 -0.06223 -0.0259619 
v -0.0327197 -0.06223 -0.0260023 
v -0.032869 -0.06223 -0.0260268 
v -0.02921 -0.06223 -0.028448 
v -0.02921 -0.06223 -0.020828 
v -0.03683 -0.06223 -0.020828 
v -0.03683 -0.06223 -0.028448 
v -0.02921 -0.05461 -0.020828 
v -0.03683 -0.05461 -0.020828 
v -0.02921 -0.05461 -0.028448 
v -0.03429 -0.04953 -0.028448 
v -0.03683 -0.04953 -0.028448 
v -0.03683 -0.04953 -0.025908 
v -0.03429 -0.04953 -0.025908 
v -0.03683 -0.039624 0.03683 
v -0.03683 -0.039624 -0.032258 
v -0.03683 -0.06604 0.03683 
v -0.03683 -0.06604 -0.032258 
v -0.04064 -0.06604 -0.032258 
v -0.04064 -0.039624 -0.032258 
v -0.0127 -0.039624 0.03683 
v -0.0127 -0.06604 0.03683 
v -0.0127 -0.06604 0.04064 
v -0.04064 -0.06604 0.04064 
v -0.04064 -0.039624 0.04064 
v -0.0127 -0.039624 0.04064 
vn 0 -1 0 
vn 0.108119 0 0.994138 
vn 2.44929e-16 0 1 
vn 0.21497 0 0.976621 
vn 0.108119 0 0.994138 
vn 0.319302 0 0.947653 
vn 0.21497 0 0.976621 
vn 0.419889 0 0.907575 
vn 0.319302 0 0.947653 
vn 0.515554 0 0.856857 
vn 0.419889 0 0.907575 
vn 0.605174 0 0.796093 
vn 0.515554 0 0.856857 
vn 0.687699 0 0.725995 
vn 0.605174 0 0.796093 
vn 0.762162 0 0.647386 
vn 0.687699 0 0.725995 
vn 0.827689 0 0.561187 
vn 0.762162 0 0.647386 
vn 0.883512 0 0.468408 
vn 0.827689 0 0.561187 
vn 0.928977 0 0.370138 
vn 0.883512 0 0.468408 
vn 0.96355 0 0.267528 
vn 0.928977 0 0.370138 
vn 0.986827 0 0.161782 
vn 0.96355 0 0.267528 
vn 0.998533 0 0.0541389 
vn 0.986827 0 0.161782 
vn 0.998533 0 -0.0541389 
vn 0.998533 0 0.0541389 
vn 0.986827 0 -0.161782 
vn 0.998533 0 -0.0541389 
vn 0.96355 0 -0.267528 
vn 0.986827 0 -0.161782 
vn 0.928977 0 -0.370138 
vn 0.96355 0 -0.267528 
vn 0.883512 0 -0.468408 
vn 0.928977 0 -0.370138 
vn 0.827689 0 -0.561187 
vn 0.883512 0 -0.468408 
vn 0.762162 0 -0.647386 
vn 0.827689 0 -0.561187 
vn 0.687699 0 -0.725995 
vn 0.762162 0 -0.647386 
vn 0.605174 0 -0.796093 
vn 0.687699 0 -0.725995 
vn 0.515554 0 -0.856857 
vn 0.605174 0 -0.796093 
vn 0.419889 0 -0.907575 
vn 0.515554 0 -0.856857 
vn 0.319302 0 -0.947653 
vn 0.419889 0 -0.907575 
vn 0.21497 0 -0.976621 
vn 0.319302 0 -0.947653 
vn 0.108119 0 -0.994138 
vn 0.21497 0 -0.976621 
vn -1.22465e-16 0 -1 
vn 0.108119 0 -0.994138 
vn -0.108119 0 -0.994138 
vn -1.22465e-16 0 -1 
vn -0.21497 0 -0.976621 
vn -0.108119 0 -0.994138 
vn -0.319302 0 -0.947653 
vn -0.21497 0 -0.976621 
vn -0.419889 0 -0.907575 
vn -0.319302 0 -0.947653 
vn -0.515554 0 -0.856857 
vn -0.419889 0 -0.907575 
vn -0.605174 0 -0.796093 
vn -0.515554 0 -0.856857 
vn -0.687699 0 -0.725995 
vn -0.605174 0 -0.796093 
vn -0.762162 0 -0.647386 
vn -0.687699 0 -0.725995 
vn -0.827689 0 -0.561187 
vn -0.762162 0 -0.647386 
vn -0.883512 0 -0.468408 
vn -0.827689 0 -0.561187 
vn -0.928977 0 -0.370138 
vn -0.883512 0 -0.468408 
vn -0.96355 0 -0.267528 
vn -0.928977 0 -0.370138 
vn -0.986827 0 -0.161782 
vn -0.96355 0 -0.267528 
vn -0.998533 0 -0.0541389 
vn -0.986827 0 -0.161782 
vn -0.998533 0 0.0541389 
vn -0.998533 0 -0.0541389 
vn -0.986827 0 0.161782 
vn -0.998533 0 0.0541389 
vn -0.96355 0 0.267528 
vn -0.986827 0 0.161782 
vn -0.928977 0 0.370138 
vn -0.96355 0 0.267528 
vn -0.883512 0 0.468408 
vn -0.928977 0 0.370138 
vn -0.827689 0 0.561187 
vn -0.883512 0 0.468408 
vn -0.762162 0 0.647386 
vn -0.827689 0 0.561187 
vn -0.687699 0 0.725995 
vn -0.762162 0 0.647386 
vn -0.605174 0 0.796093 
vn -0.687699 0 0.725995 
vn -0.515554 0 0.856857 
vn -0.605174 0 0.796093 
vn -0.419889 0 0.907575 
vn -0.515554 0 0.856857 
vn -0.319302 0 0.947653 
vn -0.419889 0 0.907575 
vn -0.21497 0 0.976621 
vn -0.319302 0 0.947653 
vn -0.108119 0 0.994138 
vn -0.21497 0 0.976621 
vn 0 -1 0 
vn 1.7074e-16 0 1 
vn 1 0 -1.7074e-16 
vn -1.7074e-16 0 -1 
vn 0 1 0 
vn 1.20732e-16 0.707107 0.707107 
vn 0.707107 0.707107 -1.20732e-16 
vn 1 0 -1.7074e-16 
vn -1.7074e-16 0 -1 
vn 0 -1 0 
vn 0 1 0 
vn 1 0 0 
vn 1.7074e-16 0 1 
vn -1 0 1.7074e-16 
usemtl 0.980392_0.713725_0.003922_0.000000_0.000000
o mesh105
f 1774//1621 1716//1621 1717//1621 
f 1717//1621 1718//1621 1774//1621 
f 1718//1621 1719//1621 1774//1621 
f 1719//1621 1720//1621 1774//1621 
f 1720//1621 1721//1621 1774//1621 
f 1721//1621 1722//1621 1774//1621 
f 1722//1621 1723//1621 1774//1621 
f 1723//1621 1724//1621 1774//1621 
f 1724//1621 1725//1621 1774//1621 
f 1725//1621 1726//1621 1774//1621 
f 1726//1621 1727//1621 1774//1621 
f 1727//1621 1728//1621 1774//1621 
f 1728//1621 1729//1621 1774//1621 
f 1729//1621 1730//1621 1774//1621 
f 1730//1621 1731//1621 1774//1621 
f 1731//1621 1732//1621 1774//1621 
f 1732//1621 1733//1621 1774//1621 
f 1733//1621 1734//1621 1774//1621 
f 1734//1621 1735//1621 1774//1621 
f 1735//1621 1736//1621 1774//1621 
f 1736//1621 1737//1621 1774//1621 
f 1737//1621 1738//1621 1774//1621 
f 1738//1621 1739//1621 1774//1621 
f 1739//1621 1740//1621 1774//1621 
f 1740//1621 1741//1621 1774//1621 
f 1741//1621 1742//1621 1774//1621 
f 1742//1621 1743//1621 1774//1621 
f 1743//1621 1744//1621 1774//1621 
f 1744//1621 1745//1621 1774//1621 
f 1745//1621 1746//1621 1774//1621 
f 1746//1621 1747//1621 1774//1621 
f 1747//1621 1748//1621 1774//1621 
f 1748//1621 1749//1621 1774//1621 
f 1749//1621 1750//1621 1774//1621 
f 1750//1621 1751//1621 1774//1621 
f 1751//1621 1752//1621 1774//1621 
f 1752//1621 1753//1621 1774//1621 
f 1753//1621 1754//1621 1774//1621 
f 1754//1621 1755//1621 1774//1621 
f 1755//1621 1756//1621 1774//1621 
f 1756//1621 1757//1621 1774//1621 
f 1757//1621 1758//1621 1774//1621 
f 1758//1621 1759//1621 1774//1621 
f 1759//1621 1760//1621 1774//1621 
f 1760//1621 1761//1621 1774//1621 
f 1761//1621 1762//1621 1774//1621 
f 1762//1621 1763//1621 1774//1621 
f 1763//1621 1764//1621 1774//1621 
f 1764//1621 1765//1621 1774//1621 
f 1765//1621 1766//1621 1774//1621 
f 1766//1621 1767//1621 1774//1621 
f 1767//1621 1768//1621 1774//1621 
f 1768//1621 1769//1621 1774//1621 
f 1769//1621 1770//1621 1774//1621 
f 1770//1621 1771//1621 1774//1621 
f 1771//1621 1772//1621 1774//1621 
f 1772//1621 1773//1621 1774//1621 
f 1773//1621 1716//1621 1774//1621 
o mesh106
f 1775//1622 1776//1623 1773//1623 
f 1777//1624 1775//1622 1772//1625 
f 1778//1626 1777//1624 1771//1627 
f 1779//1628 1778//1626 1770//1629 
f 1780//1630 1779//1628 1769//1631 
f 1781//1632 1780//1630 1768//1633 
f 1782//1634 1781//1632 1767//1635 
f 1783//1636 1782//1634 1766//1637 
f 1784//1638 1783//1636 1765//1639 
f 1785//1640 1784//1638 1764//1641 
f 1786//1642 1785//1640 1763//1643 
f 1787//1644 1786//1642 1762//1645 
f 1788//1646 1787//1644 1761//1647 
f 1789//1648 1788//1646 1760//1649 
f 1790//1650 1789//1648 1759//1651 
f 1791//1652 1790//1650 1758//1653 
f 1792//1654 1791//1652 1757//1655 
f 1793//1656 1792//1654 1756//1657 
f 1794//1658 1793//1656 1755//1659 
f 1795//1660 1794//1658 1754//1661 
f 1796//1662 1795//1660 1753//1663 
f 1797//1664 1796//1662 1752//1665 
f 1798//1666 1797//1664 1751//1667 
f 1799//1668 1798//1666 1750//1669 
f 1800//1670 1799//1668 1749//1671 
f 1801//1672 1800//1670 1748//1673 
f 1802//1674 1801//1672 1747//1675 
f 1803//1676 1802//1674 1746//1677 
f 1804//1678 1803//1676 1745//1679 
f 1805//1680 1804//1678 1744//1681 
f 1806//1682 1805//1680 1743//1683 
f 1807//1684 1806//1682 1742//1685 
f 1808//1686 1807//1684 1741//1687 
f 1809//1688 1808//1686 1740//1689 
f 1810//1690 1809//1688 1739//1691 
f 1811//1692 1810//1690 1738//1693 
f 1812//1694 1811//1692 1737//1695 
f 1813//1696 1812//1694 1736//1697 
f 1814//1698 1813//1696 1735//1699 
f 1815//1700 1814//1698 1734//1701 
f 1816//1702 1815//1700 1733//1703 
f 1817//1704 1816//1702 1732//1705 
f 1818//1706 1817//1704 1731//1707 
f 1819//1708 1818//1706 1730//1709 
f 1820//1710 1819//1708 1729//1711 
f 1821//1712 1820//1710 1728//1713 
f 1822//1714 1821//1712 1727//1715 
f 1823//1716 1822//1714 1726//1717 
f 1824//1718 1823//1716 1725//1719 
f 1825//1720 1824//1718 1724//1721 
f 1826//1722 1825//1720 1723//1723 
f 1827//1724 1826//1722 1722//1725 
f 1828//1726 1827//1724 1721//1727 
f 1829//1728 1828//1726 1720//1729 
f 1830//1730 1829//1728 1719//1731 
f 1831//1732 1830//1730 1718//1733 
f 1832//1734 1831//1732 1717//1735 
f 1776//1623 1832//1734 1716//1734 
f 1716//1734 1773//1623 1776//1623 
f 1717//1735 1716//1734 1832//1734 
f 1718//1733 1717//1735 1831//1732 
f 1719//1731 1718//1733 1830//1730 
f 1720//1729 1719//1731 1829//1728 
f 1721//1727 1720//1729 1828//1726 
f 1722//1725 1721//1727 1827//1724 
f 1723//1723 1722//1725 1826//1722 
f 1724//1721 1723//1723 1825//1720 
f 1725//1719 1724//1721 1824//1718 
f 1726//1717 1725//1719 1823//1716 
f 1727//1715 1726//1717 1822//1714 
f 1728//1713 1727//1715 1821//1712 
f 1729//1711 1728//1713 1820//1710 
f 1730//1709 1729//1711 1819//1708 
f 1731//1707 1730//1709 1818//1706 
f 1732//1705 1731//1707 1817//1704 
f 1733//1703 1732//1705 1816//1702 
f 1734//1701 1733//1703 1815//1700 
f 1735//1699 1734//1701 1814//1698 
f 1736//1697 1735//1699 1813//1696 
f 1737//1695 1736//1697 1812//1694 
f 1738//1693 1737//1695 1811//1692 
f 1739//1691 1738//1693 1810//1690 
f 1740//1689 1739//1691 1809//1688 
f 1741//1687 1740//1689 1808//1686 
f 1742//1685 1741//1687 1807//1684 
f 1743//1683 1742//1685 1806//1682 
f 1744//1681 1743//1683 1805//1680 
f 1745//1679 1744//1681 1804//1678 
f 1746//1677 1745//1679 1803//1676 
f 1747//1675 1746//1677 1802//1674 
f 1748//1673 1747//1675 1801//1672 
f 1749//1671 1748//1673 1800//1670 
f 1750//1669 1749//1671 1799//1668 
f 1751//1667 1750//1669 1798//1666 
f 1752//1665 1751//1667 1797//1664 
f 1753//1663 1752//1665 1796//1662 
f 1754//1661 1753//1663 1795//1660 
f 1755//1659 1754//1661 1794//1658 
f 1756//1657 1755//1659 1793//1656 
f 1757//1655 1756//1657 1792//1654 
f 1758//1653 1757//1655 1791//1652 
f 1759//1651 1758//1653 1790//1650 
f 1760//1649 1759//1651 1789//1648 
f 1761//1647 1760//1649 1788//1646 
f 1762//1645 1761//1647 1787//1644 
f 1763//1643 1762//1645 1786//1642 
f 1764//1641 1763//1643 1785//1640 
f 1765//1639 1764//1641 1784//1638 
f 1766//1637 1765//1639 1783//1636 
f 1767//1635 1766//1637 1782//1634 
f 1768//1633 1767//1635 1781//1632 
f 1769//1631 1768//1633 1780//1630 
f 1770//1629 1769//1631 1779//1628 
f 1771//1627 1770//1629 1778//1626 
f 1772//1625 1771//1627 1777//1624 
f 1773//1623 1772//1625 1775//1622 
o mesh107
f 1833//1736 1834//1736 1818//1736 
f 1833//1736 1831//1736 1832//1736 
f 1833//1736 1829//1736 1830//1736 
f 1833//1736 1827//1736 1828//1736 
f 1818//1736 1819//1736 1833//1736 
f 1834//1736 1835//1736 1804//1736 
f 1830//1736 1831//1736 1833//1736 
f 1833//1736 1826//1736 1827//1736 
f 1833//1736 1824//1736 1825//1736 
f 1833//1736 1822//1736 1823//1736 
f 1833//1736 1820//1736 1821//1736 
f 1834//1736 1817//1736 1818//1736 
f 1835//1736 1803//1736 1804//1736 
f 1828//1736 1829//1736 1833//1736 
f 1823//1736 1824//1736 1833//1736 
f 1819//1736 1820//1736 1833//1736 
f 1834//1736 1815//1736 1816//1736 
f 1834//1736 1808//1736 1809//1736 
f 1834//1736 1806//1736 1807//1736 
f 1804//1736 1805//1736 1834//1736 
f 1835//1736 1801//1736 1802//1736 
f 1835//1736 1798//1736 1799//1736 
f 1825//1736 1826//1736 1833//1736 
f 1816//1736 1817//1736 1834//1736 
f 1834//1736 1813//1736 1814//1736 
f 1834//1736 1811//1736 1812//1736 
f 1809//1736 1810//1736 1834//1736 
f 1805//1736 1806//1736 1834//1736 
f 1835//1736 1800//1736 1801//1736 
f 1835//1736 1797//1736 1798//1736 
f 1835//1736 1836//1736 1789//1736 
f 1821//1736 1822//1736 1833//1736 
f 1812//1736 1813//1736 1834//1736 
f 1807//1736 1808//1736 1834//1736 
f 1799//1736 1800//1736 1835//1736 
f 1789//1736 1790//1736 1835//1736 
f 1814//1736 1815//1736 1834//1736 
f 1802//1736 1803//1736 1835//1736 
f 1835//1736 1795//1736 1796//1736 
f 1835//1736 1793//1736 1794//1736 
f 1835//1736 1791//1736 1792//1736 
f 1836//1736 1788//1736 1789//1736 
f 1810//1736 1811//1736 1834//1736 
f 1794//1736 1795//1736 1835//1736 
f 1790//1736 1791//1736 1835//1736 
f 1836//1736 1786//1736 1787//1736 
f 1836//1736 1778//1736 1779//1736 
f 1796//1736 1797//1736 1835//1736 
f 1787//1736 1788//1736 1836//1736 
f 1836//1736 1784//1736 1785//1736 
f 1836//1736 1782//1736 1783//1736 
f 1836//1736 1780//1736 1781//1736 
f 1836//1736 1777//1736 1778//1736 
f 1836//1736 1833//1736 1776//1736 
f 1792//1736 1793//1736 1835//1736 
f 1783//1736 1784//1736 1836//1736 
f 1779//1736 1780//1736 1836//1736 
f 1776//1736 1775//1736 1836//1736 
f 1785//1736 1786//1736 1836//1736 
f 1775//1736 1777//1736 1836//1736 
f 1781//1736 1782//1736 1836//1736 
f 1832//1736 1776//1736 1833//1736 
o mesh108
f 1835//1737 1834//1737 1837//1737 
f 1837//1737 1838//1737 1835//1737 
o mesh109
f 1834//1738 1833//1738 1839//1738 
f 1839//1738 1837//1738 1834//1738 
o mesh110
f 1836//1739 1840//1739 1839//1739 
f 1836//1739 1841//1739 1840//1739 
f 1839//1739 1833//1739 1836//1739 
o mesh111
f 1841//1740 1842//1740 1843//1740 
f 1843//1740 1840//1740 1841//1740 
o mesh112
f 1838//1741 1837//1741 1843//1741 
f 1843//1741 1842//1741 1838//1741 
o mesh113
f 1839//1742 1840//1742 1843//1742 
f 1843//1742 1837//1742 1839//1742 
o mesh114
f 1844//1743 1838//1743 1842//1743 
f 1842//1743 1845//1743 1844//1743 
f 1846//1743 1835//1743 1838//1743 
f 1847//1743 1845//1743 1841//1743 
f 1838//1743 1844//1743 1846//1743 
f 1842//1743 1841//1743 1845//1743 
f 1847//1743 1836//1743 1835//1743 
f 1835//1743 1846//1743 1847//1743 
f 1841//1743 1836//1743 1847//1743 
o mesh115
f 1848//1744 1849//1744 1845//1744 
f 1845//1744 1847//1744 1848//1744 
o mesh116
f 1846//1744 1844//1744 1850//1744 
f 1850//1744 1851//1744 1846//1744 
o mesh117
f 1852//1745 1853//1745 1846//1745 
f 1848//1745 1847//1745 1846//1745 
f 1846//1745 1853//1745 1848//1745 
f 1846//1745 1851//1745 1852//1745 
o mesh118
f 1849//1746 1854//1746 1844//1746 
f 1855//1746 1850//1746 1844//1746 
f 1844//1746 1854//1746 1855//1746 
f 1844//1746 1845//1746 1849//1746 
o mesh119
f 1851//1747 1850//1747 1855//1747 
f 1855//1747 1852//1747 1851//1747 
o mesh120
f 1852//1748 1855//1748 1854//1748 
f 1854//1748 1853//1748 1852//1748 
o mesh121
f 1853//1749 1854//1749 1849//1749 
f 1849//1749 1848//1749 1853//1749 
g Part 8
v 0.016661 -0.05461 0.0316312 
v 0.0168103 -0.05461 0.0316557 
v 0.0169561 -0.05461 0.0316961 
v 0.0170966 -0.05461 0.0317521 
v 0.0172302 -0.05461 0.031823 
v 0.0173554 -0.05461 0.0319079 
v 0.0174707 -0.05461 0.0320058 
v 0.0175747 -0.05461 0.0321156 
v 0.0176663 -0.05461 0.032236 
v 0.0177443 -0.05461 0.0323656 
v 0.0178078 -0.05461 0.0325029 
v 0.0178561 -0.05461 0.0326463 
v 0.0178886 -0.05461 0.032794 
v 0.017905 -0.05461 0.0329444 
v 0.017905 -0.05461 0.0330956 
v 0.0178886 -0.05461 0.033246 
v 0.0178561 -0.05461 0.0333937 
v 0.0178078 -0.05461 0.0335371 
v 0.0177443 -0.05461 0.0336744 
v 0.0176663 -0.05461 0.033804 
v 0.0175747 -0.05461 0.0339244 
v 0.0174707 -0.05461 0.0340342 
v 0.0173554 -0.05461 0.0341321 
v 0.0172302 -0.05461 0.034217 
v 0.0170966 -0.05461 0.0342879 
v 0.0169561 -0.05461 0.0343439 
v 0.0168103 -0.05461 0.0343843 
v 0.016661 -0.05461 0.0344088 
v 0.01651 -0.05461 0.034417 
v 0.016359 -0.05461 0.0344088 
v 0.0162097 -0.05461 0.0343843 
v 0.0160639 -0.05461 0.0343439 
v 0.0159234 -0.05461 0.0342879 
v 0.0157898 -0.05461 0.034217 
v 0.0156646 -0.05461 0.0341321 
v 0.0155493 -0.05461 0.0340342 
v 0.0154453 -0.05461 0.0339244 
v 0.0153537 -0.05461 0.033804 
v 0.0152757 -0.05461 0.0336744 
v 0.0152122 -0.05461 0.0335371 
v 0.0151639 -0.05461 0.0333937 
v 0.0151314 -0.05461 0.033246 
v 0.015115 -0.05461 0.0330956 
v 0.015115 -0.05461 0.0329444 
v 0.0151314 -0.05461 0.032794 
v 0.0151639 -0.05461 0.0326463 
v 0.0152122 -0.05461 0.0325029 
v 0.0152757 -0.05461 0.0323656 
v 0.0153537 -0.05461 0.032236 
v 0.0154453 -0.05461 0.0321156 
v 0.0155493 -0.05461 0.0320058 
v 0.0156646 -0.05461 0.0319079 
v 0.0157898 -0.05461 0.031823 
v 0.0159234 -0.05461 0.0317521 
v 0.0160639 -0.05461 0.0316961 
v 0.0162097 -0.05461 0.0316557 
v 0.016359 -0.05461 0.0316312 
v 0.01651 -0.05461 0.031623 
v 0.01651 -0.05461 0.03302 
v 0.016359 -0.06223 0.0316312 
v 0.01651 -0.06223 0.031623 
v 0.0162097 -0.06223 0.0316557 
v 0.0160639 -0.06223 0.0316961 
v 0.0159234 -0.06223 0.0317521 
v 0.0157898 -0.06223 0.031823 
v 0.0156646 -0.06223 0.0319079 
v 0.0155493 -0.06223 0.0320058 
v 0.0154453 -0.06223 0.0321156 
v 0.0153537 -0.06223 0.032236 
v 0.0152757 -0.06223 0.0323656 
v 0.0152122 -0.06223 0.0325029 
v 0.0151639 -0.06223 0.0326463 
v 0.0151314 -0.06223 0.032794 
v 0.015115 -0.06223 0.0329444 
v 0.015115 -0.06223 0.0330956 
v 0.0151314 -0.06223 0.033246 
v 0.0151639 -0.06223 0.0333937 
v 0.0152122 -0.06223 0.0335371 
v 0.0152757 -0.06223 0.0336744 
v 0.0153537 -0.06223 0.033804 
v 0.0154453 -0.06223 0.0339244 
v 0.0155493 -0.06223 0.0340342 
v 0.0156646 -0.06223 0.0341321 
v 0.0157898 -0.06223 0.034217 
v 0.0159234 -0.06223 0.0342879 
v 0.0160639 -0.06223 0.0343439 
v 0.0162097 -0.06223 0.0343843 
v 0.016359 -0.06223 0.0344088 
v 0.01651 -0.06223 0.034417 
v 0.016661 -0.06223 0.0344088 
v 0.0168103 -0.06223 0.0343843 
v 0.0169561 -0.06223 0.0343439 
v 0.0170966 -0.06223 0.0342879 
v 0.0172302 -0.06223 0.034217 
v 0.0173554 -0.06223 0.0341321 
v 0.0174707 -0.06223 0.0340342 
v 0.0175747 -0.06223 0.0339244 
v 0.0176663 -0.06223 0.033804 
v 0.0177443 -0.06223 0.0336744 
v 0.0178078 -0.06223 0.0335371 
v 0.0178561 -0.06223 0.0333937 
v 0.0178886 -0.06223 0.033246 
v 0.017905 -0.06223 0.0330956 
v 0.017905 -0.06223 0.0329444 
v 0.0178886 -0.06223 0.032794 
v 0.0178561 -0.06223 0.0326463 
v 0.0178078 -0.06223 0.0325029 
v 0.0177443 -0.06223 0.0323656 
v 0.0176663 -0.06223 0.032236 
v 0.0175747 -0.06223 0.0321156 
v 0.0174707 -0.06223 0.0320058 
v 0.0173554 -0.06223 0.0319079 
v 0.0172302 -0.06223 0.031823 
v 0.0170966 -0.06223 0.0317521 
v 0.0169561 -0.06223 0.0316961 
v 0.0168103 -0.06223 0.0316557 
v 0.016661 -0.06223 0.0316312 
v 0.02032 -0.06223 0.02921 
v 0.02032 -0.06223 0.03683 
v 0.0127 -0.06223 0.03683 
v 0.0127 -0.06223 0.02921 
v 0.02032 -0.05461 0.02921 
v 0.02032 -0.05461 0.03683 
v 0.01524 -0.04953 0.03683 
v 0.0127 -0.04953 0.03683 
v 0.0127 -0.04953 0.03429 
v 0.0127 -0.05461 0.02921 
v 0.01524 -0.04953 0.03429 
vn 0 -1 0 
vn 0.108119 0 0.994138 
vn 2.44929e-16 0 1 
vn 0.21497 0 0.976621 
vn 0.108119 0 0.994138 
vn 0.319302 0 0.947653 
vn 0.21497 0 0.976621 
vn 0.419889 0 0.907575 
vn 0.319302 0 0.947653 
vn 0.515554 0 0.856857 
vn 0.419889 0 0.907575 
vn 0.605174 0 0.796093 
vn 0.515554 0 0.856857 
vn 0.687699 0 0.725995 
vn 0.605174 0 0.796093 
vn 0.762162 0 0.647386 
vn 0.687699 0 0.725995 
vn 0.827689 0 0.561187 
vn 0.762162 0 0.647386 
vn 0.883512 0 0.468408 
vn 0.827689 0 0.561187 
vn 0.928977 0 0.370138 
vn 0.883512 0 0.468408 
vn 0.96355 0 0.267528 
vn 0.928977 0 0.370138 
vn 0.986827 0 0.161782 
vn 0.96355 0 0.267528 
vn 0.998533 0 0.0541389 
vn 0.986827 0 0.161782 
vn 0.998533 0 -0.0541389 
vn 0.998533 0 0.0541389 
vn 0.986827 0 -0.161782 
vn 0.998533 0 -0.0541389 
vn 0.96355 0 -0.267528 
vn 0.986827 0 -0.161782 
vn 0.928977 0 -0.370138 
vn 0.96355 0 -0.267528 
vn 0.883512 0 -0.468408 
vn 0.928977 0 -0.370138 
vn 0.827689 0 -0.561187 
vn 0.883512 0 -0.468408 
vn 0.762162 0 -0.647386 
vn 0.827689 0 -0.561187 
vn 0.687699 0 -0.725995 
vn 0.762162 0 -0.647386 
vn 0.605174 0 -0.796093 
vn 0.687699 0 -0.725995 
vn 0.515554 0 -0.856857 
vn 0.605174 0 -0.796093 
vn 0.419889 0 -0.907575 
vn 0.515554 0 -0.856857 
vn 0.319302 0 -0.947653 
vn 0.419889 0 -0.907575 
vn 0.21497 0 -0.976621 
vn 0.319302 0 -0.947653 
vn 0.108119 0 -0.994138 
vn 0.21497 0 -0.976621 
vn -1.22465e-16 0 -1 
vn 0.108119 0 -0.994138 
vn -0.108119 0 -0.994138 
vn -1.22465e-16 0 -1 
vn -0.21497 0 -0.976621 
vn -0.108119 0 -0.994138 
vn -0.319302 0 -0.947653 
vn -0.21497 0 -0.976621 
vn -0.419889 0 -0.907575 
vn -0.319302 0 -0.947653 
vn -0.515554 0 -0.856857 
vn -0.419889 0 -0.907575 
vn -0.605174 0 -0.796093 
vn -0.515554 0 -0.856857 
vn -0.687699 0 -0.725995 
vn -0.605174 0 -0.796093 
vn -0.762162 0 -0.647386 
vn -0.687699 0 -0.725995 
vn -0.827689 0 -0.561187 
vn -0.762162 0 -0.647386 
vn -0.883512 0 -0.468408 
vn -0.827689 0 -0.561187 
vn -0.928977 0 -0.370138 
vn -0.883512 0 -0.468408 
vn -0.96355 0 -0.267528 
vn -0.928977 0 -0.370138 
vn -0.986827 0 -0.161782 
vn -0.96355 0 -0.267528 
vn -0.998533 0 -0.0541389 
vn -0.986827 0 -0.161782 
vn -0.998533 0 0.0541389 
vn -0.998533 0 -0.0541389 
vn -0.986827 0 0.161782 
vn -0.998533 0 0.0541389 
vn -0.96355 0 0.267528 
vn -0.986827 0 0.161782 
vn -0.928977 0 0.370138 
vn -0.96355 0 0.267528 
vn -0.883512 0 0.468408 
vn -0.928977 0 0.370138 
vn -0.827689 0 0.561187 
vn -0.883512 0 0.468408 
vn -0.762162 0 0.647386 
vn -0.827689 0 0.561187 
vn -0.687699 0 0.725995 
vn -0.762162 0 0.647386 
vn -0.605174 0 0.796093 
vn -0.687699 0 0.725995 
vn -0.515554 0 0.856857 
vn -0.605174 0 0.796093 
vn -0.419889 0 0.907575 
vn -0.515554 0 0.856857 
vn -0.319302 0 0.947653 
vn -0.419889 0 0.907575 
vn -0.21497 0 0.976621 
vn -0.319302 0 0.947653 
vn -0.108119 0 0.994138 
vn -0.21497 0 0.976621 
vn 0 -1 0 
vn 1 0 0 
vn 0 0 1 
vn -1 0 0 
vn 0 1 0 
vn 0 0 -1 
vn 0 0.707107 -0.707107 
vn 0.707107 0.707107 0 
usemtl 0.647059_0.647059_0.647059_0.000000_0.000000
o mesh122
f 1914//1750 1856//1750 1857//1750 
f 1857//1750 1858//1750 1914//1750 
f 1858//1750 1859//1750 1914//1750 
f 1859//1750 1860//1750 1914//1750 
f 1860//1750 1861//1750 1914//1750 
f 1861//1750 1862//1750 1914//1750 
f 1862//1750 1863//1750 1914//1750 
f 1863//1750 1864//1750 1914//1750 
f 1864//1750 1865//1750 1914//1750 
f 1865//1750 1866//1750 1914//1750 
f 1866//1750 1867//1750 1914//1750 
f 1867//1750 1868//1750 1914//1750 
f 1868//1750 1869//1750 1914//1750 
f 1869//1750 1870//1750 1914//1750 
f 1870//1750 1871//1750 1914//1750 
f 1871//1750 1872//1750 1914//1750 
f 1872//1750 1873//1750 1914//1750 
f 1873//1750 1874//1750 1914//1750 
f 1874//1750 1875//1750 1914//1750 
f 1875//1750 1876//1750 1914//1750 
f 1876//1750 1877//1750 1914//1750 
f 1877//1750 1878//1750 1914//1750 
f 1878//1750 1879//1750 1914//1750 
f 1879//1750 1880//1750 1914//1750 
f 1880//1750 1881//1750 1914//1750 
f 1881//1750 1882//1750 1914//1750 
f 1882//1750 1883//1750 1914//1750 
f 1883//1750 1884//1750 1914//1750 
f 1884//1750 1885//1750 1914//1750 
f 1885//1750 1886//1750 1914//1750 
f 1886//1750 1887//1750 1914//1750 
f 1887//1750 1888//1750 1914//1750 
f 1888//1750 1889//1750 1914//1750 
f 1889//1750 1890//1750 1914//1750 
f 1890//1750 1891//1750 1914//1750 
f 1891//1750 1892//1750 1914//1750 
f 1892//1750 1893//1750 1914//1750 
f 1893//1750 1894//1750 1914//1750 
f 1894//1750 1895//1750 1914//1750 
f 1895//1750 1896//1750 1914//1750 
f 1896//1750 1897//1750 1914//1750 
f 1897//1750 1898//1750 1914//1750 
f 1898//1750 1899//1750 1914//1750 
f 1899//1750 1900//1750 1914//1750 
f 1900//1750 1901//1750 1914//1750 
f 1901//1750 1902//1750 1914//1750 
f 1902//1750 1903//1750 1914//1750 
f 1903//1750 1904//1750 1914//1750 
f 1904//1750 1905//1750 1914//1750 
f 1905//1750 1906//1750 1914//1750 
f 1906//1750 1907//1750 1914//1750 
f 1907//1750 1908//1750 1914//1750 
f 1908//1750 1909//1750 1914//1750 
f 1909//1750 1910//1750 1914//1750 
f 1910//1750 1911//1750 1914//1750 
f 1911//1750 1912//1750 1914//1750 
f 1912//1750 1913//1750 1914//1750 
f 1913//1750 1856//1750 1914//1750 
o mesh123
f 1915//1751 1916//1752 1913//1752 
f 1917//1753 1915//1751 1912//1754 
f 1918//1755 1917//1753 1911//1756 
f 1919//1757 1918//1755 1910//1758 
f 1920//1759 1919//1757 1909//1760 
f 1921//1761 1920//1759 1908//1762 
f 1922//1763 1921//1761 1907//1764 
f 1923//1765 1922//1763 1906//1766 
f 1924//1767 1923//1765 1905//1768 
f 1925//1769 1924//1767 1904//1770 
f 1926//1771 1925//1769 1903//1772 
f 1927//1773 1926//1771 1902//1774 
f 1928//1775 1927//1773 1901//1776 
f 1929//1777 1928//1775 1900//1778 
f 1930//1779 1929//1777 1899//1780 
f 1931//1781 1930//1779 1898//1782 
f 1932//1783 1931//1781 1897//1784 
f 1933//1785 1932//1783 1896//1786 
f 1934//1787 1933//1785 1895//1788 
f 1935//1789 1934//1787 1894//1790 
f 1936//1791 1935//1789 1893//1792 
f 1937//1793 1936//1791 1892//1794 
f 1938//1795 1937//1793 1891//1796 
f 1939//1797 1938//1795 1890//1798 
f 1940//1799 1939//1797 1889//1800 
f 1941//1801 1940//1799 1888//1802 
f 1942//1803 1941//1801 1887//1804 
f 1943//1805 1942//1803 1886//1806 
f 1944//1807 1943//1805 1885//1808 
f 1945//1809 1944//1807 1884//1810 
f 1946//1811 1945//1809 1883//1812 
f 1947//1813 1946//1811 1882//1814 
f 1948//1815 1947//1813 1881//1816 
f 1949//1817 1948//1815 1880//1818 
f 1950//1819 1949//1817 1879//1820 
f 1951//1821 1950//1819 1878//1822 
f 1952//1823 1951//1821 1877//1824 
f 1953//1825 1952//1823 1876//1826 
f 1954//1827 1953//1825 1875//1828 
f 1955//1829 1954//1827 1874//1830 
f 1956//1831 1955//1829 1873//1832 
f 1957//1833 1956//1831 1872//1834 
f 1958//1835 1957//1833 1871//1836 
f 1959//1837 1958//1835 1870//1838 
f 1960//1839 1959//1837 1869//1840 
f 1961//1841 1960//1839 1868//1842 
f 1962//1843 1961//1841 1867//1844 
f 1963//1845 1962//1843 1866//1846 
f 1964//1847 1963//1845 1865//1848 
f 1965//1849 1964//1847 1864//1850 
f 1966//1851 1965//1849 1863//1852 
f 1967//1853 1966//1851 1862//1854 
f 1968//1855 1967//1853 1861//1856 
f 1969//1857 1968//1855 1860//1858 
f 1970//1859 1969//1857 1859//1860 
f 1971//1861 1970//1859 1858//1862 
f 1972//1863 1971//1861 1857//1864 
f 1916//1752 1972//1863 1856//1863 
f 1856//1863 1913//1752 1916//1752 
f 1857//1864 1856//1863 1972//1863 
f 1858//1862 1857//1864 1971//1861 
f 1859//1860 1858//1862 1970//1859 
f 1860//1858 1859//1860 1969//1857 
f 1861//1856 1860//1858 1968//1855 
f 1862//1854 1861//1856 1967//1853 
f 1863//1852 1862//1854 1966//1851 
f 1864//1850 1863//1852 1965//1849 
f 1865//1848 1864//1850 1964//1847 
f 1866//1846 1865//1848 1963//1845 
f 1867//1844 1866//1846 1962//1843 
f 1868//1842 1867//1844 1961//1841 
f 1869//1840 1868//1842 1960//1839 
f 1870//1838 1869//1840 1959//1837 
f 1871//1836 1870//1838 1958//1835 
f 1872//1834 1871//1836 1957//1833 
f 1873//1832 1872//1834 1956//1831 
f 1874//1830 1873//1832 1955//1829 
f 1875//1828 1874//1830 1954//1827 
f 1876//1826 1875//1828 1953//1825 
f 1877//1824 1876//1826 1952//1823 
f 1878//1822 1877//1824 1951//1821 
f 1879//1820 1878//1822 1950//1819 
f 1880//1818 1879//1820 1949//1817 
f 1881//1816 1880//1818 1948//1815 
f 1882//1814 1881//1816 1947//1813 
f 1883//1812 1882//1814 1946//1811 
f 1884//1810 1883//1812 1945//1809 
f 1885//1808 1884//1810 1944//1807 
f 1886//1806 1885//1808 1943//1805 
f 1887//1804 1886//1806 1942//1803 
f 1888//1802 1887//1804 1941//1801 
f 1889//1800 1888//1802 1940//1799 
f 1890//1798 1889//1800 1939//1797 
f 1891//1796 1890//1798 1938//1795 
f 1892//1794 1891//1796 1937//1793 
f 1893//1792 1892//1794 1936//1791 
f 1894//1790 1893//1792 1935//1789 
f 1895//1788 1894//1790 1934//1787 
f 1896//1786 1895//1788 1933//1785 
f 1897//1784 1896//1786 1932//1783 
f 1898//1782 1897//1784 1931//1781 
f 1899//1780 1898//1782 1930//1779 
f 1900//1778 1899//1780 1929//1777 
f 1901//1776 1900//1778 1928//1775 
f 1902//1774 1901//1776 1927//1773 
f 1903//1772 1902//1774 1926//1771 
f 1904//1770 1903//1772 1925//1769 
f 1905//1768 1904//1770 1924//1767 
f 1906//1766 1905//1768 1923//1765 
f 1907//1764 1906//1766 1922//1763 
f 1908//1762 1907//1764 1921//1761 
f 1909//1760 1908//1762 1920//1759 
f 1910//1758 1909//1760 1919//1757 
f 1911//1756 1910//1758 1918//1755 
f 1912//1754 1911//1756 1917//1753 
f 1913//1752 1912//1754 1915//1751 
o mesh124
f 1973//1865 1974//1865 1958//1865 
f 1958//1865 1959//1865 1973//1865 
f 1974//1865 1957//1865 1958//1865 
f 1959//1865 1960//1865 1973//1865 
f 1973//1865 1961//1865 1962//1865 
f 1974//1865 1956//1865 1957//1865 
f 1973//1865 1963//1865 1964//1865 
f 1960//1865 1961//1865 1973//1865 
f 1974//1865 1954//1865 1955//1865 
f 1964//1865 1965//1865 1973//1865 
f 1955//1865 1956//1865 1974//1865 
f 1974//1865 1952//1865 1953//1865 
f 1975//1865 1933//1865 1934//1865 
f 1975//1865 1976//1865 1929//1865 
f 1973//1865 1966//1865 1967//1865 
f 1962//1865 1963//1865 1973//1865 
f 1974//1865 1951//1865 1952//1865 
f 1975//1865 1943//1865 1944//1865 
f 1934//1865 1935//1865 1975//1865 
f 1975//1865 1931//1865 1932//1865 
f 1929//1865 1930//1865 1975//1865 
f 1976//1865 1920//1865 1921//1865 
f 1973//1865 1972//1865 1916//1865 
f 1967//1865 1968//1865 1973//1865 
f 1953//1865 1954//1865 1974//1865 
f 1974//1865 1949//1865 1950//1865 
f 1974//1865 1944//1865 1945//1865 
f 1975//1865 1942//1865 1943//1865 
f 1932//1865 1933//1865 1975//1865 
f 1976//1865 1928//1865 1929//1865 
f 1976//1865 1925//1865 1926//1865 
f 1921//1865 1922//1865 1976//1865 
f 1973//1865 1971//1865 1972//1865 
f 1973//1865 1969//1865 1970//1865 
f 1965//1865 1966//1865 1973//1865 
f 1974//1865 1948//1865 1949//1865 
f 1974//1865 1946//1865 1947//1865 
f 1944//1865 1974//1865 1975//1865 
f 1930//1865 1931//1865 1975//1865 
f 1926//1865 1927//1865 1976//1865 
f 1976//1865 1923//1865 1924//1865 
f 1976//1865 1919//1865 1920//1865 
f 1970//1865 1971//1865 1973//1865 
f 1950//1865 1951//1865 1974//1865 
f 1945//1865 1946//1865 1974//1865 
f 1975//1865 1940//1865 1941//1865 
f 1975//1865 1938//1865 1939//1865 
f 1975//1865 1936//1865 1937//1865 
f 1927//1865 1928//1865 1976//1865 
f 1922//1865 1923//1865 1976//1865 
f 1968//1865 1969//1865 1973//1865 
f 1941//1865 1942//1865 1975//1865 
f 1937//1865 1938//1865 1975//1865 
f 1924//1865 1925//1865 1976//1865 
f 1947//1865 1948//1865 1974//1865 
f 1935//1865 1936//1865 1975//1865 
f 1976//1865 1917//1865 1918//1865 
f 1976//1865 1916//1865 1915//1865 
f 1939//1865 1940//1865 1975//1865 
f 1915//1865 1917//1865 1976//1865 
f 1918//1865 1919//1865 1976//1865 
f 1916//1865 1976//1865 1973//1865 
o mesh125
f 1974//1866 1973//1866 1977//1866 
f 1977//1866 1978//1866 1974//1866 
o mesh126
f 1975//1867 1978//1867 1979//1867 
f 1975//1867 1974//1867 1978//1867 
f 1979//1867 1980//1867 1975//1867 
o mesh127
f 1975//1868 1981//1868 1982//1868 
f 1975//1868 1980//1868 1981//1868 
f 1982//1868 1976//1868 1975//1868 
o mesh128
f 1981//1869 1980//1869 1979//1869 
f 1979//1869 1983//1869 1981//1869 
o mesh129
f 1973//1870 1976//1870 1982//1870 
f 1982//1870 1977//1870 1973//1870 
o mesh130
f 1982//1871 1981//1871 1983//1871 
f 1983//1871 1977//1871 1982//1871 
o mesh131
f 1978//1872 1977//1872 1983//1872 
f 1983//1872 1979//1872 1978//1872 
g Part 6
v 0.0127 -0.039624 0.04064 
v 0.0127 -0.039624 0.03683 
v 0.03683 -0.039624 0.03683 
v 0.03683 -0.039624 0.04064 
v 0.0127 -0.00889 0.03683 
v 0.03683 -0.00889 0.03683 
v 0.0127 -0.00889 0.04064 
v 0.03683 -0.00889 0.04064 
vn 0 -1 0 
vn 0 0 -1 
vn 0 1 0 
vn 1 0 0 
vn -1 0 0 
vn 1.7074e-16 0 1 
usemtl 0.972549_0.529412_0.003922_0.000000_0.000000
o mesh132
f 1984//1873 1985//1873 1986//1873 
f 1986//1873 1987//1873 1984//1873 
o mesh133
f 1988//1874 1989//1874 1986//1874 
f 1986//1874 1985//1874 1988//1874 
o mesh134
f 1989//1875 1988//1875 1990//1875 
f 1990//1875 1991//1875 1989//1875 
o mesh135
f 1991//1876 1987//1876 1986//1876 
f 1986//1876 1989//1876 1991//1876 
o mesh136
f 1990//1877 1988//1877 1985//1877 
f 1985//1877 1984//1877 1990//1877 
o mesh137
f 1991//1878 1990//1878 1984//1878 
f 1984//1878 1987//1878 1991//1878 
g Part 5
v 0.04064 -0.039624 0.04064 
v 0.03683 -0.039624 0.04064 
v 0.03683 -0.039624 -0.032258 
v 0.04064 -0.039624 -0.032258 
v 0.03683 -0.00889 -0.032258 
v 0.04064 -0.00889 -0.032258 
v 0.03683 -0.00889 0.04064 
v 0.04064 -0.00889 0.04064 
vn 0 -1 0 
vn -1.7074e-16 0 -1 
vn 0 1 0 
vn 1 0 0 
vn 1.7074e-16 0 1 
vn -1 0 -1.90373e-16 
usemtl 0.768627_0.886275_0.952941_0.000000_0.000000
o mesh138
f 1992//1879 1993//1879 1994//1879 
f 1994//1879 1995//1879 1992//1879 
o mesh139
f 1995//1880 1994//1880 1996//1880 
f 1996//1880 1997//1880 1995//1880 
o mesh140
f 1997//1881 1996//1881 1998//1881 
f 1998//1881 1999//1881 1997//1881 
o mesh141
f 1999//1882 1992//1882 1995//1882 
f 1995//1882 1997//1882 1999//1882 
o mesh142
f 1992//1883 1999//1883 1998//1883 
f 1998//1883 1993//1883 1992//1883 
o mesh143
f 1993//1884 1998//1884 1996//1884 
f 1996//1884 1994//1884 1993//1884 
g Part 4
v 0.04064 -0.039624 -0.097536 
v 0.04064 -0.039624 -0.101346 
v 0.04064 -0.00889 -0.101346 
v 0.04064 -0.00508 -0.097536 
v 0.0311046 -0.039624 -0.097536 
v 0.0311046 -0.039624 -0.101346 
v 0.0311046 -0.00508 -0.097536 
v 0.0311046 -0.00889 -0.101346 
vn 1 0 0 
vn 0 -1 0 
vn -1 0 0 
vn 0 0 -1 
vn 0 0 1 
vn 0 0.707107 -0.707107 
usemtl 0.917647_0.917647_0.917647_0.000000_0.000000
o mesh144
f 2000//1885 2001//1885 2002//1885 
f 2002//1885 2003//1885 2000//1885 
o mesh145
f 2001//1886 2000//1886 2004//1886 
f 2004//1886 2005//1886 2001//1886 
o mesh146
f 2004//1887 2006//1887 2007//1887 
f 2007//1887 2005//1887 2004//1887 
o mesh147
f 2001//1888 2005//1888 2007//1888 
f 2007//1888 2002//1888 2001//1888 
o mesh148
f 2004//1889 2000//1889 2003//1889 
f 2003//1889 2006//1889 2004//1889 
o mesh149
f 2006//1890 2003//1890 2002//1890 
f 2002//1890 2007//1890 2006//1890 
g Part 3
v 0.00138881 -0.025654 -0.097687 
v 0.00126788 -0.025654 -0.0981226 
v 0.00132387 -0.025654 -0.0979821 
v 0.00136434 -0.025654 -0.0978363 
v 0.001397 -0.025654 -0.097536 
v -0.00132387 -0.025654 -0.0979821 
v -0.00126788 -0.025654 -0.0981226 
v -0.00138881 -0.025654 -0.097687 
v -0.00136434 -0.025654 -0.0978363 
v 0.00119703 -0.025654 -0.0982562 
v 0.00101422 -0.025654 -0.0984967 
v 0.00111214 -0.025654 -0.0983814 
v -7.56321e-05 -0.025654 -0.098931 
v 7.56321e-05 -0.025654 -0.098931 
v 0.000783978 -0.025654 -0.0986923 
v 0.000904399 -0.025654 -0.0986007 
v 0.000226009 -0.025654 -0.0989146 
v 0.000373737 -0.025654 -0.0988821 
v -0.000226009 -0.025654 -0.0989146 
v -0.00119703 -0.025654 -0.0982562 
v -0.00111214 -0.025654 -0.0983814 
v -0.001397 -0.025654 -0.097536 
v 0.000517083 -0.025654 -0.0988338 
v 0.000654367 -0.025654 -0.0987703 
v -0.000517083 -0.025654 -0.0988338 
v -0.000373737 -0.025654 -0.0988821 
v -0.00101422 -0.025654 -0.0984967 
v -0.000904399 -0.025654 -0.0986007 
v -0.000783978 -0.025654 -0.0986923 
v -0.000654367 -0.025654 -0.0987703 
v 0.00138881 -0.035814 -0.097687 
v 0.001397 -0.035814 -0.097536 
v 0.00136434 -0.035814 -0.0978363 
v 0.00132387 -0.035814 -0.0979821 
v 0.00126788 -0.035814 -0.0981226 
v 0.00119703 -0.035814 -0.0982562 
v 0.00111214 -0.035814 -0.0983814 
v 0.00101422 -0.035814 -0.0984967 
v 0.000904399 -0.035814 -0.0986007 
v 0.000783978 -0.035814 -0.0986923 
v 0.000654367 -0.035814 -0.0987703 
v 0.000517083 -0.035814 -0.0988338 
v 0.000373737 -0.035814 -0.0988821 
v 0.000226009 -0.035814 -0.0989146 
v 7.56321e-05 -0.035814 -0.098931 
v -7.56321e-05 -0.035814 -0.098931 
v -0.000226009 -0.035814 -0.0989146 
v -0.000373737 -0.035814 -0.0988821 
v -0.000517083 -0.035814 -0.0988338 
v -0.000654367 -0.035814 -0.0987703 
v -0.000783978 -0.035814 -0.0986923 
v -0.000904399 -0.035814 -0.0986007 
v -0.00101422 -0.035814 -0.0984967 
v -0.00111214 -0.035814 -0.0983814 
v -0.00119703 -0.035814 -0.0982562 
v -0.00126788 -0.035814 -0.0981226 
v -0.00132387 -0.035814 -0.0979821 
v -0.00136434 -0.035814 -0.0978363 
v -0.00138881 -0.035814 -0.097687 
v -0.001397 -0.035814 -0.097536 
v -0.00381 -0.035814 -0.101346 
v -0.00381 -0.035814 -0.097536 
v 0.00381 -0.035814 -0.101346 
v 0.00381 -0.035814 -0.097536 
v -0.00381 -0.039624 -0.097536 
v -0.00381 -0.039624 -0.101346 
v -0.04064 -0.039624 -0.097536 
v -0.04064 -0.039624 -0.101346 
v -0.04064 -0.00508 -0.097536 
v -0.04064 -0.00889 -0.101346 
v 0.00381 -0.039624 -0.101346 
v 0.00381 -0.039624 -0.097536 
v 0.0311046 -0.039624 -0.097536 
v 0.0311046 -0.00508 -0.097536 
v 0.0311046 -0.00889 -0.101346 
v 0.0311046 -0.039624 -0.101346 
vn 0 -1 0 
vn -0.994138 0 0.108119 
vn -1 0 3.06162e-16 
vn -0.976621 0 0.21497 
vn -0.994138 0 0.108119 
vn -0.947653 0 0.319302 
vn -0.976621 0 0.21497 
vn -0.907575 0 0.419889 
vn -0.947653 0 0.319302 
vn -0.856857 0 0.515554 
vn -0.907575 0 0.419889 
vn -0.796093 0 0.605174 
vn -0.856857 0 0.515554 
vn -0.725995 0 0.687699 
vn -0.796093 0 0.605174 
vn -0.647386 0 0.762162 
vn -0.725995 0 0.687699 
vn -0.561187 0 0.827689 
vn -0.647386 0 0.762162 
vn -0.468408 0 0.883512 
vn -0.561187 0 0.827689 
vn -0.370138 0 0.928977 
vn -0.468408 0 0.883512 
vn -0.267528 0 0.96355 
vn -0.370138 0 0.928977 
vn -0.161782 0 0.986827 
vn -0.267528 0 0.96355 
vn -0.0541389 0 0.998533 
vn -0.161782 0 0.986827 
vn 0.0541389 0 0.998533 
vn -0.0541389 0 0.998533 
vn 0.161782 0 0.986827 
vn 0.0541389 0 0.998533 
vn 0.267528 0 0.96355 
vn 0.161782 0 0.986827 
vn 0.370138 0 0.928977 
vn 0.267528 0 0.96355 
vn 0.468408 0 0.883512 
vn 0.370138 0 0.928977 
vn 0.561187 0 0.827689 
vn 0.468408 0 0.883512 
vn 0.647386 0 0.762162 
vn 0.561187 0 0.827689 
vn 0.725995 0 0.687699 
vn 0.647386 0 0.762162 
vn 0.796093 0 0.605174 
vn 0.725995 0 0.687699 
vn 0.856857 0 0.515554 
vn 0.796093 0 0.605174 
vn 0.907575 0 0.419889 
vn 0.856857 0 0.515554 
vn 0.947653 0 0.319302 
vn 0.907575 0 0.419889 
vn 0.976621 0 0.21497 
vn 0.947653 0 0.319302 
vn 0.994138 0 0.108119 
vn 0.976621 0 0.21497 
vn 1 0 -1.83697e-16 
vn 0.994138 0 0.108119 
vn 0 -1 0 
vn 1 0 2.27654e-16 
vn -1 0 0 
vn 0 0 1 
vn 0 0 -1 
vn 1 0 0 
vn 0 -1 0 
vn 0 0.707107 -0.707107 
usemtl 0.231373_0.380392_0.705882_0.000000_0.000000
o mesh150
f 2008//1891 2009//1891 2010//1891 
f 2010//1891 2011//1891 2008//1891 
f 2012//1891 2013//1891 2014//1891 
f 2012//1891 2015//1891 2016//1891 
f 2012//1891 2017//1891 2009//1891 
f 2012//1891 2018//1891 2019//1891 
f 2012//1891 2020//1891 2021//1891 
f 2016//1891 2013//1891 2012//1891 
f 2019//1891 2017//1891 2012//1891 
f 2012//1891 2022//1891 2023//1891 
f 2012//1891 2024//1891 2025//1891 
f 2012//1891 2026//1891 2020//1891 
f 2012//1891 2027//1891 2028//1891 
f 2012//1891 2029//1891 2015//1891 
f 2023//1891 2018//1891 2012//1891 
f 2012//1891 2030//1891 2031//1891 
f 2021//1891 2024//1891 2012//1891 
f 2012//1891 2032//1891 2033//1891 
f 2012//1891 2034//1891 2035//1891 
f 2014//1891 2027//1891 2012//1891 
f 2031//1891 2022//1891 2012//1891 
f 2033//1891 2026//1891 2012//1891 
f 2012//1891 2036//1891 2037//1891 
f 2028//1891 2034//1891 2012//1891 
f 2025//1891 2030//1891 2012//1891 
f 2035//1891 2036//1891 2012//1891 
f 2037//1891 2032//1891 2012//1891 
f 2008//1891 2012//1891 2009//1891 
o mesh151
f 2038//1892 2039//1893 2012//1893 
f 2040//1894 2038//1892 2008//1895 
f 2041//1896 2040//1894 2011//1897 
f 2042//1898 2041//1896 2010//1899 
f 2043//1900 2042//1898 2009//1901 
f 2044//1902 2043//1900 2017//1903 
f 2045//1904 2044//1902 2019//1905 
f 2046//1906 2045//1904 2018//1907 
f 2047//1908 2046//1906 2023//1909 
f 2048//1910 2047//1908 2022//1911 
f 2049//1912 2048//1910 2031//1913 
f 2050//1914 2049//1912 2030//1915 
f 2051//1916 2050//1914 2025//1917 
f 2052//1918 2051//1916 2024//1919 
f 2053//1920 2052//1918 2021//1921 
f 2054//1922 2053//1920 2020//1923 
f 2055//1924 2054//1922 2026//1925 
f 2056//1926 2055//1924 2033//1927 
f 2057//1928 2056//1926 2032//1929 
f 2058//1930 2057//1928 2037//1931 
f 2059//1932 2058//1930 2036//1933 
f 2060//1934 2059//1932 2035//1935 
f 2061//1936 2060//1934 2034//1937 
f 2062//1938 2061//1936 2028//1939 
f 2063//1940 2062//1938 2027//1941 
f 2064//1942 2063//1940 2014//1943 
f 2065//1944 2064//1942 2013//1945 
f 2066//1946 2065//1944 2016//1947 
f 2067//1948 2066//1946 2015//1949 
f 2015//1949 2029//1948 2067//1948 
f 2016//1947 2015//1949 2066//1946 
f 2013//1945 2016//1947 2065//1944 
f 2014//1943 2013//1945 2064//1942 
f 2027//1941 2014//1943 2063//1940 
f 2028//1939 2027//1941 2062//1938 
f 2034//1937 2028//1939 2061//1936 
f 2035//1935 2034//1937 2060//1934 
f 2036//1933 2035//1935 2059//1932 
f 2037//1931 2036//1933 2058//1930 
f 2032//1929 2037//1931 2057//1928 
f 2033//1927 2032//1929 2056//1926 
f 2026//1925 2033//1927 2055//1924 
f 2020//1923 2026//1925 2054//1922 
f 2021//1921 2020//1923 2053//1920 
f 2024//1919 2021//1921 2052//1918 
f 2025//1917 2024//1919 2051//1916 
f 2030//1915 2025//1917 2050//1914 
f 2031//1913 2030//1915 2049//1912 
f 2022//1911 2031//1913 2048//1910 
f 2023//1909 2022//1911 2047//1908 
f 2018//1907 2023//1909 2046//1906 
f 2019//1905 2018//1907 2045//1904 
f 2017//1903 2019//1905 2044//1902 
f 2009//1901 2017//1903 2043//1900 
f 2010//1899 2009//1901 2042//1898 
f 2011//1897 2010//1899 2041//1896 
f 2008//1895 2011//1897 2040//1894 
f 2012//1893 2008//1895 2038//1892 
o mesh152
f 2068//1950 2063//1950 2064//1950 
f 2064//1950 2069//1950 2068//1950 
f 2068//1950 2061//1950 2062//1950 
f 2070//1950 2071//1950 2041//1950 
f 2069//1950 2065//1950 2066//1950 
f 2062//1950 2063//1950 2068//1950 
f 2041//1950 2042//1950 2070//1950 
f 2064//1950 2065//1950 2069//1950 
f 2068//1950 2059//1950 2060//1950 
f 2042//1950 2043//1950 2070//1950 
f 2060//1950 2061//1950 2068//1950 
f 2068//1950 2057//1950 2058//1950 
f 2068//1950 2053//1950 2054//1950 
f 2068//1950 2070//1950 2052//1950 
f 2071//1950 2040//1950 2041//1950 
f 2071//1950 2039//1950 2038//1950 
f 2058//1950 2059//1950 2068//1950 
f 2068//1950 2055//1950 2056//1950 
f 2052//1950 2053//1950 2068//1950 
f 2070//1950 2050//1950 2051//1950 
f 2070//1950 2048//1950 2049//1950 
f 2070//1950 2046//1950 2047//1950 
f 2070//1950 2044//1950 2045//1950 
f 2038//1950 2040//1950 2071//1950 
f 2056//1950 2057//1950 2068//1950 
f 2051//1950 2052//1950 2070//1950 
f 2047//1950 2048//1950 2070//1950 
f 2043//1950 2044//1950 2070//1950 
f 2054//1950 2055//1950 2068//1950 
f 2045//1950 2046//1950 2070//1950 
f 2049//1950 2050//1950 2070//1950 
f 2066//1950 2067//1950 2069//1950 
o mesh153
f 2069//1951 2072//1951 2073//1951 
f 2073//1951 2068//1951 2069//1951 
o mesh154
f 2074//1950 2075//1950 2073//1950 
f 2073//1950 2072//1950 2074//1950 
o mesh155
f 2074//1952 2076//1952 2077//1952 
f 2077//1952 2075//1952 2074//1952 
o mesh156
f 2070//1952 2078//1952 2079//1952 
f 2079//1952 2071//1952 2070//1952 
o mesh157
f 2080//1953 2081//1953 2071//1953 
f 2012//1953 2039//1953 2071//1953 
f 2071//1953 2081//1953 2012//1953 
f 2081//1953 2076//1953 2029//1953 
f 2029//1953 2012//1953 2081//1953 
f 2029//1953 2076//1953 2069//1953 
f 2069//1953 2067//1953 2029//1953 
f 2074//1953 2072//1953 2069//1953 
f 2069//1953 2076//1953 2074//1953 
f 2071//1953 2079//1953 2080//1953 
o mesh158
f 2075//1954 2077//1954 2068//1954 
f 2082//1954 2070//1954 2068//1954 
f 2068//1954 2077//1954 2082//1954 
f 2083//1954 2078//1954 2070//1954 
f 2070//1954 2082//1954 2083//1954 
f 2068//1954 2073//1954 2075//1954 
o mesh159
f 2080//1955 2083//1955 2082//1955 
f 2082//1955 2081//1955 2080//1955 
o mesh160
f 2083//1956 2080//1956 2079//1956 
f 2079//1956 2078//1956 2083//1956 
o mesh161
f 2076//1957 2081//1957 2082//1957 
f 2082//1957 2077//1957 2076//1957 
g Part 2
v 0.0360285 -0.023114 -0.0374568 
v 0.0361778 -0.023114 -0.0374323 
v 0.0363236 -0.023114 -0.0373919 
v 0.0364641 -0.023114 -0.0373359 
v 0.0365977 -0.023114 -0.037265 
v 0.0367229 -0.023114 -0.0371801 
v 0.0368382 -0.023114 -0.0370822 
v 0.0369422 -0.023114 -0.0369724 
v 0.0370338 -0.023114 -0.036852 
v 0.0371118 -0.023114 -0.0367224 
v 0.0371753 -0.023114 -0.0365851 
v 0.0372236 -0.023114 -0.0364417 
v 0.0372561 -0.023114 -0.036294 
v 0.0372725 -0.023114 -0.0361436 
v 0.0372725 -0.023114 -0.0359924 
v 0.0372561 -0.023114 -0.035842 
v 0.0372236 -0.023114 -0.0356943 
v 0.0371753 -0.023114 -0.0355509 
v 0.0371118 -0.023114 -0.0354136 
v 0.0370338 -0.023114 -0.035284 
v 0.0369422 -0.023114 -0.0351636 
v 0.0368382 -0.023114 -0.0350538 
v 0.0367229 -0.023114 -0.0349559 
v 0.0365977 -0.023114 -0.034871 
v 0.0364641 -0.023114 -0.0348001 
v 0.0363236 -0.023114 -0.0347441 
v 0.0361778 -0.023114 -0.0347037 
v 0.0360285 -0.023114 -0.0346792 
v 0.0358775 -0.023114 -0.034671 
v 0.0357265 -0.023114 -0.0346792 
v 0.0355772 -0.023114 -0.0347037 
v 0.0354314 -0.023114 -0.0347441 
v 0.0352909 -0.023114 -0.0348001 
v 0.0351573 -0.023114 -0.034871 
v 0.0350321 -0.023114 -0.0349559 
v 0.0349168 -0.023114 -0.0350538 
v 0.0348128 -0.023114 -0.0351636 
v 0.0347212 -0.023114 -0.035284 
v 0.0346432 -0.023114 -0.0354136 
v 0.0345797 -0.023114 -0.0355509 
v 0.0345314 -0.023114 -0.0356943 
v 0.0344989 -0.023114 -0.035842 
v 0.0344825 -0.023114 -0.0359924 
v 0.0344825 -0.023114 -0.0361436 
v 0.0344989 -0.023114 -0.036294 
v 0.0345314 -0.023114 -0.0364417 
v 0.0345797 -0.023114 -0.0365851 
v 0.0346432 -0.023114 -0.0367224 
v 0.0347212 -0.023114 -0.036852 
v 0.0348128 -0.023114 -0.0369724 
v 0.0349168 -0.023114 -0.0370822 
v 0.0350321 -0.023114 -0.0371801 
v 0.0351573 -0.023114 -0.037265 
v 0.0352909 -0.023114 -0.0373359 
v 0.0354314 -0.023114 -0.0373919 
v 0.0355772 -0.023114 -0.0374323 
v 0.0357265 -0.023114 -0.0374568 
v 0.0358775 -0.023114 -0.037465 
v 0.0358775 -0.023114 -0.036068 
v 0.0357265 -0.035814 -0.0374568 
v 0.0358775 -0.035814 -0.037465 
v 0.0355772 -0.035814 -0.0374323 
v 0.0354314 -0.035814 -0.0373919 
v 0.0352909 -0.035814 -0.0373359 
v 0.0351573 -0.035814 -0.037265 
v 0.0350321 -0.035814 -0.0371801 
v 0.0349168 -0.035814 -0.0370822 
v 0.0348128 -0.035814 -0.0369724 
v 0.0347212 -0.035814 -0.036852 
v 0.0346432 -0.035814 -0.0367224 
v 0.0345797 -0.035814 -0.0365851 
v 0.0345314 -0.035814 -0.0364417 
v 0.0344989 -0.035814 -0.036294 
v 0.0344825 -0.035814 -0.0361436 
v 0.0344825 -0.035814 -0.0359924 
v 0.0344989 -0.035814 -0.035842 
v 0.0345314 -0.035814 -0.0356943 
v 0.0345797 -0.035814 -0.0355509 
v 0.0346432 -0.035814 -0.0354136 
v 0.0347212 -0.035814 -0.035284 
v 0.0348128 -0.035814 -0.0351636 
v 0.0349168 -0.035814 -0.0350538 
v 0.0350321 -0.035814 -0.0349559 
v 0.0351573 -0.035814 -0.034871 
v 0.0352909 -0.035814 -0.0348001 
v 0.0354314 -0.035814 -0.0347441 
v 0.0355772 -0.035814 -0.0347037 
v 0.0357265 -0.035814 -0.0346792 
v 0.0358775 -0.035814 -0.034671 
v 0.0360285 -0.035814 -0.0346792 
v 0.0361778 -0.035814 -0.0347037 
v 0.0363236 -0.035814 -0.0347441 
v 0.0364641 -0.035814 -0.0348001 
v 0.0365977 -0.035814 -0.034871 
v 0.0367229 -0.035814 -0.0349559 
v 0.0368382 -0.035814 -0.0350538 
v 0.0369422 -0.035814 -0.0351636 
v 0.0370338 -0.035814 -0.035284 
v 0.0371118 -0.035814 -0.0354136 
v 0.0371753 -0.035814 -0.0355509 
v 0.0372236 -0.035814 -0.0356943 
v 0.0372561 -0.035814 -0.035842 
v 0.0372725 -0.035814 -0.0359924 
v 0.0372725 -0.035814 -0.0361436 
v 0.0372561 -0.035814 -0.036294 
v 0.0372236 -0.035814 -0.0364417 
v 0.0371753 -0.035814 -0.0365851 
v 0.0371118 -0.035814 -0.0367224 
v 0.0370338 -0.035814 -0.036852 
v 0.0369422 -0.035814 -0.0369724 
v 0.0368382 -0.035814 -0.0370822 
v 0.0367229 -0.035814 -0.0371801 
v 0.0365977 -0.035814 -0.037265 
v 0.0364641 -0.035814 -0.0373359 
v 0.0363236 -0.035814 -0.0373919 
v 0.0361778 -0.035814 -0.0374323 
v 0.0360285 -0.035814 -0.0374568 
v 0.031115 -0.035814 -0.032258 
v 0.04064 -0.035814 -0.039878 
v 0.04064 -0.035814 -0.032258 
v 0.031115 -0.035814 -0.093726 
v 0.03683 -0.035814 -0.097536 
v 0.03683 -0.035814 -0.039878 
v 0.0311046 -0.035814 -0.097536 
v 0.0311046 -0.035814 -0.093726 
v 0.031115 1.0842e-19 -0.032258 
v 0.04064 0 -0.032258 
v 0.031115 0 -0.092456 
v 0.031115 -0.00127 -0.093726 
v 0.04064 0 -0.092456 
v 0.04064 -0.00508 -0.097536 
v 0.0311046 -0.00508 -0.097536 
v 0.0311046 -0.00127 -0.093726 
v 0.04064 -0.039624 -0.097536 
v 0.04064 -0.039624 -0.039878 
v 0.03683 -0.039624 -0.097536 
v 0.03683 -0.039624 -0.039878 
vn 0 -1 0 
vn 0.108119 0 0.994138 
vn 2.44929e-16 0 1 
vn 0.21497 0 0.976621 
vn 0.108119 0 0.994138 
vn 0.319302 0 0.947653 
vn 0.21497 0 0.976621 
vn 0.419889 0 0.907575 
vn 0.319302 0 0.947653 
vn 0.515554 0 0.856857 
vn 0.419889 0 0.907575 
vn 0.605174 0 0.796093 
vn 0.515554 0 0.856857 
vn 0.687699 0 0.725995 
vn 0.605174 0 0.796093 
vn 0.762162 0 0.647386 
vn 0.687699 0 0.725995 
vn 0.827689 0 0.561187 
vn 0.762162 0 0.647386 
vn 0.883512 0 0.468408 
vn 0.827689 0 0.561187 
vn 0.928977 0 0.370138 
vn 0.883512 0 0.468408 
vn 0.96355 0 0.267528 
vn 0.928977 0 0.370138 
vn 0.986827 0 0.161782 
vn 0.96355 0 0.267528 
vn 0.998533 0 0.0541389 
vn 0.986827 0 0.161782 
vn 0.998533 0 -0.0541389 
vn 0.998533 0 0.0541389 
vn 0.986827 0 -0.161782 
vn 0.998533 0 -0.0541389 
vn 0.96355 0 -0.267528 
vn 0.986827 0 -0.161782 
vn 0.928977 0 -0.370138 
vn 0.96355 0 -0.267528 
vn 0.883512 0 -0.468408 
vn 0.928977 0 -0.370138 
vn 0.827689 0 -0.561187 
vn 0.883512 0 -0.468408 
vn 0.762162 0 -0.647386 
vn 0.827689 0 -0.561187 
vn 0.687699 0 -0.725995 
vn 0.762162 0 -0.647386 
vn 0.605174 0 -0.796093 
vn 0.687699 0 -0.725995 
vn 0.515554 0 -0.856857 
vn 0.605174 0 -0.796093 
vn 0.419889 0 -0.907575 
vn 0.515554 0 -0.856857 
vn 0.319302 0 -0.947653 
vn 0.419889 0 -0.907575 
vn 0.21497 0 -0.976621 
vn 0.319302 0 -0.947653 
vn 0.108119 0 -0.994138 
vn 0.21497 0 -0.976621 
vn -1.22465e-16 0 -1 
vn 0.108119 0 -0.994138 
vn -0.108119 0 -0.994138 
vn -1.22465e-16 0 -1 
vn -0.21497 0 -0.976621 
vn -0.108119 0 -0.994138 
vn -0.319302 0 -0.947653 
vn -0.21497 0 -0.976621 
vn -0.419889 0 -0.907575 
vn -0.319302 0 -0.947653 
vn -0.515554 0 -0.856857 
vn -0.419889 0 -0.907575 
vn -0.605174 0 -0.796093 
vn -0.515554 0 -0.856857 
vn -0.687699 0 -0.725995 
vn -0.605174 0 -0.796093 
vn -0.762162 0 -0.647386 
vn -0.687699 0 -0.725995 
vn -0.827689 0 -0.561187 
vn -0.762162 0 -0.647386 
vn -0.883512 0 -0.468408 
vn -0.827689 0 -0.561187 
vn -0.928977 0 -0.370138 
vn -0.883512 0 -0.468408 
vn -0.96355 0 -0.267528 
vn -0.928977 0 -0.370138 
vn -0.986827 0 -0.161782 
vn -0.96355 0 -0.267528 
vn -0.998533 0 -0.0541389 
vn -0.986827 0 -0.161782 
vn -0.998533 0 0.0541389 
vn -0.998533 0 -0.0541389 
vn -0.986827 0 0.161782 
vn -0.998533 0 0.0541389 
vn -0.96355 0 0.267528 
vn -0.986827 0 0.161782 
vn -0.928977 0 0.370138 
vn -0.96355 0 0.267528 
vn -0.883512 0 0.468408 
vn -0.928977 0 0.370138 
vn -0.827689 0 0.561187 
vn -0.883512 0 0.468408 
vn -0.762162 0 0.647386 
vn -0.827689 0 0.561187 
vn -0.687699 0 0.725995 
vn -0.762162 0 0.647386 
vn -0.605174 0 0.796093 
vn -0.687699 0 0.725995 
vn -0.515554 0 0.856857 
vn -0.605174 0 0.796093 
vn -0.419889 0 0.907575 
vn -0.515554 0 0.856857 
vn -0.319302 0 0.947653 
vn -0.419889 0 0.907575 
vn -0.21497 0 0.976621 
vn -0.319302 0 0.947653 
vn -0.108119 0 0.994138 
vn -0.21497 0 0.976621 
vn 0 -1 0 
vn 1.7074e-16 0 1 
vn -1 0 1.7074e-16 
vn 0 0.707107 -0.707107 
vn 1.7074e-16 0 1 
vn 0 1 0 
vn 1 0 0 
vn 0 0 -1 
vn 0 -1 0 
vn -1 0 0 
vn 0 0 1 
usemtl 0.647059_0.647059_0.647059_0.000000_0.000000
o mesh162
f 2142//1958 2084//1958 2085//1958 
f 2085//1958 2086//1958 2142//1958 
f 2086//1958 2087//1958 2142//1958 
f 2087//1958 2088//1958 2142//1958 
f 2088//1958 2089//1958 2142//1958 
f 2089//1958 2090//1958 2142//1958 
f 2090//1958 2091//1958 2142//1958 
f 2091//1958 2092//1958 2142//1958 
f 2092//1958 2093//1958 2142//1958 
f 2093//1958 2094//1958 2142//1958 
f 2094//1958 2095//1958 2142//1958 
f 2095//1958 2096//1958 2142//1958 
f 2096//1958 2097//1958 2142//1958 
f 2097//1958 2098//1958 2142//1958 
f 2098//1958 2099//1958 2142//1958 
f 2099//1958 2100//1958 2142//1958 
f 2100//1958 2101//1958 2142//1958 
f 2101//1958 2102//1958 2142//1958 
f 2102//1958 2103//1958 2142//1958 
f 2103//1958 2104//1958 2142//1958 
f 2104//1958 2105//1958 2142//1958 
f 2105//1958 2106//1958 2142//1958 
f 2106//1958 2107//1958 2142//1958 
f 2107//1958 2108//1958 2142//1958 
f 2108//1958 2109//1958 2142//1958 
f 2109//1958 2110//1958 2142//1958 
f 2110//1958 2111//1958 2142//1958 
f 2111//1958 2112//1958 2142//1958 
f 2112//1958 2113//1958 2142//1958 
f 2113//1958 2114//1958 2142//1958 
f 2114//1958 2115//1958 2142//1958 
f 2115//1958 2116//1958 2142//1958 
f 2116//1958 2117//1958 2142//1958 
f 2117//1958 2118//1958 2142//1958 
f 2118//1958 2119//1958 2142//1958 
f 2119//1958 2120//1958 2142//1958 
f 2120//1958 2121//1958 2142//1958 
f 2121//1958 2122//1958 2142//1958 
f 2122//1958 2123//1958 2142//1958 
f 2123//1958 2124//1958 2142//1958 
f 2124//1958 2125//1958 2142//1958 
f 2125//1958 2126//1958 2142//1958 
f 2126//1958 2127//1958 2142//1958 
f 2127//1958 2128//1958 2142//1958 
f 2128//1958 2129//1958 2142//1958 
f 2129//1958 2130//1958 2142//1958 
f 2130//1958 2131//1958 2142//1958 
f 2131//1958 2132//1958 2142//1958 
f 2132//1958 2133//1958 2142//1958 
f 2133//1958 2134//1958 2142//1958 
f 2134//1958 2135//1958 2142//1958 
f 2135//1958 2136//1958 2142//1958 
f 2136//1958 2137//1958 2142//1958 
f 2137//1958 2138//1958 2142//1958 
f 2138//1958 2139//1958 2142//1958 
f 2139//1958 2140//1958 2142//1958 
f 2140//1958 2141//1958 2142//1958 
f 2141//1958 2084//1958 2142//1958 
o mesh163
f 2143//1959 2144//1960 2141//1960 
f 2145//1961 2143//1959 2140//1962 
f 2146//1963 2145//1961 2139//1964 
f 2147//1965 2146//1963 2138//1966 
f 2148//1967 2147//1965 2137//1968 
f 2149//1969 2148//1967 2136//1970 
f 2150//1971 2149//1969 2135//1972 
f 2151//1973 2150//1971 2134//1974 
f 2152//1975 2151//1973 2133//1976 
f 2153//1977 2152//1975 2132//1978 
f 2154//1979 2153//1977 2131//1980 
f 2155//1981 2154//1979 2130//1982 
f 2156//1983 2155//1981 2129//1984 
f 2157//1985 2156//1983 2128//1986 
f 2158//1987 2157//1985 2127//1988 
f 2159//1989 2158//1987 2126//1990 
f 2160//1991 2159//1989 2125//1992 
f 2161//1993 2160//1991 2124//1994 
f 2162//1995 2161//1993 2123//1996 
f 2163//1997 2162//1995 2122//1998 
f 2164//1999 2163//1997 2121//2000 
f 2165//2001 2164//1999 2120//2002 
f 2166//2003 2165//2001 2119//2004 
f 2167//2005 2166//2003 2118//2006 
f 2168//2007 2167//2005 2117//2008 
f 2169//2009 2168//2007 2116//2010 
f 2170//2011 2169//2009 2115//2012 
f 2171//2013 2170//2011 2114//2014 
f 2172//2015 2171//2013 2113//2016 
f 2173//2017 2172//2015 2112//2018 
f 2174//2019 2173//2017 2111//2020 
f 2175//2021 2174//2019 2110//2022 
f 2176//2023 2175//2021 2109//2024 
f 2177//2025 2176//2023 2108//2026 
f 2178//2027 2177//2025 2107//2028 
f 2179//2029 2178//2027 2106//2030 
f 2180//2031 2179//2029 2105//2032 
f 2181//2033 2180//2031 2104//2034 
f 2182//2035 2181//2033 2103//2036 
f 2183//2037 2182//2035 2102//2038 
f 2184//2039 2183//2037 2101//2040 
f 2185//2041 2184//2039 2100//2042 
f 2186//2043 2185//2041 2099//2044 
f 2187//2045 2186//2043 2098//2046 
f 2188//2047 2187//2045 2097//2048 
f 2189//2049 2188//2047 2096//2050 
f 2190//2051 2189//2049 2095//2052 
f 2191//2053 2190//2051 2094//2054 
f 2192//2055 2191//2053 2093//2056 
f 2193//2057 2192//2055 2092//2058 
f 2194//2059 2193//2057 2091//2060 
f 2195//2061 2194//2059 2090//2062 
f 2196//2063 2195//2061 2089//2064 
f 2197//2065 2196//2063 2088//2066 
f 2198//2067 2197//2065 2087//2068 
f 2199//2069 2198//2067 2086//2070 
f 2200//2071 2199//2069 2085//2072 
f 2144//1960 2200//2071 2084//2071 
f 2084//2071 2141//1960 2144//1960 
f 2085//2072 2084//2071 2200//2071 
f 2086//2070 2085//2072 2199//2069 
f 2087//2068 2086//2070 2198//2067 
f 2088//2066 2087//2068 2197//2065 
f 2089//2064 2088//2066 2196//2063 
f 2090//2062 2089//2064 2195//2061 
f 2091//2060 2090//2062 2194//2059 
f 2092//2058 2091//2060 2193//2057 
f 2093//2056 2092//2058 2192//2055 
f 2094//2054 2093//2056 2191//2053 
f 2095//2052 2094//2054 2190//2051 
f 2096//2050 2095//2052 2189//2049 
f 2097//2048 2096//2050 2188//2047 
f 2098//2046 2097//2048 2187//2045 
f 2099//2044 2098//2046 2186//2043 
f 2100//2042 2099//2044 2185//2041 
f 2101//2040 2100//2042 2184//2039 
f 2102//2038 2101//2040 2183//2037 
f 2103//2036 2102//2038 2182//2035 
f 2104//2034 2103//2036 2181//2033 
f 2105//2032 2104//2034 2180//2031 
f 2106//2030 2105//2032 2179//2029 
f 2107//2028 2106//2030 2178//2027 
f 2108//2026 2107//2028 2177//2025 
f 2109//2024 2108//2026 2176//2023 
f 2110//2022 2109//2024 2175//2021 
f 2111//2020 2110//2022 2174//2019 
f 2112//2018 2111//2020 2173//2017 
f 2113//2016 2112//2018 2172//2015 
f 2114//2014 2113//2016 2171//2013 
f 2115//2012 2114//2014 2170//2011 
f 2116//2010 2115//2012 2169//2009 
f 2117//2008 2116//2010 2168//2007 
f 2118//2006 2117//2008 2167//2005 
f 2119//2004 2118//2006 2166//2003 
f 2120//2002 2119//2004 2165//2001 
f 2121//2000 2120//2002 2164//1999 
f 2122//1998 2121//2000 2163//1997 
f 2123//1996 2122//1998 2162//1995 
f 2124//1994 2123//1996 2161//1993 
f 2125//1992 2124//1994 2160//1991 
f 2126//1990 2125//1992 2159//1989 
f 2127//1988 2126//1990 2158//1987 
f 2128//1986 2127//1988 2157//1985 
f 2129//1984 2128//1986 2156//1983 
f 2130//1982 2129//1984 2155//1981 
f 2131//1980 2130//1982 2154//1979 
f 2132//1978 2131//1980 2153//1977 
f 2133//1976 2132//1978 2152//1975 
f 2134//1974 2133//1976 2151//1973 
f 2135//1972 2134//1974 2150//1971 
f 2136//1970 2135//1972 2149//1969 
f 2137//1968 2136//1970 2148//1967 
f 2138//1966 2137//1968 2147//1965 
f 2139//1964 2138//1966 2146//1963 
f 2140//1962 2139//1964 2145//1961 
f 2141//1960 2140//1962 2143//1959 
o mesh164
f 2201//2073 2157//2073 2158//2073 
f 2202//2073 2187//2073 2188//2073 
f 2202//2073 2203//2073 2186//2073 
f 2203//2073 2201//2073 2172//2073 
f 2201//2073 2159//2073 2160//2073 
f 2201//2073 2156//2073 2157//2073 
f 2186//2073 2187//2073 2202//2073 
f 2203//2073 2174//2073 2175//2073 
f 2172//2073 2173//2073 2203//2073 
f 2158//2073 2159//2073 2201//2073 
f 2201//2073 2154//2073 2155//2073 
f 2203//2073 2185//2073 2186//2073 
f 2203//2073 2183//2073 2184//2073 
f 2203//2073 2177//2073 2178//2073 
f 2173//2073 2174//2073 2203//2073 
f 2201//2073 2170//2073 2171//2073 
f 2201//2073 2167//2073 2168//2073 
f 2155//2073 2156//2073 2201//2073 
f 2184//2073 2185//2073 2203//2073 
f 2203//2073 2179//2073 2180//2073 
f 2203//2073 2176//2073 2177//2073 
f 2171//2073 2172//2073 2201//2073 
f 2168//2073 2169//2073 2201//2073 
f 2201//2073 2165//2073 2166//2073 
f 2201//2073 2163//2073 2164//2073 
f 2160//2073 2161//2073 2201//2073 
f 2204//2073 2153//2073 2154//2073 
f 2203//2073 2182//2073 2183//2073 
f 2180//2073 2181//2073 2203//2073 
f 2175//2073 2176//2073 2203//2073 
f 2166//2073 2167//2073 2201//2073 
f 2201//2073 2162//2073 2163//2073 
f 2154//2073 2201//2073 2204//2073 
f 2204//2073 2150//2073 2151//2073 
f 2144//2073 2143//2073 2204//2073 
f 2181//2073 2182//2073 2203//2073 
f 2169//2073 2170//2073 2201//2073 
f 2161//2073 2162//2073 2201//2073 
f 2151//2073 2152//2073 2204//2073 
f 2204//2073 2148//2073 2149//2073 
f 2204//2073 2145//2073 2146//2073 
f 2204//2073 2205//2073 2144//2073 
f 2206//2073 2199//2073 2200//2073 
f 2206//2073 2197//2073 2198//2073 
f 2206//2073 2194//2073 2195//2073 
f 2206//2073 2192//2073 2193//2073 
f 2206//2073 2188//2073 2189//2073 
f 2178//2073 2179//2073 2203//2073 
f 2152//2073 2153//2073 2204//2073 
f 2204//2073 2147//2073 2148//2073 
f 2143//2073 2145//2073 2204//2073 
f 2198//2073 2199//2073 2206//2073 
f 2195//2073 2196//2073 2206//2073 
f 2206//2073 2191//2073 2192//2073 
f 2189//2073 2190//2073 2206//2073 
f 2164//2073 2165//2073 2201//2073 
f 2146//2073 2147//2073 2204//2073 
f 2196//2073 2197//2073 2206//2073 
f 2190//2073 2191//2073 2206//2073 
f 2207//2073 2205//2073 2204//2073 
f 2149//2073 2150//2073 2204//2073 
f 2193//2073 2194//2073 2206//2073 
f 2188//2073 2206//2073 2202//2073 
f 2144//2073 2205//2073 2206//2073 
f 2200//2073 2144//2073 2206//2073 
f 2204//2073 2208//2073 2207//2073 
o mesh165
f 2209//2074 2201//2074 2203//2074 
f 2203//2074 2210//2074 2209//2074 
o mesh166
f 2201//2075 2209//2075 2211//2075 
f 2211//2075 2212//2075 2201//2075 
f 2212//2075 2204//2075 2201//2075 
o mesh167
f 2213//2076 2214//2076 2212//2076 
f 2215//2076 2216//2076 2212//2076 
f 2212//2076 2214//2076 2215//2076 
f 2212//2076 2211//2076 2213//2076 
o mesh168
f 2208//2075 2216//2075 2215//2075 
f 2215//2075 2207//2075 2208//2075 
o mesh169
f 2208//2077 2204//2077 2212//2077 
f 2212//2077 2216//2077 2208//2077 
o mesh170
f 2209//2078 2210//2078 2213//2078 
f 2213//2078 2211//2078 2209//2078 
o mesh171
f 2217//2079 2214//2079 2202//2079 
f 2202//2079 2218//2079 2217//2079 
f 2210//2079 2203//2079 2202//2079 
f 2202//2079 2213//2079 2210//2079 
f 2214//2079 2213//2079 2202//2079 
o mesh172
f 2215//2080 2214//2080 2205//2080 
f 2217//2080 2219//2080 2205//2080 
f 2205//2080 2214//2080 2217//2080 
f 2205//2080 2207//2080 2215//2080 
o mesh173
f 2219//2081 2217//2081 2218//2081 
f 2218//2081 2220//2081 2219//2081 
o mesh174
f 2219//2082 2220//2082 2206//2082 
f 2206//2082 2205//2082 2219//2082 
o mesh175
f 2202//2083 2206//2083 2220//2083 
f 2220//2083 2218//2083 2202//2083 
