# OBJ generated by ONSHAPE BY PTC INC, 1.215 Units = meters
mtllib face-cap-A.mtl
g Part 3
v 0.0357944 -0.037719 -0.0379712 
v 0.0358775 -0.037719 -0.037973 
v 0.0358775 -0.035814 -0.037973 
v 0.0357115 -0.037719 -0.0379658 
v 0.0357944 -0.035814 -0.0379712 
v 0.0356288 -0.037719 -0.0379567 
v 0.0357115 -0.035814 -0.0379658 
v 0.0355467 -0.037719 -0.0379441 
v 0.0356288 -0.035814 -0.0379567 
v 0.0354652 -0.037719 -0.0379278 
v 0.0355467 -0.035814 -0.0379441 
v 0.0353844 -0.037719 -0.0379081 
v 0.0354652 -0.035814 -0.0379278 
v 0.0353047 -0.037719 -0.0378848 
v 0.0353844 -0.035814 -0.0379081 
v 0.035226 -0.037719 -0.0378581 
v 0.0353047 -0.035814 -0.0378848 
v 0.0351485 -0.037719 -0.037828 
v 0.035226 -0.035814 -0.0378581 
v 0.0350724 -0.037719 -0.0377945 
v 0.0351485 -0.035814 -0.037828 
v 0.0349979 -0.037719 -0.0377578 
v 0.0350724 -0.035814 -0.0377945 
v 0.034925 -0.037719 -0.0377178 
v 0.0349979 -0.035814 -0.0377578 
v 0.0348539 -0.037719 -0.0376747 
v 0.034925 -0.035814 -0.0377178 
v 0.0347848 -0.037719 -0.0376285 
v 0.0348539 -0.035814 -0.0376747 
v 0.0347178 -0.037719 -0.0375793 
v 0.0347848 -0.035814 -0.0376285 
v 0.034653 -0.037719 -0.0375273 
v 0.0347178 -0.035814 -0.0375793 
v 0.0345905 -0.037719 -0.0374725 
v 0.034653 -0.035814 -0.0375273 
v 0.0345305 -0.037719 -0.037415 
v 0.0345905 -0.035814 -0.0374725 
v 0.034473 -0.037719 -0.037355 
v 0.0345305 -0.035814 -0.037415 
v 0.0344182 -0.037719 -0.0372925 
v 0.034473 -0.035814 -0.037355 
v 0.0343662 -0.037719 -0.0372277 
v 0.0344182 -0.035814 -0.0372925 
v 0.034317 -0.037719 -0.0371607 
v 0.0343662 -0.035814 -0.0372277 
v 0.0342708 -0.037719 -0.0370916 
v 0.034317 -0.035814 -0.0371607 
v 0.0342277 -0.037719 -0.0370205 
v 0.0342708 -0.035814 -0.0370916 
v 0.0341877 -0.037719 -0.0369476 
v 0.0342277 -0.035814 -0.0370205 
v 0.034151 -0.037719 -0.0368731 
v 0.0341877 -0.035814 -0.0369476 
v 0.0341175 -0.037719 -0.036797 
v 0.034151 -0.035814 -0.0368731 
v 0.0340874 -0.037719 -0.0367195 
v 0.0341175 -0.035814 -0.036797 
v 0.0340607 -0.037719 -0.0366408 
v 0.0340874 -0.035814 -0.0367195 
v 0.0340374 -0.037719 -0.0365611 
v 0.0340607 -0.035814 -0.0366408 
v 0.0340177 -0.037719 -0.0364803 
v 0.0340374 -0.035814 -0.0365611 
v 0.0340014 -0.037719 -0.0363988 
v 0.0340177 -0.035814 -0.0364803 
v 0.0339888 -0.037719 -0.0363167 
v 0.0340014 -0.035814 -0.0363988 
v 0.0339797 -0.037719 -0.036234 
v 0.0339888 -0.035814 -0.0363167 
v 0.0339743 -0.037719 -0.0361511 
v 0.0339797 -0.035814 -0.036234 
v 0.0339725 -0.037719 -0.036068 
v 0.0339743 -0.035814 -0.0361511 
v 0.0339743 -0.037719 -0.0359849 
v 0.0339725 -0.035814 -0.036068 
v 0.0339797 -0.037719 -0.035902 
v 0.0339743 -0.035814 -0.0359849 
v 0.0339888 -0.037719 -0.0358193 
v 0.0339797 -0.035814 -0.035902 
v 0.0340014 -0.037719 -0.0357372 
v 0.0339888 -0.035814 -0.0358193 
v 0.0340177 -0.037719 -0.0356557 
v 0.0340014 -0.035814 -0.0357372 
v 0.0340374 -0.037719 -0.0355749 
v 0.0340177 -0.035814 -0.0356557 
v 0.0340607 -0.037719 -0.0354952 
v 0.0340374 -0.035814 -0.0355749 
v 0.0340874 -0.037719 -0.0354165 
v 0.0340607 -0.035814 -0.0354952 
v 0.0341175 -0.037719 -0.035339 
v 0.0340874 -0.035814 -0.0354165 
v 0.034151 -0.037719 -0.0352629 
v 0.0341175 -0.035814 -0.035339 
v 0.0341877 -0.037719 -0.0351884 
v 0.034151 -0.035814 -0.0352629 
v 0.0342277 -0.037719 -0.0351155 
v 0.0341877 -0.035814 -0.0351884 
v 0.0342708 -0.037719 -0.0350444 
v 0.0342277 -0.035814 -0.0351155 
v 0.034317 -0.037719 -0.0349753 
v 0.0342708 -0.035814 -0.0350444 
v 0.0343662 -0.037719 -0.0349083 
v 0.034317 -0.035814 -0.0349753 
v 0.0344182 -0.037719 -0.0348435 
v 0.0343662 -0.035814 -0.0349083 
v 0.034473 -0.037719 -0.034781 
v 0.0344182 -0.035814 -0.0348435 
v 0.0345305 -0.037719 -0.034721 
v 0.034473 -0.035814 -0.034781 
v 0.0345905 -0.037719 -0.0346635 
v 0.0345305 -0.035814 -0.034721 
v 0.034653 -0.037719 -0.0346087 
v 0.0345905 -0.035814 -0.0346635 
v 0.0347178 -0.037719 -0.0345567 
v 0.034653 -0.035814 -0.0346087 
v 0.0347848 -0.037719 -0.0345075 
v 0.0347178 -0.035814 -0.0345567 
v 0.0348539 -0.037719 -0.0344613 
v 0.0347848 -0.035814 -0.0345075 
v 0.034925 -0.037719 -0.0344182 
v 0.0348539 -0.035814 -0.0344613 
v 0.0349979 -0.037719 -0.0343782 
v 0.034925 -0.035814 -0.0344182 
v 0.0350724 -0.037719 -0.0343415 
v 0.0349979 -0.035814 -0.0343782 
v 0.0351485 -0.037719 -0.034308 
v 0.0350724 -0.035814 -0.0343415 
v 0.035226 -0.037719 -0.0342779 
v 0.0351485 -0.035814 -0.034308 
v 0.0353047 -0.037719 -0.0342512 
v 0.035226 -0.035814 -0.0342779 
v 0.0353844 -0.037719 -0.0342279 
v 0.0353047 -0.035814 -0.0342512 
v 0.0354652 -0.037719 -0.0342082 
v 0.0353844 -0.035814 -0.0342279 
v 0.0355467 -0.037719 -0.0341919 
v 0.0354652 -0.035814 -0.0342082 
v 0.0356288 -0.037719 -0.0341793 
v 0.0355467 -0.035814 -0.0341919 
v 0.0357115 -0.037719 -0.0341702 
v 0.0356288 -0.035814 -0.0341793 
v 0.0357944 -0.037719 -0.0341648 
v 0.0357115 -0.035814 -0.0341702 
v 0.0358775 -0.037719 -0.034163 
v 0.0357944 -0.035814 -0.0341648 
v 0.0359606 -0.037719 -0.0341648 
v 0.0358775 -0.035814 -0.034163 
v 0.0360435 -0.037719 -0.0341702 
v 0.0359606 -0.035814 -0.0341648 
v 0.0361262 -0.037719 -0.0341793 
v 0.0360435 -0.035814 -0.0341702 
v 0.0362083 -0.037719 -0.0341919 
v 0.0361262 -0.035814 -0.0341793 
v 0.0362898 -0.037719 -0.0342082 
v 0.0362083 -0.035814 -0.0341919 
v 0.0363706 -0.037719 -0.0342279 
v 0.0362898 -0.035814 -0.0342082 
v 0.0364503 -0.037719 -0.0342512 
v 0.0363706 -0.035814 -0.0342279 
v 0.036529 -0.037719 -0.0342779 
v 0.0364503 -0.035814 -0.0342512 
v 0.0366065 -0.037719 -0.034308 
v 0.036529 -0.035814 -0.0342779 
v 0.0366826 -0.037719 -0.0343415 
v 0.0366065 -0.035814 -0.034308 
v 0.0367571 -0.037719 -0.0343782 
v 0.0366826 -0.035814 -0.0343415 
v 0.03683 -0.037719 -0.0344182 
v 0.0367571 -0.035814 -0.0343782 
v 0.0369011 -0.037719 -0.0344613 
v 0.03683 -0.035814 -0.0344182 
v 0.0369702 -0.037719 -0.0345075 
v 0.0369011 -0.035814 -0.0344613 
v 0.0370372 -0.037719 -0.0345567 
v 0.0369702 -0.035814 -0.0345075 
v 0.037102 -0.037719 -0.0346087 
v 0.0370372 -0.035814 -0.0345567 
v 0.0371645 -0.037719 -0.0346635 
v 0.037102 -0.035814 -0.0346087 
v 0.0372245 -0.037719 -0.034721 
v 0.0371645 -0.035814 -0.0346635 
v 0.037282 -0.037719 -0.034781 
v 0.0372245 -0.035814 -0.034721 
v 0.0373368 -0.037719 -0.0348435 
v 0.037282 -0.035814 -0.034781 
v 0.0373888 -0.037719 -0.0349083 
v 0.0373368 -0.035814 -0.0348435 
v 0.037438 -0.037719 -0.0349753 
v 0.0373888 -0.035814 -0.0349083 
v 0.0374842 -0.037719 -0.0350444 
v 0.037438 -0.035814 -0.0349753 
v 0.0375273 -0.037719 -0.0351155 
v 0.0374842 -0.035814 -0.0350444 
v 0.0375673 -0.037719 -0.0351884 
v 0.0375273 -0.035814 -0.0351155 
v 0.037604 -0.037719 -0.0352629 
v 0.0375673 -0.035814 -0.0351884 
v 0.0376375 -0.037719 -0.035339 
v 0.037604 -0.035814 -0.0352629 
v 0.0376676 -0.037719 -0.0354165 
v 0.0376375 -0.035814 -0.035339 
v 0.0376943 -0.037719 -0.0354952 
v 0.0376676 -0.035814 -0.0354165 
v 0.0377176 -0.037719 -0.0355749 
v 0.0376943 -0.035814 -0.0354952 
v 0.0377373 -0.037719 -0.0356557 
v 0.0377176 -0.035814 -0.0355749 
v 0.0377536 -0.037719 -0.0357372 
v 0.0377373 -0.035814 -0.0356557 
v 0.0377662 -0.037719 -0.0358193 
v 0.0377536 -0.035814 -0.0357372 
v 0.0377753 -0.037719 -0.035902 
v 0.0377662 -0.035814 -0.0358193 
v 0.0377807 -0.037719 -0.0359849 
v 0.0377753 -0.035814 -0.035902 
v 0.0377825 -0.037719 -0.036068 
v 0.0377807 -0.035814 -0.0359849 
v 0.0377807 -0.037719 -0.0361511 
v 0.0377825 -0.035814 -0.036068 
v 0.0377753 -0.037719 -0.036234 
v 0.0377807 -0.035814 -0.0361511 
v 0.0377662 -0.037719 -0.0363167 
v 0.0377753 -0.035814 -0.036234 
v 0.0377536 -0.037719 -0.0363988 
v 0.0377662 -0.035814 -0.0363167 
v 0.0377373 -0.037719 -0.0364803 
v 0.0377536 -0.035814 -0.0363988 
v 0.0377176 -0.037719 -0.0365611 
v 0.0377373 -0.035814 -0.0364803 
v 0.0376943 -0.037719 -0.0366408 
v 0.0377176 -0.035814 -0.0365611 
v 0.0376676 -0.037719 -0.0367195 
v 0.0376943 -0.035814 -0.0366408 
v 0.0376375 -0.037719 -0.036797 
v 0.0376676 -0.035814 -0.0367195 
v 0.037604 -0.037719 -0.0368731 
v 0.0376375 -0.035814 -0.036797 
v 0.0375673 -0.037719 -0.0369476 
v 0.037604 -0.035814 -0.0368731 
v 0.0375273 -0.037719 -0.0370205 
v 0.0375673 -0.035814 -0.0369476 
v 0.0374842 -0.037719 -0.0370916 
v 0.0375273 -0.035814 -0.0370205 
v 0.037438 -0.037719 -0.0371607 
v 0.0374842 -0.035814 -0.0370916 
v 0.0373888 -0.037719 -0.0372277 
v 0.037438 -0.035814 -0.0371607 
v 0.0373368 -0.037719 -0.0372925 
v 0.0373888 -0.035814 -0.0372277 
v 0.037282 -0.037719 -0.037355 
v 0.0373368 -0.035814 -0.0372925 
v 0.0372245 -0.037719 -0.037415 
v 0.037282 -0.035814 -0.037355 
v 0.0371645 -0.037719 -0.0374725 
v 0.0372245 -0.035814 -0.037415 
v 0.037102 -0.037719 -0.0375273 
v 0.0371645 -0.035814 -0.0374725 
v 0.0370372 -0.037719 -0.0375793 
v 0.037102 -0.035814 -0.0375273 
v 0.0369702 -0.037719 -0.0376285 
v 0.0370372 -0.035814 -0.0375793 
v 0.0369011 -0.037719 -0.0376747 
v 0.0369702 -0.035814 -0.0376285 
v 0.03683 -0.037719 -0.0377178 
v 0.0369011 -0.035814 -0.0376747 
v 0.0367571 -0.037719 -0.0377578 
v 0.03683 -0.035814 -0.0377178 
v 0.0366826 -0.037719 -0.0377945 
v 0.0367571 -0.035814 -0.0377578 
v 0.0366065 -0.037719 -0.037828 
v 0.0366826 -0.035814 -0.0377945 
v 0.036529 -0.037719 -0.0378581 
v 0.0366065 -0.035814 -0.037828 
v 0.0364503 -0.037719 -0.0378848 
v 0.036529 -0.035814 -0.0378581 
v 0.0363706 -0.037719 -0.0379081 
v 0.0364503 -0.035814 -0.0378848 
v 0.0362898 -0.037719 -0.0379278 
v 0.0363706 -0.035814 -0.0379081 
v 0.0362083 -0.037719 -0.0379441 
v 0.0362898 -0.035814 -0.0379278 
v 0.0361262 -0.037719 -0.0379567 
v 0.0362083 -0.035814 -0.0379441 
v 0.0360435 -0.037719 -0.0379658 
v 0.0361262 -0.035814 -0.0379567 
v 0.0359606 -0.037719 -0.0379712 
v 0.0360435 -0.035814 -0.0379658 
v 0.0359606 -0.035814 -0.0379712 
v 0.038699 -0.037719 -0.036824 
v 0.0387293 -0.037719 -0.0367002 
v 0.0387541 -0.037719 -0.0365752 
v 0.0387735 -0.037719 -0.0364493 
v 0.0387874 -0.037719 -0.0363226 
v 0.0342021 -0.037719 -0.0384607 
v 0.034308 -0.037719 -0.0385315 
v 0.034417 -0.037719 -0.0385977 
v 0.0345287 -0.037719 -0.038659 
v 0.0381151 -0.037719 -0.0379456 
v 0.0381949 -0.037719 -0.0378462 
v 0.0382702 -0.037719 -0.0377434 
v 0.038341 -0.037719 -0.0376375 
v 0.0384072 -0.037719 -0.0375285 
v 0.0385248 -0.037719 -0.0373025 
v 0.0385762 -0.037719 -0.0371858 
v 0.0386223 -0.037719 -0.037067 
v 0.0386633 -0.037719 -0.0369464 
v 0.038699 -0.037719 -0.035312 
v 0.0386633 -0.037719 -0.0351896 
v 0.034643 -0.037719 -0.0334207 
v 0.0345287 -0.037719 -0.033477 
v 0.0339999 -0.037719 -0.0383056 
v 0.0340993 -0.037719 -0.0383854 
v 0.0380311 -0.037719 -0.0380414 
v 0.0384685 -0.037719 -0.0374168 
v 0.0387985 -0.037719 -0.036068 
v 0.0387957 -0.037719 -0.0359406 
v 0.0387735 -0.037719 -0.0356867 
v 0.0387541 -0.037719 -0.0355608 
v 0.0387293 -0.037719 -0.0354358 
v 0.0380311 -0.037719 -0.0340946 
v 0.037943 -0.037719 -0.0340025 
v 0.0378509 -0.037719 -0.0339144 
v 0.0377551 -0.037719 -0.0338304 
v 0.0362588 -0.037719 -0.033172 
v 0.0361321 -0.037719 -0.0331581 
v 0.0358775 -0.037719 -0.033147 
v 0.0357501 -0.037719 -0.0331498 
v 0.0351215 -0.037719 -0.0332465 
v 0.0349991 -0.037719 -0.0332822 
v 0.034417 -0.037719 -0.0335383 
v 0.0329815 -0.037719 -0.0356867 
v 0.0329676 -0.037719 -0.0358134 
v 0.0329565 -0.037719 -0.036068 
v 0.0329593 -0.037719 -0.0361954 
v 0.0387957 -0.037719 -0.0361954 
v 0.0386223 -0.037719 -0.035069 
v 0.0385762 -0.037719 -0.0349502 
v 0.0384685 -0.037719 -0.0347192 
v 0.0384072 -0.037719 -0.0346075 
v 0.0381949 -0.037719 -0.0342898 
v 0.0381151 -0.037719 -0.0341904 
v 0.037112 -0.037719 -0.0334207 
v 0.0369953 -0.037719 -0.0333693 
v 0.0366335 -0.037719 -0.0332465 
v 0.0365097 -0.037719 -0.0332162 
v 0.0363847 -0.037719 -0.0331914 
v 0.0360049 -0.037719 -0.0331498 
v 0.0354962 -0.037719 -0.033172 
v 0.0353703 -0.037719 -0.0331914 
v 0.0352453 -0.037719 -0.0332162 
v 0.034308 -0.037719 -0.0336045 
v 0.033056 -0.037719 -0.035312 
v 0.0330257 -0.037719 -0.0354358 
v 0.0330009 -0.037719 -0.0355608 
v 0.0329593 -0.037719 -0.0359406 
v 0.0331788 -0.037719 -0.0371858 
v 0.0332302 -0.037719 -0.0373025 
v 0.0333478 -0.037719 -0.0375285 
v 0.033414 -0.037719 -0.0376375 
v 0.0334848 -0.037719 -0.0377434 
v 0.0335601 -0.037719 -0.0378462 
v 0.034643 -0.037719 -0.0387153 
v 0.0347597 -0.037719 -0.0387667 
v 0.0348785 -0.037719 -0.0388128 
v 0.0354962 -0.037719 -0.038964 
v 0.0356229 -0.037719 -0.0389779 
v 0.0357501 -0.037719 -0.0389862 
v 0.0358775 -0.037719 -0.038989 
v 0.0387874 -0.037719 -0.0358134 
v 0.0385248 -0.037719 -0.0348335 
v 0.0376557 -0.037719 -0.0337506 
v 0.0375529 -0.037719 -0.0336753 
v 0.0372263 -0.037719 -0.033477 
v 0.0368765 -0.037719 -0.0333232 
v 0.0367559 -0.037719 -0.0332822 
v 0.0356229 -0.037719 -0.0331581 
v 0.0348785 -0.037719 -0.0333232 
v 0.0347597 -0.037719 -0.0333693 
v 0.0342021 -0.037719 -0.0336753 
v 0.0340993 -0.037719 -0.0337506 
v 0.0339999 -0.037719 -0.0338304 
v 0.0329676 -0.037719 -0.0363226 
v 0.0329815 -0.037719 -0.0364493 
v 0.0330009 -0.037719 -0.0365752 
v 0.0330257 -0.037719 -0.0367002 
v 0.033056 -0.037719 -0.036824 
v 0.0332865 -0.037719 -0.0374168 
v 0.0336399 -0.037719 -0.0379456 
v 0.0337239 -0.037719 -0.0380414 
v 0.0349991 -0.037719 -0.0388538 
v 0.0351215 -0.037719 -0.0388895 
v 0.0352453 -0.037719 -0.0389198 
v 0.0353703 -0.037719 -0.0389446 
v 0.0366335 -0.037719 -0.0388895 
v 0.0367559 -0.037719 -0.0388538 
v 0.037112 -0.037719 -0.0387153 
v 0.0372263 -0.037719 -0.038659 
v 0.037447 -0.037719 -0.0385315 
v 0.0375529 -0.037719 -0.0384607 
v 0.0376557 -0.037719 -0.0383854 
v 0.0377551 -0.037719 -0.0383056 
v 0.038341 -0.037719 -0.0344985 
v 0.0382702 -0.037719 -0.0343926 
v 0.037447 -0.037719 -0.0336045 
v 0.037338 -0.037719 -0.0335383 
v 0.0339041 -0.037719 -0.0339144 
v 0.033812 -0.037719 -0.0340025 
v 0.0335601 -0.037719 -0.0342898 
v 0.0334848 -0.037719 -0.0343926 
v 0.0331788 -0.037719 -0.0349502 
v 0.0331327 -0.037719 -0.035069 
v 0.0331327 -0.037719 -0.037067 
v 0.033812 -0.037719 -0.0381335 
v 0.0339041 -0.037719 -0.0382216 
v 0.0362588 -0.037719 -0.038964 
v 0.0363847 -0.037719 -0.0389446 
v 0.0365097 -0.037719 -0.0389198 
v 0.037338 -0.037719 -0.0385977 
v 0.0378509 -0.037719 -0.0382216 
v 0.037943 -0.037719 -0.0381335 
v 0.033414 -0.037719 -0.0344985 
v 0.0333478 -0.037719 -0.0346075 
v 0.0332865 -0.037719 -0.0347192 
v 0.0332302 -0.037719 -0.0348335 
v 0.0330917 -0.037719 -0.0369464 
v 0.0360049 -0.037719 -0.0389862 
v 0.0361321 -0.037719 -0.0389779 
v 0.0330917 -0.037719 -0.0351896 
v 0.0368765 -0.037719 -0.0388128 
v 0.0369953 -0.037719 -0.0387667 
v 0.0337239 -0.037719 -0.0340946 
v 0.0336399 -0.037719 -0.0341904 
v 0.0357501 -0.039624 -0.0389862 
v 0.0358775 -0.039624 -0.038989 
v 0.0356229 -0.039624 -0.0389779 
v 0.0354962 -0.039624 -0.038964 
v 0.0353703 -0.039624 -0.0389446 
v 0.0352453 -0.039624 -0.0389198 
v 0.0351215 -0.039624 -0.0388895 
v 0.0349991 -0.039624 -0.0388538 
v 0.0348785 -0.039624 -0.0388128 
v 0.0347597 -0.039624 -0.0387667 
v 0.034643 -0.039624 -0.0387153 
v 0.0345287 -0.039624 -0.038659 
v 0.034417 -0.039624 -0.0385977 
v 0.034308 -0.039624 -0.0385315 
v 0.0342021 -0.039624 -0.0384607 
v 0.0340993 -0.039624 -0.0383854 
v 0.0339999 -0.039624 -0.0383056 
v 0.0339041 -0.039624 -0.0382216 
v 0.033812 -0.039624 -0.0381335 
v 0.0337239 -0.039624 -0.0380414 
v 0.0336399 -0.039624 -0.0379456 
v 0.0335601 -0.039624 -0.0378462 
v 0.0334848 -0.039624 -0.0377434 
v 0.033414 -0.039624 -0.0376375 
v 0.0333478 -0.039624 -0.0375285 
v 0.0332865 -0.039624 -0.0374168 
v 0.0332302 -0.039624 -0.0373025 
v 0.0331788 -0.039624 -0.0371858 
v 0.0331327 -0.039624 -0.037067 
v 0.0330917 -0.039624 -0.0369464 
v 0.033056 -0.039624 -0.036824 
v 0.0330257 -0.039624 -0.0367002 
v 0.0330009 -0.039624 -0.0365752 
v 0.0329815 -0.039624 -0.0364493 
v 0.0329676 -0.039624 -0.0363226 
v 0.0329593 -0.039624 -0.0361954 
v 0.0329565 -0.039624 -0.036068 
v 0.0329593 -0.039624 -0.0359406 
v 0.0329676 -0.039624 -0.0358134 
v 0.0329815 -0.039624 -0.0356867 
v 0.0330009 -0.039624 -0.0355608 
v 0.0330257 -0.039624 -0.0354358 
v 0.033056 -0.039624 -0.035312 
v 0.0330917 -0.039624 -0.0351896 
v 0.0331327 -0.039624 -0.035069 
v 0.0331788 -0.039624 -0.0349502 
v 0.0332302 -0.039624 -0.0348335 
v 0.0332865 -0.039624 -0.0347192 
v 0.0333478 -0.039624 -0.0346075 
v 0.033414 -0.039624 -0.0344985 
v 0.0334848 -0.039624 -0.0343926 
v 0.0335601 -0.039624 -0.0342898 
v 0.0336399 -0.039624 -0.0341904 
v 0.0337239 -0.039624 -0.0340946 
v 0.033812 -0.039624 -0.0340025 
v 0.0339041 -0.039624 -0.0339144 
v 0.0339999 -0.039624 -0.0338304 
v 0.0340993 -0.039624 -0.0337506 
v 0.0342021 -0.039624 -0.0336753 
v 0.034308 -0.039624 -0.0336045 
v 0.034417 -0.039624 -0.0335383 
v 0.0345287 -0.039624 -0.033477 
v 0.034643 -0.039624 -0.0334207 
v 0.0347597 -0.039624 -0.0333693 
v 0.0348785 -0.039624 -0.0333232 
v 0.0349991 -0.039624 -0.0332822 
v 0.0351215 -0.039624 -0.0332465 
v 0.0352453 -0.039624 -0.0332162 
v 0.0353703 -0.039624 -0.0331914 
v 0.0354962 -0.039624 -0.033172 
v 0.0356229 -0.039624 -0.0331581 
v 0.0357501 -0.039624 -0.0331498 
v 0.0358775 -0.039624 -0.033147 
v 0.0360049 -0.039624 -0.0331498 
v 0.0361321 -0.039624 -0.0331581 
v 0.0362588 -0.039624 -0.033172 
v 0.0363847 -0.039624 -0.0331914 
v 0.0365097 -0.039624 -0.0332162 
v 0.0366335 -0.039624 -0.0332465 
v 0.0367559 -0.039624 -0.0332822 
v 0.0368765 -0.039624 -0.0333232 
v 0.0369953 -0.039624 -0.0333693 
v 0.037112 -0.039624 -0.0334207 
v 0.0372263 -0.039624 -0.033477 
v 0.037338 -0.039624 -0.0335383 
v 0.037447 -0.039624 -0.0336045 
v 0.0375529 -0.039624 -0.0336753 
v 0.0376557 -0.039624 -0.0337506 
v 0.0377551 -0.039624 -0.0338304 
v 0.0378509 -0.039624 -0.0339144 
v 0.037943 -0.039624 -0.0340025 
v 0.0380311 -0.039624 -0.0340946 
v 0.0381151 -0.039624 -0.0341904 
v 0.0381949 -0.039624 -0.0342898 
v 0.0382702 -0.039624 -0.0343926 
v 0.038341 -0.039624 -0.0344985 
v 0.0384072 -0.039624 -0.0346075 
v 0.0384685 -0.039624 -0.0347192 
v 0.0385248 -0.039624 -0.0348335 
v 0.0385762 -0.039624 -0.0349502 
v 0.0386223 -0.039624 -0.035069 
v 0.0386633 -0.039624 -0.0351896 
v 0.038699 -0.039624 -0.035312 
v 0.0387293 -0.039624 -0.0354358 
v 0.0387541 -0.039624 -0.0355608 
v 0.0387735 -0.039624 -0.0356867 
v 0.0387874 -0.039624 -0.0358134 
v 0.0387957 -0.039624 -0.0359406 
v 0.0387985 -0.039624 -0.036068 
v 0.0387957 -0.039624 -0.0361954 
v 0.0387874 -0.039624 -0.0363226 
v 0.0387735 -0.039624 -0.0364493 
v 0.0387541 -0.039624 -0.0365752 
v 0.0387293 -0.039624 -0.0367002 
v 0.038699 -0.039624 -0.036824 
v 0.0386633 -0.039624 -0.0369464 
v 0.0386223 -0.039624 -0.037067 
v 0.0385762 -0.039624 -0.0371858 
v 0.0385248 -0.039624 -0.0373025 
v 0.0384685 -0.039624 -0.0374168 
v 0.0384072 -0.039624 -0.0375285 
v 0.038341 -0.039624 -0.0376375 
v 0.0382702 -0.039624 -0.0377434 
v 0.0381949 -0.039624 -0.0378462 
v 0.0381151 -0.039624 -0.0379456 
v 0.0380311 -0.039624 -0.0380414 
v 0.037943 -0.039624 -0.0381335 
v 0.0378509 -0.039624 -0.0382216 
v 0.0377551 -0.039624 -0.0383056 
v 0.0376557 -0.039624 -0.0383854 
v 0.0375529 -0.039624 -0.0384607 
v 0.037447 -0.039624 -0.0385315 
v 0.037338 -0.039624 -0.0385977 
v 0.0372263 -0.039624 -0.038659 
v 0.037112 -0.039624 -0.0387153 
v 0.0369953 -0.039624 -0.0387667 
v 0.0368765 -0.039624 -0.0388128 
v 0.0367559 -0.039624 -0.0388538 
v 0.0366335 -0.039624 -0.0388895 
v 0.0365097 -0.039624 -0.0389198 
v 0.0363847 -0.039624 -0.0389446 
v 0.0362588 -0.039624 -0.038964 
v 0.0361321 -0.039624 -0.0389779 
v 0.0360049 -0.039624 -0.0389862 
v 0.00381 -0.035814 -0.097536 
v 0.00189776 -0.035814 -0.0973701 
v 0.00188874 -0.035814 -0.0972876 
v 0.03683 -0.035814 -0.097536 
v 0.00187613 -0.035814 -0.0972056 
v 0.0019032 -0.035814 -0.0976188 
v 0.001905 -0.035814 -0.0975359 
v 0.00188877 -0.035814 -0.0977841 
v 0.00189779 -0.035814 -0.0977016 
v 0.000955209 -0.035814 -0.0958878 
v 0.00190319 -0.035814 -0.0974529 
v 0.00184034 -0.035814 -0.0980281 
v 0.00186002 -0.035814 -0.0979475 
v 0.00381 -0.035814 -0.101346 
v 0.00169051 -0.035814 -0.0984142 
v 0.00172715 -0.035814 -0.0983397 
v 0.00156166 -0.035814 -0.098627 
v 0.00160769 -0.035814 -0.0985579 
v 0.00176041 -0.035814 -0.096808 
v 0.00172703 -0.035814 -0.096732 
v 0.00184026 -0.035814 -0.0970436 
v 0.00181707 -0.035814 -0.0969639 
v 0.00187618 -0.035814 -0.0978661 
v 0.00179054 -0.035814 -0.0981864 
v 0.00176051 -0.035814 -0.0982637 
v 0.00165067 -0.035814 -0.098487 
v 0.000882527 -0.035814 -0.0958478 
v 0.0015615 -0.035814 -0.0964448 
v 0.0015125 -0.035814 -0.0963778 
v 0.00169038 -0.035814 -0.0966576 
v 0.00165052 -0.035814 -0.0965848 
v 0.00179044 -0.035814 -0.0968853 
v 0.00185996 -0.035814 -0.0971242 
v 0.00181716 -0.035814 -0.0981078 
v 0.000576478 -0.035814 -0.0957203 
v 0.000496862 -0.035814 -0.0956969 
v 0.00080817 -0.035814 -0.0958109 
v 0.00160754 -0.035814 -0.0965138 
v 0.000655 -0.035814 -0.0957471 
v 0.00073228 -0.035814 -0.0957774 
v 0.000252971 -0.035814 -0.0956479 
v 0.000170507 -0.035814 -0.0956386 
v 0.000416304 -0.035814 -0.095677 
v 0.000334955 -0.035814 -0.0956607 
v 0 -0.035814 -0.032258 
v 0.00140598 -0.035814 -0.0962506 
v 0.00134867 -0.035814 -0.0961906 
v 0.00146081 -0.035814 -0.0987587 
v 0.00151267 -0.035814 -0.098694 
v 0.00134887 -0.035814 -0.0988812 
v 0.00140618 -0.035814 -0.0988212 
v 0.00122671 -0.035814 -0.0989935 
v 0.00128901 -0.035814 -0.0989387 
v 8.77196e-05 -0.035814 -0.095633 
v 4.76572e-06 -0.035814 -0.095631 
v 0.04064 -0.035814 -0.039878 
v 0.03683 -0.035814 -0.039878 
v 0.0012888 -0.035814 -0.0961331 
v 0.03683 -0.035814 -0.028448 
v 0.04064 -0.035814 -0.032258 
v 0.00146062 -0.035814 -0.0963131 
v 0.03683 -0.035814 -0.032258 
v 0.00109524 -0.035814 -0.0990947 
v 0.00116207 -0.035814 -0.0990455 
v 0.000955457 -0.035814 -0.0991841 
v 0.00102632 -0.035814 -0.0991409 
v 5.19549e-06 -0.035814 -0.101346 
v 0.000576751 -0.035814 -0.0993516 
v 0.000655269 -0.035814 -0.0993248 
v 0.00088278 -0.035814 -0.0992241 
v 0.000732544 -0.035814 -0.0992945 
v 0.000808429 -0.035814 -0.099261 
v 0.000335237 -0.035814 -0.0994113 
v 0.000416583 -0.035814 -0.0993949 
v 0 -0.035814 -0.028448 
v 0.001095 -0.035814 -0.0959772 
v 0.00102608 -0.035814 -0.0959309 
v 0.00122649 -0.035814 -0.0960783 
v 0.00116185 -0.035814 -0.0960263 
v 0.000497139 -0.035814 -0.099375 
v 5.05223e-06 -0.035814 -0.099441 
v 8.80058e-05 -0.035814 -0.099439 
v 0.000253255 -0.035814 -0.0994241 
v 0.000170792 -0.035814 -0.0994333 
v 5.19549e-06 -0.039624 -0.101346 
v 0.00381 -0.039624 -0.101346 
v 0.00381 -0.039624 -0.097536 
v 0.03683 -0.039624 -0.097536 
v 0.03683 -0.039624 -0.039878 
v 0.04064 -0.039624 -0.039878 
v 0.04064 -0.039624 -0.032258 
v 0.03683 -0.039624 -0.032258 
v 0 -0.039624 -0.028448 
v 0.03683 -0.039624 -0.028448 
v 0 -0.039624 -0.032258 
v 8.77196e-05 -0.037719 -0.095633 
v 4.76572e-06 -0.037719 -0.095631 
v 0.000170507 -0.037719 -0.0956386 
v 0.000252971 -0.037719 -0.0956479 
v 0.000334955 -0.037719 -0.0956607 
v 0.000416304 -0.037719 -0.095677 
v 0.000496862 -0.037719 -0.0956969 
v 0.000576478 -0.037719 -0.0957203 
v 0.000655 -0.037719 -0.0957471 
v 0.00073228 -0.037719 -0.0957774 
v 0.00080817 -0.037719 -0.0958109 
v 0.000882527 -0.037719 -0.0958478 
v 0.000955209 -0.037719 -0.0958878 
v 0.00102608 -0.037719 -0.0959309 
v 0.001095 -0.037719 -0.0959772 
v 0.00116185 -0.037719 -0.0960263 
v 0.00122649 -0.037719 -0.0960783 
v 0.0012888 -0.037719 -0.0961331 
v 0.00134867 -0.037719 -0.0961906 
v 0.00140598 -0.037719 -0.0962506 
v 0.00146062 -0.037719 -0.0963131 
v 0.0015125 -0.037719 -0.0963778 
v 0.0015615 -0.037719 -0.0964448 
v 0.00160754 -0.037719 -0.0965138 
v 0.00165052 -0.037719 -0.0965848 
v 0.00169038 -0.037719 -0.0966576 
v 0.00172703 -0.037719 -0.096732 
v 0.00176041 -0.037719 -0.096808 
v 0.00179044 -0.037719 -0.0968853 
v 0.00181707 -0.037719 -0.0969639 
v 0.00184026 -0.037719 -0.0970436 
v 0.00185996 -0.037719 -0.0971242 
v 0.00187613 -0.037719 -0.0972056 
v 0.00188874 -0.037719 -0.0972876 
v 0.00189776 -0.037719 -0.0973701 
v 0.00190319 -0.037719 -0.0974529 
v 0.001905 -0.037719 -0.0975359 
v 0.0019032 -0.037719 -0.0976188 
v 0.00189779 -0.037719 -0.0977016 
v 0.00188877 -0.037719 -0.0977841 
v 0.00187618 -0.037719 -0.0978661 
v 0.00186002 -0.037719 -0.0979475 
v 0.00184034 -0.037719 -0.0980281 
v 0.00181716 -0.037719 -0.0981078 
v 0.00179054 -0.037719 -0.0981864 
v 0.00176051 -0.037719 -0.0982637 
v 0.00172715 -0.037719 -0.0983397 
v 0.00169051 -0.037719 -0.0984142 
v 0.00165067 -0.037719 -0.098487 
v 0.00160769 -0.037719 -0.0985579 
v 0.00156166 -0.037719 -0.098627 
v 0.00151267 -0.037719 -0.098694 
v 0.00146081 -0.037719 -0.0987587 
v 0.00140618 -0.037719 -0.0988212 
v 0.00134887 -0.037719 -0.0988812 
v 0.00128901 -0.037719 -0.0989387 
v 0.00122671 -0.037719 -0.0989935 
v 0.00116207 -0.037719 -0.0990455 
v 0.00109524 -0.037719 -0.0990947 
v 0.00102632 -0.037719 -0.0991409 
v 0.000955457 -0.037719 -0.0991841 
v 0.00088278 -0.037719 -0.0992241 
v 0.000808429 -0.037719 -0.099261 
v 0.000732544 -0.037719 -0.0992945 
v 0.000655269 -0.037719 -0.0993248 
v 0.000576751 -0.037719 -0.0993516 
v 0.000497139 -0.037719 -0.099375 
v 0.000416583 -0.037719 -0.0993949 
v 0.000335237 -0.037719 -0.0994113 
v 0.000253255 -0.037719 -0.0994241 
v 0.000170792 -0.037719 -0.0994333 
v 8.80058e-05 -0.037719 -0.099439 
v 5.05223e-06 -0.037719 -0.099441 
v 5.12864e-06 -0.037719 -0.100457 
v 5.12864e-06 -0.039624 -0.100457 
v 4.68931e-06 -0.037719 -0.094615 
v 4.68931e-06 -0.039624 -0.094615 
v 0.00246438 -0.037719 -0.0959679 
v 0.00239371 -0.037719 -0.095862 
v 0.0023185 -0.037719 -0.0957593 
v 0.00231876 -0.037719 -0.0993124 
v 0.00239396 -0.037719 -0.0992097 
v 0.00253059 -0.037719 -0.0989949 
v 0.00259175 -0.037719 -0.0988832 
v 0.00287676 -0.037719 -0.0980425 
v 0.00289609 -0.037719 -0.0979166 
v 0.00290993 -0.037719 -0.0977901 
v 0.00291824 -0.037719 -0.0976631 
v 0.00223888 -0.037719 -0.0956599 
v 0.00197547 -0.037719 -0.0996877 
v 0.00206735 -0.037719 -0.0995996 
v 0.0021553 -0.037719 -0.0995075 
v 0.00223916 -0.037719 -0.0994117 
v 0.00246462 -0.037719 -0.0991038 
v 0.00264799 -0.037719 -0.098769 
v 0.00269921 -0.037719 -0.0986525 
v 0.00274529 -0.037719 -0.0985338 
v 0.00282174 -0.037719 -0.098291 
v 0.00285196 -0.037719 -0.0981673 
v 0.00274514 -0.037719 -0.0965378 
v 0.00269904 -0.037719 -0.0964191 
v 0.00264781 -0.037719 -0.0963026 
v 0.00259155 -0.037719 -0.0961884 
v 0.00253037 -0.037719 -0.0960767 
v 0.00278616 -0.037719 -0.0984132 
v 0.00278603 -0.037719 -0.0966583 
v 0.00291822 -0.037719 -0.0974085 
v 0.00290989 -0.037719 -0.0972815 
v 0.00289604 -0.037719 -0.0971549 
v 0.00287668 -0.037719 -0.0970291 
v 0.00285186 -0.037719 -0.0969042 
v 0.00282162 -0.037719 -0.0967806 
v 0.002921 -0.037719 -0.0975358 
v 0.00157228 -0.037719 -0.0999977 
v 0.00167805 -0.037719 -0.0999269 
v 0.002155 -0.037719 -0.0955641 
v 0.00206704 -0.037719 -0.0954721 
v 0.00197515 -0.037719 -0.095384 
v 0.0018795 -0.037719 -0.0953 
v 0.00146352 -0.037719 -0.100064 
v 0.00178064 -0.037719 -0.0998515 
v 0.00187984 -0.037719 -0.0997717 
v 0.00146314 -0.037719 -0.0950079 
v 0.0013516 -0.037719 -0.0949465 
v 0.00123748 -0.037719 -0.0948901 
v 0.000636561 -0.037719 -0.100387 
v 0.000760173 -0.037719 -0.100356 
v 0.00100283 -0.037719 -0.100279 
v 0.00112142 -0.037719 -0.100233 
v 0.00123788 -0.037719 -0.100182 
v 0.00135199 -0.037719 -0.100125 
v 0.00167769 -0.037719 -0.0951449 
v 0.00157191 -0.037719 -0.095074 
v 0.00112102 -0.037719 -0.0948387 
v 0.000881923 -0.037719 -0.0947513 
v 0.000759749 -0.037719 -0.0947155 
v 0.000636132 -0.037719 -0.0946851 
v 0.0001324 -0.037719 -0.100454 
v 0.000259419 -0.037719 -0.100445 
v 0.000882342 -0.037719 -0.100321 
v 0.00178029 -0.037719 -0.0952202 
v 0.00100242 -0.037719 -0.0947924 
v 0.000385946 -0.037719 -0.100431 
v 0.000511739 -0.037719 -0.100412 
v 0.000511307 -0.037719 -0.0946601 
v 0.00038551 -0.037719 -0.0946406 
v 0.000258981 -0.037719 -0.0946265 
v 0.000131961 -0.037719 -0.094618 
v 0.000131961 -0.039624 -0.094618 
v 0.000258981 -0.039624 -0.0946265 
v 0.00038551 -0.039624 -0.0946406 
v 0.000511307 -0.039624 -0.0946601 
v 0.000636132 -0.039624 -0.0946851 
v 0.000759749 -0.039624 -0.0947155 
v 0.000881923 -0.039624 -0.0947513 
v 0.00100242 -0.039624 -0.0947924 
v 0.00112102 -0.039624 -0.0948387 
v 0.00123748 -0.039624 -0.0948901 
v 0.0013516 -0.039624 -0.0949465 
v 0.00146314 -0.039624 -0.0950079 
v 0.00157191 -0.039624 -0.095074 
v 0.00167769 -0.039624 -0.0951449 
v 0.00178029 -0.039624 -0.0952202 
v 0.0018795 -0.039624 -0.0953 
v 0.00197515 -0.039624 -0.095384 
v 0.00206704 -0.039624 -0.0954721 
v 0.002155 -0.039624 -0.0955641 
v 0.00223888 -0.039624 -0.0956599 
v 0.0023185 -0.039624 -0.0957593 
v 0.00239371 -0.039624 -0.095862 
v 0.00246438 -0.039624 -0.0959679 
v 0.00253037 -0.039624 -0.0960767 
v 0.00259155 -0.039624 -0.0961884 
v 0.00264781 -0.039624 -0.0963026 
v 0.00269904 -0.039624 -0.0964191 
v 0.00274514 -0.039624 -0.0965378 
v 0.00278603 -0.039624 -0.0966583 
v 0.00282162 -0.039624 -0.0967806 
v 0.00285186 -0.039624 -0.0969042 
v 0.00287668 -0.039624 -0.0970291 
v 0.00289604 -0.039624 -0.0971549 
v 0.00290989 -0.039624 -0.0972815 
v 0.00291822 -0.039624 -0.0974085 
v 0.002921 -0.039624 -0.0975358 
v 0.00291824 -0.039624 -0.0976631 
v 0.00290993 -0.039624 -0.0977901 
v 0.00289609 -0.039624 -0.0979166 
v 0.00287676 -0.039624 -0.0980425 
v 0.00285196 -0.039624 -0.0981673 
v 0.00282174 -0.039624 -0.098291 
v 0.00278616 -0.039624 -0.0984132 
v 0.00274529 -0.039624 -0.0985338 
v 0.00269921 -0.039624 -0.0986525 
v 0.00264799 -0.039624 -0.098769 
v 0.00259175 -0.039624 -0.0988832 
v 0.00253059 -0.039624 -0.0989949 
v 0.00246462 -0.039624 -0.0991038 
v 0.00239396 -0.039624 -0.0992097 
v 0.00231876 -0.039624 -0.0993124 
v 0.00223916 -0.039624 -0.0994117 
v 0.0021553 -0.039624 -0.0995075 
v 0.00206735 -0.039624 -0.0995996 
v 0.00197547 -0.039624 -0.0996877 
v 0.00187984 -0.039624 -0.0997717 
v 0.00178064 -0.039624 -0.0998515 
v 0.00167805 -0.039624 -0.0999269 
v 0.00157228 -0.039624 -0.0999977 
v 0.00146352 -0.039624 -0.100064 
v 0.00135199 -0.039624 -0.100125 
v 0.00123788 -0.039624 -0.100182 
v 0.00112142 -0.039624 -0.100233 
v 0.00100283 -0.039624 -0.100279 
v 0.000882342 -0.039624 -0.100321 
v 0.000760173 -0.039624 -0.100356 
v 0.000636561 -0.039624 -0.100387 
v 0.000511739 -0.039624 -0.100412 
v 0.000385946 -0.039624 -0.100431 
v 0.000259419 -0.039624 -0.100445 
v 0.0001324 -0.039624 -0.100454 
v 0.03048 -0.039624 -0.029718 
v 0.03048 -0.039624 -0.032258 
v 0.00635 -0.039624 -0.032258 
v 0.00635 -0.039624 -0.029718 
v 0.00635 -0.0376428 -0.029718 
v 0.00635 -0.0376428 -0.032258 
v 0.03048 -0.0376428 -0.032258 
v 0.03048 -0.0376428 -0.029718 
vn 0.0436194 0 0.999048 
vn 2.44929e-16 0 1 
vn 0.0871557 0 0.996195 
vn 0.0436194 0 0.999048 
vn 0.130526 0 0.991445 
vn 0.0871557 0 0.996195 
vn 0.173648 0 0.984808 
vn 0.130526 0 0.991445 
vn 0.21644 0 0.976296 
vn 0.173648 0 0.984808 
vn 0.258819 0 0.965926 
vn 0.21644 0 0.976296 
vn 0.300706 0 0.953717 
vn 0.258819 0 0.965926 
vn 0.34202 0 0.939693 
vn 0.300706 0 0.953717 
vn 0.382683 0 0.92388 
vn 0.34202 0 0.939693 
vn 0.422618 0 0.906308 
vn 0.382683 0 0.92388 
vn 0.461749 0 0.887011 
vn 0.422618 0 0.906308 
vn 0.5 0 0.866025 
vn 0.461749 0 0.887011 
vn 0.5373 0 0.843391 
vn 0.5 0 0.866025 
vn 0.573576 0 0.819152 
vn 0.5373 0 0.843391 
vn 0.608761 0 0.793353 
vn 0.573576 0 0.819152 
vn 0.642788 0 0.766044 
vn 0.608761 0 0.793353 
vn 0.67559 0 0.737277 
vn 0.642788 0 0.766044 
vn 0.707107 0 0.707107 
vn 0.67559 0 0.737277 
vn 0.737277 0 0.67559 
vn 0.707107 0 0.707107 
vn 0.766044 0 0.642788 
vn 0.737277 0 0.67559 
vn 0.793353 0 0.608761 
vn 0.766044 0 0.642788 
vn 0.819152 0 0.573576 
vn 0.793353 0 0.608761 
vn 0.843391 0 0.5373 
vn 0.819152 0 0.573576 
vn 0.866025 0 0.5 
vn 0.843391 0 0.5373 
vn 0.887011 0 0.461749 
vn 0.866025 0 0.5 
vn 0.906308 0 0.422618 
vn 0.887011 0 0.461749 
vn 0.92388 0 0.382683 
vn 0.906308 0 0.422618 
vn 0.939693 0 0.34202 
vn 0.92388 0 0.382683 
vn 0.953717 0 0.300706 
vn 0.939693 0 0.34202 
vn 0.965926 0 0.258819 
vn 0.953717 0 0.300706 
vn 0.976296 0 0.21644 
vn 0.965926 0 0.258819 
vn 0.984808 0 0.173648 
vn 0.976296 0 0.21644 
vn 0.991445 0 0.130526 
vn 0.984808 0 0.173648 
vn 0.996195 0 0.0871557 
vn 0.991445 0 0.130526 
vn 0.999048 0 0.0436194 
vn 0.996195 0 0.0871557 
vn 1 0 -1.83697e-16 
vn 0.999048 0 0.0436194 
vn 0.999048 0 -0.0436194 
vn 1 0 -1.83697e-16 
vn 0.996195 0 -0.0871557 
vn 0.999048 0 -0.0436194 
vn 0.991445 0 -0.130526 
vn 0.996195 0 -0.0871557 
vn 0.984808 0 -0.173648 
vn 0.991445 0 -0.130526 
vn 0.976296 0 -0.21644 
vn 0.984808 0 -0.173648 
vn 0.965926 0 -0.258819 
vn 0.976296 0 -0.21644 
vn 0.953717 0 -0.300706 
vn 0.965926 0 -0.258819 
vn 0.939693 0 -0.34202 
vn 0.953717 0 -0.300706 
vn 0.92388 0 -0.382683 
vn 0.939693 0 -0.34202 
vn 0.906308 0 -0.422618 
vn 0.92388 0 -0.382683 
vn 0.887011 0 -0.461749 
vn 0.906308 0 -0.422618 
vn 0.866025 0 -0.5 
vn 0.887011 0 -0.461749 
vn 0.843391 0 -0.5373 
vn 0.866025 0 -0.5 
vn 0.819152 0 -0.573576 
vn 0.843391 0 -0.5373 
vn 0.793353 0 -0.608761 
vn 0.819152 0 -0.573576 
vn 0.766044 0 -0.642788 
vn 0.793353 0 -0.608761 
vn 0.737277 0 -0.67559 
vn 0.766044 0 -0.642788 
vn 0.707107 0 -0.707107 
vn 0.737277 0 -0.67559 
vn 0.67559 0 -0.737277 
vn 0.707107 0 -0.707107 
vn 0.642788 0 -0.766044 
vn 0.67559 0 -0.737277 
vn 0.608761 0 -0.793353 
vn 0.642788 0 -0.766044 
vn 0.573576 0 -0.819152 
vn 0.608761 0 -0.793353 
vn 0.5373 0 -0.843391 
vn 0.573576 0 -0.819152 
vn 0.5 0 -0.866025 
vn 0.5373 0 -0.843391 
vn 0.461749 0 -0.887011 
vn 0.5 0 -0.866025 
vn 0.422618 0 -0.906308 
vn 0.461749 0 -0.887011 
vn 0.382683 0 -0.92388 
vn 0.422618 0 -0.906308 
vn 0.34202 0 -0.939693 
vn 0.382683 0 -0.92388 
vn 0.300706 0 -0.953717 
vn 0.34202 0 -0.939693 
vn 0.258819 0 -0.965926 
vn 0.300706 0 -0.953717 
vn 0.21644 0 -0.976296 
vn 0.258819 0 -0.965926 
vn 0.173648 0 -0.984808 
vn 0.21644 0 -0.976296 
vn 0.130526 0 -0.991445 
vn 0.173648 0 -0.984808 
vn 0.0871557 0 -0.996195 
vn 0.130526 0 -0.991445 
vn 0.0436194 0 -0.999048 
vn 0.0871557 0 -0.996195 
vn -1.22465e-16 0 -1 
vn 0.0436194 0 -0.999048 
vn -0.0436194 0 -0.999048 
vn -1.22465e-16 0 -1 
vn -0.0871557 0 -0.996195 
vn -0.0436194 0 -0.999048 
vn -0.130526 0 -0.991445 
vn -0.0871557 0 -0.996195 
vn -0.173648 0 -0.984808 
vn -0.130526 0 -0.991445 
vn -0.21644 0 -0.976296 
vn -0.173648 0 -0.984808 
vn -0.258819 0 -0.965926 
vn -0.21644 0 -0.976296 
vn -0.300706 0 -0.953717 
vn -0.258819 0 -0.965926 
vn -0.34202 0 -0.939693 
vn -0.300706 0 -0.953717 
vn -0.382683 0 -0.92388 
vn -0.34202 0 -0.939693 
vn -0.422618 0 -0.906308 
vn -0.382683 0 -0.92388 
vn -0.461749 0 -0.887011 
vn -0.422618 0 -0.906308 
vn -0.5 0 -0.866025 
vn -0.461749 0 -0.887011 
vn -0.5373 0 -0.843391 
vn -0.5 0 -0.866025 
vn -0.573576 0 -0.819152 
vn -0.5373 0 -0.843391 
vn -0.608761 0 -0.793353 
vn -0.573576 0 -0.819152 
vn -0.642788 0 -0.766044 
vn -0.608761 0 -0.793353 
vn -0.67559 0 -0.737277 
vn -0.642788 0 -0.766044 
vn -0.707107 0 -0.707107 
vn -0.67559 0 -0.737277 
vn -0.737277 0 -0.67559 
vn -0.707107 0 -0.707107 
vn -0.766044 0 -0.642788 
vn -0.737277 0 -0.67559 
vn -0.793353 0 -0.608761 
vn -0.766044 0 -0.642788 
vn -0.819152 0 -0.573576 
vn -0.793353 0 -0.608761 
vn -0.843391 0 -0.5373 
vn -0.819152 0 -0.573576 
vn -0.866025 0 -0.5 
vn -0.843391 0 -0.5373 
vn -0.887011 0 -0.461749 
vn -0.866025 0 -0.5 
vn -0.906308 0 -0.422618 
vn -0.887011 0 -0.461749 
vn -0.92388 0 -0.382683 
vn -0.906308 0 -0.422618 
vn -0.939693 0 -0.34202 
vn -0.92388 0 -0.382683 
vn -0.953717 0 -0.300706 
vn -0.939693 0 -0.34202 
vn -0.965926 0 -0.258819 
vn -0.953717 0 -0.300706 
vn -0.976296 0 -0.21644 
vn -0.965926 0 -0.258819 
vn -0.984808 0 -0.173648 
vn -0.976296 0 -0.21644 
vn -0.991445 0 -0.130526 
vn -0.984808 0 -0.173648 
vn -0.996195 0 -0.0871557 
vn -0.991445 0 -0.130526 
vn -0.999048 0 -0.0436194 
vn -0.996195 0 -0.0871557 
vn -1 0 6.12323e-17 
vn -0.999048 0 -0.0436194 
vn -0.999048 0 0.0436194 
vn -1 0 6.12323e-17 
vn -0.996195 0 0.0871557 
vn -0.999048 0 0.0436194 
vn -0.991445 0 0.130526 
vn -0.996195 0 0.0871557 
vn -0.984808 0 0.173648 
vn -0.991445 0 0.130526 
vn -0.976296 0 0.21644 
vn -0.984808 0 0.173648 
vn -0.965926 0 0.258819 
vn -0.976296 0 0.21644 
vn -0.953717 0 0.300706 
vn -0.965926 0 0.258819 
vn -0.939693 0 0.34202 
vn -0.953717 0 0.300706 
vn -0.92388 0 0.382683 
vn -0.939693 0 0.34202 
vn -0.906308 0 0.422618 
vn -0.92388 0 0.382683 
vn -0.887011 0 0.461749 
vn -0.906308 0 0.422618 
vn -0.866025 0 0.5 
vn -0.887011 0 0.461749 
vn -0.843391 0 0.5373 
vn -0.866025 0 0.5 
vn -0.819152 0 0.573576 
vn -0.843391 0 0.5373 
vn -0.793353 0 0.608761 
vn -0.819152 0 0.573576 
vn -0.766044 0 0.642788 
vn -0.793353 0 0.608761 
vn -0.737277 0 0.67559 
vn -0.766044 0 0.642788 
vn -0.707107 0 0.707107 
vn -0.737277 0 0.67559 
vn -0.67559 0 0.737277 
vn -0.707107 0 0.707107 
vn -0.642788 0 0.766044 
vn -0.67559 0 0.737277 
vn -0.608761 0 0.793353 
vn -0.642788 0 0.766044 
vn -0.573576 0 0.819152 
vn -0.608761 0 0.793353 
vn -0.5373 0 0.843391 
vn -0.573576 0 0.819152 
vn -0.5 0 0.866025 
vn -0.5373 0 0.843391 
vn -0.461749 0 0.887011 
vn -0.5 0 0.866025 
vn -0.422618 0 0.906308 
vn -0.461749 0 0.887011 
vn -0.382683 0 0.92388 
vn -0.422618 0 0.906308 
vn -0.34202 0 0.939693 
vn -0.382683 0 0.92388 
vn -0.300706 0 0.953717 
vn -0.34202 0 0.939693 
vn -0.258819 0 0.965926 
vn -0.300706 0 0.953717 
vn -0.21644 0 0.976296 
vn -0.258819 0 0.965926 
vn -0.173648 0 0.984808 
vn -0.21644 0 0.976296 
vn -0.130526 0 0.991445 
vn -0.173648 0 0.984808 
vn -0.0871557 0 0.996195 
vn -0.130526 0 0.991445 
vn -0.0436194 0 0.999048 
vn -0.0871557 0 0.996195 
vn 0 -1 0 
vn 0.0436194 0 0.999048 
vn 2.44929e-16 0 1 
vn 0.0871557 0 0.996195 
vn 0.0436194 0 0.999048 
vn 0.130526 0 0.991445 
vn 0.0871557 0 0.996195 
vn 0.173648 0 0.984808 
vn 0.130526 0 0.991445 
vn 0.21644 0 0.976296 
vn 0.173648 0 0.984808 
vn 0.258819 0 0.965926 
vn 0.21644 0 0.976296 
vn 0.300706 0 0.953717 
vn 0.258819 0 0.965926 
vn 0.34202 0 0.939693 
vn 0.300706 0 0.953717 
vn 0.382683 0 0.92388 
vn 0.34202 0 0.939693 
vn 0.422618 0 0.906308 
vn 0.382683 0 0.92388 
vn 0.461749 0 0.887011 
vn 0.422618 0 0.906308 
vn 0.5 0 0.866025 
vn 0.461749 0 0.887011 
vn 0.5373 0 0.843391 
vn 0.5 0 0.866025 
vn 0.573576 0 0.819152 
vn 0.5373 0 0.843391 
vn 0.608761 0 0.793353 
vn 0.573576 0 0.819152 
vn 0.642788 0 0.766044 
vn 0.608761 0 0.793353 
vn 0.67559 0 0.737277 
vn 0.642788 0 0.766044 
vn 0.707107 0 0.707107 
vn 0.67559 0 0.737277 
vn 0.737277 0 0.67559 
vn 0.707107 0 0.707107 
vn 0.766044 0 0.642788 
vn 0.737277 0 0.67559 
vn 0.793353 0 0.608761 
vn 0.766044 0 0.642788 
vn 0.819152 0 0.573576 
vn 0.793353 0 0.608761 
vn 0.843391 0 0.5373 
vn 0.819152 0 0.573576 
vn 0.866025 0 0.5 
vn 0.843391 0 0.5373 
vn 0.887011 0 0.461749 
vn 0.866025 0 0.5 
vn 0.906308 0 0.422618 
vn 0.887011 0 0.461749 
vn 0.92388 0 0.382683 
vn 0.906308 0 0.422618 
vn 0.939693 0 0.34202 
vn 0.92388 0 0.382683 
vn 0.953717 0 0.300706 
vn 0.939693 0 0.34202 
vn 0.965926 0 0.258819 
vn 0.953717 0 0.300706 
vn 0.976296 0 0.21644 
vn 0.965926 0 0.258819 
vn 0.984808 0 0.173648 
vn 0.976296 0 0.21644 
vn 0.991445 0 0.130526 
vn 0.984808 0 0.173648 
vn 0.996195 0 0.0871557 
vn 0.991445 0 0.130526 
vn 0.999048 0 0.0436194 
vn 0.996195 0 0.0871557 
vn 1 0 -1.83697e-16 
vn 0.999048 0 0.0436194 
vn 0.999048 0 -0.0436194 
vn 1 0 -1.83697e-16 
vn 0.996195 0 -0.0871557 
vn 0.999048 0 -0.0436194 
vn 0.991445 0 -0.130526 
vn 0.996195 0 -0.0871557 
vn 0.984808 0 -0.173648 
vn 0.991445 0 -0.130526 
vn 0.976296 0 -0.21644 
vn 0.984808 0 -0.173648 
vn 0.965926 0 -0.258819 
vn 0.976296 0 -0.21644 
vn 0.953717 0 -0.300706 
vn 0.965926 0 -0.258819 
vn 0.939693 0 -0.34202 
vn 0.953717 0 -0.300706 
vn 0.92388 0 -0.382683 
vn 0.939693 0 -0.34202 
vn 0.906308 0 -0.422618 
vn 0.92388 0 -0.382683 
vn 0.887011 0 -0.461749 
vn 0.906308 0 -0.422618 
vn 0.866025 0 -0.5 
vn 0.887011 0 -0.461749 
vn 0.843391 0 -0.5373 
vn 0.866025 0 -0.5 
vn 0.819152 0 -0.573576 
vn 0.843391 0 -0.5373 
vn 0.793353 0 -0.608761 
vn 0.819152 0 -0.573576 
vn 0.766044 0 -0.642788 
vn 0.793353 0 -0.608761 
vn 0.737277 0 -0.67559 
vn 0.766044 0 -0.642788 
vn 0.707107 0 -0.707107 
vn 0.737277 0 -0.67559 
vn 0.67559 0 -0.737277 
vn 0.707107 0 -0.707107 
vn 0.642788 0 -0.766044 
vn 0.67559 0 -0.737277 
vn 0.608761 0 -0.793353 
vn 0.642788 0 -0.766044 
vn 0.573576 0 -0.819152 
vn 0.608761 0 -0.793353 
vn 0.5373 0 -0.843391 
vn 0.573576 0 -0.819152 
vn 0.5 0 -0.866025 
vn 0.5373 0 -0.843391 
vn 0.461749 0 -0.887011 
vn 0.5 0 -0.866025 
vn 0.422618 0 -0.906308 
vn 0.461749 0 -0.887011 
vn 0.382683 0 -0.92388 
vn 0.422618 0 -0.906308 
vn 0.34202 0 -0.939693 
vn 0.382683 0 -0.92388 
vn 0.300706 0 -0.953717 
vn 0.34202 0 -0.939693 
vn 0.258819 0 -0.965926 
vn 0.300706 0 -0.953717 
vn 0.21644 0 -0.976296 
vn 0.258819 0 -0.965926 
vn 0.173648 0 -0.984808 
vn 0.21644 0 -0.976296 
vn 0.130526 0 -0.991445 
vn 0.173648 0 -0.984808 
vn 0.0871557 0 -0.996195 
vn 0.130526 0 -0.991445 
vn 0.0436194 0 -0.999048 
vn 0.0871557 0 -0.996195 
vn -1.22465e-16 0 -1 
vn 0.0436194 0 -0.999048 
vn -0.0436194 0 -0.999048 
vn -1.22465e-16 0 -1 
vn -0.0871557 0 -0.996195 
vn -0.0436194 0 -0.999048 
vn -0.130526 0 -0.991445 
vn -0.0871557 0 -0.996195 
vn -0.173648 0 -0.984808 
vn -0.130526 0 -0.991445 
vn -0.21644 0 -0.976296 
vn -0.173648 0 -0.984808 
vn -0.258819 0 -0.965926 
vn -0.21644 0 -0.976296 
vn -0.300706 0 -0.953717 
vn -0.258819 0 -0.965926 
vn -0.34202 0 -0.939693 
vn -0.300706 0 -0.953717 
vn -0.382683 0 -0.92388 
vn -0.34202 0 -0.939693 
vn -0.422618 0 -0.906308 
vn -0.382683 0 -0.92388 
vn -0.461749 0 -0.887011 
vn -0.422618 0 -0.906308 
vn -0.5 0 -0.866025 
vn -0.461749 0 -0.887011 
vn -0.5373 0 -0.843391 
vn -0.5 0 -0.866025 
vn -0.573576 0 -0.819152 
vn -0.5373 0 -0.843391 
vn -0.608761 0 -0.793353 
vn -0.573576 0 -0.819152 
vn -0.642788 0 -0.766044 
vn -0.608761 0 -0.793353 
vn -0.67559 0 -0.737277 
vn -0.642788 0 -0.766044 
vn -0.707107 0 -0.707107 
vn -0.67559 0 -0.737277 
vn -0.737277 0 -0.67559 
vn -0.707107 0 -0.707107 
vn -0.766044 0 -0.642788 
vn -0.737277 0 -0.67559 
vn -0.793353 0 -0.608761 
vn -0.766044 0 -0.642788 
vn -0.819152 0 -0.573576 
vn -0.793353 0 -0.608761 
vn -0.843391 0 -0.5373 
vn -0.819152 0 -0.573576 
vn -0.866025 0 -0.5 
vn -0.843391 0 -0.5373 
vn -0.887011 0 -0.461749 
vn -0.866025 0 -0.5 
vn -0.906308 0 -0.422618 
vn -0.887011 0 -0.461749 
vn -0.92388 0 -0.382683 
vn -0.906308 0 -0.422618 
vn -0.939693 0 -0.34202 
vn -0.92388 0 -0.382683 
vn -0.953717 0 -0.300706 
vn -0.939693 0 -0.34202 
vn -0.965926 0 -0.258819 
vn -0.953717 0 -0.300706 
vn -0.976296 0 -0.21644 
vn -0.965926 0 -0.258819 
vn -0.984808 0 -0.173648 
vn -0.976296 0 -0.21644 
vn -0.991445 0 -0.130526 
vn -0.984808 0 -0.173648 
vn -0.996195 0 -0.0871557 
vn -0.991445 0 -0.130526 
vn -0.999048 0 -0.0436194 
vn -0.996195 0 -0.0871557 
vn -1 0 6.12323e-17 
vn -0.999048 0 -0.0436194 
vn -0.999048 0 0.0436194 
vn -1 0 6.12323e-17 
vn -0.996195 0 0.0871557 
vn -0.999048 0 0.0436194 
vn -0.991445 0 0.130526 
vn -0.996195 0 0.0871557 
vn -0.984808 0 0.173648 
vn -0.991445 0 0.130526 
vn -0.976296 0 0.21644 
vn -0.984808 0 0.173648 
vn -0.965926 0 0.258819 
vn -0.976296 0 0.21644 
vn -0.953717 0 0.300706 
vn -0.965926 0 0.258819 
vn -0.939693 0 0.34202 
vn -0.953717 0 0.300706 
vn -0.92388 0 0.382683 
vn -0.939693 0 0.34202 
vn -0.906308 0 0.422618 
vn -0.92388 0 0.382683 
vn -0.887011 0 0.461749 
vn -0.906308 0 0.422618 
vn -0.866025 0 0.5 
vn -0.887011 0 0.461749 
vn -0.843391 0 0.5373 
vn -0.866025 0 0.5 
vn -0.819152 0 0.573576 
vn -0.843391 0 0.5373 
vn -0.793353 0 0.608761 
vn -0.819152 0 0.573576 
vn -0.766044 0 0.642788 
vn -0.793353 0 0.608761 
vn -0.737277 0 0.67559 
vn -0.766044 0 0.642788 
vn -0.707107 0 0.707107 
vn -0.737277 0 0.67559 
vn -0.67559 0 0.737277 
vn -0.707107 0 0.707107 
vn -0.642788 0 0.766044 
vn -0.67559 0 0.737277 
vn -0.608761 0 0.793353 
vn -0.642788 0 0.766044 
vn -0.573576 0 0.819152 
vn -0.608761 0 0.793353 
vn -0.5373 0 0.843391 
vn -0.573576 0 0.819152 
vn -0.5 0 0.866025 
vn -0.5373 0 0.843391 
vn -0.461749 0 0.887011 
vn -0.5 0 0.866025 
vn -0.422618 0 0.906308 
vn -0.461749 0 0.887011 
vn -0.382683 0 0.92388 
vn -0.422618 0 0.906308 
vn -0.34202 0 0.939693 
vn -0.382683 0 0.92388 
vn -0.300706 0 0.953717 
vn -0.34202 0 0.939693 
vn -0.258819 0 0.965926 
vn -0.300706 0 0.953717 
vn -0.21644 0 0.976296 
vn -0.258819 0 0.965926 
vn -0.173648 0 0.984808 
vn -0.21644 0 0.976296 
vn -0.130526 0 0.991445 
vn -0.173648 0 0.984808 
vn -0.0871557 0 0.996195 
vn -0.130526 0 0.991445 
vn -0.0436194 0 0.999048 
vn -0.0871557 0 0.996195 
vn 0 1 0 
vn 0 0 -1 
vn 1 0 -2.27654e-16 
vn -1.7074e-16 0 1 
vn -1 0 0 
vn 1 0 1.7074e-16 
vn -0.0460471 0 -0.998939 
vn -0.00250169 0 -0.999997 
vn -0.0895051 0 -0.995986 
vn -0.0460471 0 -0.998939 
vn -0.132793 0 -0.991144 
vn -0.0895051 0 -0.995986 
vn -0.175829 0 -0.984421 
vn -0.132793 0 -0.991144 
vn -0.218532 0 -0.97583 
vn -0.175829 0 -0.984421 
vn -0.26082 0 -0.965387 
vn -0.218532 0 -0.97583 
vn -0.302613 0 -0.953113 
vn -0.26082 0 -0.965387 
vn -0.343832 0 -0.939031 
vn -0.302613 0 -0.953113 
vn -0.384399 0 -0.923167 
vn -0.343832 0 -0.939031 
vn -0.424236 0 -0.905552 
vn -0.384399 0 -0.923167 
vn -0.463269 0 -0.886218 
vn -0.424236 0 -0.905552 
vn -0.501422 0 -0.865203 
vn -0.463269 0 -0.886218 
vn -0.538624 0 -0.842546 
vn -0.501422 0 -0.865203 
vn -0.574804 0 -0.818291 
vn -0.538624 0 -0.842546 
vn -0.609894 0 -0.792483 
vn -0.574804 0 -0.818291 
vn -0.643826 0 -0.765172 
vn -0.609894 0 -0.792483 
vn -0.676537 0 -0.736409 
vn -0.643826 0 -0.765172 
vn -0.707964 0 -0.706248 
vn -0.676537 0 -0.736409 
vn -0.738048 0 -0.674748 
vn -0.707964 0 -0.706248 
vn -0.766732 0 -0.641968 
vn -0.738048 0 -0.674748 
vn -0.793961 0 -0.607969 
vn -0.766732 0 -0.641968 
vn -0.819683 0 -0.572817 
vn -0.793961 0 -0.607969 
vn -0.843851 0 -0.536578 
vn -0.819683 0 -0.572817 
vn -0.866417 0 -0.499321 
vn -0.843851 0 -0.536578 
vn -0.887339 0 -0.461117 
vn -0.866417 0 -0.499321 
vn -0.906578 0 -0.422038 
vn -0.887339 0 -0.461117 
vn -0.924097 0 -0.382158 
vn -0.906578 0 -0.422038 
vn -0.939863 0 -0.341553 
vn -0.924097 0 -0.382158 
vn -0.953845 0 -0.3003 
vn -0.939863 0 -0.341553 
vn -0.966017 0 -0.258477 
vn -0.953845 0 -0.3003 
vn -0.976357 0 -0.216164 
vn -0.966017 0 -0.258477 
vn -0.984844 0 -0.17344 
vn -0.976357 0 -0.216164 
vn -0.991463 0 -0.130388 
vn -0.984844 0 -0.17344 
vn -0.996201 0 -0.087088 
vn -0.991463 0 -0.130388 
vn -0.999048 0 -0.043623 
vn -0.996201 0 -0.087088 
vn -1 0 -7.52011e-05 
vn -0.999048 0 -0.043623 
vn -0.999055 0 0.0434727 
vn -1 0 -7.52011e-05 
vn -0.996214 0 0.0869382 
vn -0.999055 0 0.0434727 
vn -0.991483 0 0.130239 
vn -0.996214 0 0.0869382 
vn -0.98487 0 0.173292 
vn -0.991483 0 0.130239 
vn -0.97639 0 0.216017 
vn -0.98487 0 0.173292 
vn -0.966056 0 0.258332 
vn -0.97639 0 0.216017 
vn -0.95389 0 0.300156 
vn -0.966056 0 0.258332 
vn -0.939914 0 0.341411 
vn -0.95389 0 0.300156 
vn -0.924155 0 0.382019 
vn -0.939914 0 0.341411 
vn -0.906642 0 0.421901 
vn -0.924155 0 0.382019 
vn -0.887409 0 0.460983 
vn -0.906642 0 0.421901 
vn -0.866492 0 0.499191 
vn -0.887409 0 0.460983 
vn -0.843931 0 0.536451 
vn -0.866492 0 0.499191 
vn -0.819769 0 0.572694 
vn -0.843931 0 0.536451 
vn -0.794052 0 0.60785 
vn -0.819769 0 0.572694 
vn -0.766828 0 0.641852 
vn -0.794052 0 0.60785 
vn -0.73815 0 0.674637 
vn -0.766828 0 0.641852 
vn -0.70807 0 0.706142 
vn -0.73815 0 0.674637 
vn -0.676648 0 0.736307 
vn -0.70807 0 0.706142 
vn -0.643941 0 0.765075 
vn -0.676648 0 0.736307 
vn -0.610013 0 0.792391 
vn -0.643941 0 0.765075 
vn -0.574927 0 0.818205 
vn -0.610013 0 0.792391 
vn -0.538751 0 0.842465 
vn -0.574927 0 0.818205 
vn -0.501552 0 0.865127 
vn -0.538751 0 0.842465 
vn -0.463402 0 0.886148 
vn -0.501552 0 0.865127 
vn -0.424372 0 0.905488 
vn -0.463402 0 0.886148 
vn -0.384538 0 0.923109 
vn -0.424372 0 0.905488 
vn -0.343973 0 0.938979 
vn -0.384538 0 0.923109 
vn -0.302757 0 0.953068 
vn -0.343973 0 0.938979 
vn -0.260965 0 0.965348 
vn -0.302757 0 0.953068 
vn -0.218679 0 0.975797 
vn -0.260965 0 0.965348 
vn -0.175978 0 0.984394 
vn -0.218679 0 0.975797 
vn -0.132942 0 0.991124 
vn -0.175978 0 0.984394 
vn -0.0896549 0 0.995973 
vn -0.132942 0 0.991124 
vn -0.0461973 0 0.998932 
vn -0.0896549 0 0.995973 
vn -0.00265209 0 0.999996 
vn -0.0461973 0 0.998932 
vn -1 0 -7.52011e-05 
vn 0 -1 0 
vn -0.0451765 0 -0.998979 
vn -0.00160538 0 -0.999999 
vn -0.0886619 0 -0.996062 
vn -0.0451765 0 -0.998979 
vn -0.131979 0 -0.991253 
vn -0.0886619 0 -0.996062 
vn -0.175045 0 -0.98456 
vn -0.131979 0 -0.991253 
vn -0.217779 0 -0.975998 
vn -0.175045 0 -0.98456 
vn -0.260099 0 -0.965582 
vn -0.217779 0 -0.975998 
vn -0.301925 0 -0.953332 
vn -0.260099 0 -0.965582 
vn -0.343178 0 -0.939271 
vn -0.301925 0 -0.953332 
vn -0.383778 0 -0.923425 
vn -0.343178 0 -0.939271 
vn -0.42365 0 -0.905826 
vn -0.383778 0 -0.923425 
vn -0.462717 0 -0.886506 
vn -0.42365 0 -0.905826 
vn -0.500905 0 -0.865502 
vn -0.462717 0 -0.886506 
vn -0.538141 0 -0.842855 
vn -0.500905 0 -0.865502 
vn -0.574356 0 -0.818606 
vn -0.538141 0 -0.842855 
vn -0.609479 0 -0.792802 
vn -0.574356 0 -0.818606 
vn -0.643445 0 -0.765492 
vn -0.609479 0 -0.792802 
vn -0.676188 0 -0.736729 
vn -0.643445 0 -0.765492 
vn -0.707648 0 -0.706566 
vn -0.676188 0 -0.736729 
vn -0.737762 0 -0.67506 
vn -0.707648 0 -0.706566 
vn -0.766476 0 -0.642273 
vn -0.737762 0 -0.67506 
vn -0.793734 0 -0.608265 
vn -0.766476 0 -0.642273 
vn -0.819484 0 -0.573103 
vn -0.793734 0 -0.608265 
vn -0.843677 0 -0.536851 
vn -0.819484 0 -0.573103 
vn -0.866268 0 -0.49958 
vn -0.843677 0 -0.536851 
vn -0.887213 0 -0.46136 
vn -0.866268 0 -0.49958 
vn -0.906473 0 -0.422263 
vn -0.887213 0 -0.46136 
vn -0.924011 0 -0.382365 
vn -0.906473 0 -0.422263 
vn -0.939795 0 -0.34174 
vn -0.924011 0 -0.382365 
vn -0.953793 0 -0.300466 
vn -0.939795 0 -0.34174 
vn -0.965979 0 -0.258621 
vn -0.953793 0 -0.300466 
vn -0.97633 0 -0.216285 
vn -0.965979 0 -0.258621 
vn -0.984827 0 -0.173538 
vn -0.97633 0 -0.216285 
vn -0.991453 0 -0.130462 
vn -0.984827 0 -0.173538 
vn -0.996196 0 -0.0871376 
vn -0.991453 0 -0.130462 
vn -0.999047 0 -0.0436479 
vn -0.996196 0 -0.0871376 
vn -1 0 -7.52011e-05 
vn -0.999047 0 -0.0436479 
vn -0.999054 0 0.0434976 
vn -1 0 -7.52011e-05 
vn -0.996209 0 0.0869878 
vn -0.999054 0 0.0434976 
vn -0.991473 0 0.130313 
vn -0.996209 0 0.0869878 
vn -0.984853 0 0.17339 
vn -0.991473 0 0.130313 
vn -0.976363 0 0.216138 
vn -0.984853 0 0.17339 
vn -0.966018 0 0.258476 
vn -0.976363 0 0.216138 
vn -0.953838 0 0.300322 
vn -0.966018 0 0.258476 
vn -0.939846 0 0.341599 
vn -0.953838 0 0.300322 
vn -0.924069 0 0.382226 
vn -0.939846 0 0.341599 
vn -0.906537 0 0.422127 
vn -0.924069 0 0.382226 
vn -0.887283 0 0.461226 
vn -0.906537 0 0.422127 
vn -0.866343 0 0.49945 
vn -0.887283 0 0.461226 
vn -0.843758 0 0.536724 
vn -0.866343 0 0.49945 
vn -0.81957 0 0.572979 
vn -0.843758 0 0.536724 
vn -0.793825 0 0.608146 
vn -0.81957 0 0.572979 
vn -0.766573 0 0.642158 
vn -0.793825 0 0.608146 
vn -0.737864 0 0.674949 
vn -0.766573 0 0.642158 
vn -0.707754 0 0.706459 
vn -0.737864 0 0.674949 
vn -0.676299 0 0.736627 
vn -0.707754 0 0.706459 
vn -0.64356 0 0.765396 
vn -0.676299 0 0.736627 
vn -0.609599 0 0.79271 
vn -0.64356 0 0.765396 
vn -0.574479 0 0.818519 
vn -0.609599 0 0.79271 
vn -0.538268 0 0.842774 
vn -0.574479 0 0.818519 
vn -0.501035 0 0.865427 
vn -0.538268 0 0.842774 
vn -0.46285 0 0.886437 
vn -0.501035 0 0.865427 
vn -0.423786 0 0.905762 
vn -0.46285 0 0.886437 
vn -0.383917 0 0.923368 
vn -0.423786 0 0.905762 
vn -0.343319 0 0.939219 
vn -0.383917 0 0.923368 
vn -0.302068 0 0.953286 
vn -0.343319 0 0.939219 
vn -0.260244 0 0.965543 
vn -0.302068 0 0.953286 
vn -0.217926 0 0.975965 
vn -0.260244 0 0.965543 
vn -0.175193 0 0.984534 
vn -0.217926 0 0.975965 
vn -0.132128 0 0.991233 
vn -0.175193 0 0.984534 
vn -0.0888117 0 0.996048 
vn -0.132128 0 0.991233 
vn -0.0453268 0 0.998972 
vn -0.0888117 0 0.996048 
vn -0.00175578 0 0.999998 
vn -0.0453268 0 0.998972 
vn 0 -1 0 
vn 1 0 0 
vn -1.7074e-16 0 1 
vn -1 0 0 
vn 0 0 -1 
vn 0 -1 0 
usemtl 0.615686_0.811765_0.929412_0.000000_0.000000
o mesh0
f 1//1 2//2 3//2 
f 4//3 1//1 5//4 
f 6//5 4//3 7//6 
f 8//7 6//5 9//8 
f 10//9 8//7 11//10 
f 12//11 10//9 13//12 
f 14//13 12//11 15//14 
f 16//15 14//13 17//16 
f 18//17 16//15 19//18 
f 20//19 18//17 21//20 
f 22//21 20//19 23//22 
f 24//23 22//21 25//24 
f 26//25 24//23 27//26 
f 28//27 26//25 29//28 
f 30//29 28//27 31//30 
f 32//31 30//29 33//32 
f 34//33 32//31 35//34 
f 36//35 34//33 37//36 
f 38//37 36//35 39//38 
f 40//39 38//37 41//40 
f 42//41 40//39 43//42 
f 44//43 42//41 45//44 
f 46//45 44//43 47//46 
f 48//47 46//45 49//48 
f 50//49 48//47 51//50 
f 52//51 50//49 53//52 
f 54//53 52//51 55//54 
f 56//55 54//53 57//56 
f 58//57 56//55 59//58 
f 60//59 58//57 61//60 
f 62//61 60//59 63//62 
f 64//63 62//61 65//64 
f 66//65 64//63 67//66 
f 68//67 66//65 69//68 
f 70//69 68//67 71//70 
f 72//71 70//69 73//72 
f 74//73 72//71 75//74 
f 76//75 74//73 77//76 
f 78//77 76//75 79//78 
f 80//79 78//77 81//80 
f 82//81 80//79 83//82 
f 84//83 82//81 85//84 
f 86//85 84//83 87//86 
f 88//87 86//85 89//88 
f 90//89 88//87 91//90 
f 92//91 90//89 93//92 
f 94//93 92//91 95//94 
f 96//95 94//93 97//96 
f 98//97 96//95 99//98 
f 100//99 98//97 101//100 
f 102//101 100//99 103//102 
f 104//103 102//101 105//104 
f 106//105 104//103 107//106 
f 108//107 106//105 109//108 
f 110//109 108//107 111//110 
f 112//111 110//109 113//112 
f 114//113 112//111 115//114 
f 116//115 114//113 117//116 
f 118//117 116//115 119//118 
f 120//119 118//117 121//120 
f 122//121 120//119 123//122 
f 124//123 122//121 125//124 
f 126//125 124//123 127//126 
f 128//127 126//125 129//128 
f 130//129 128//127 131//130 
f 132//131 130//129 133//132 
f 134//133 132//131 135//134 
f 136//135 134//133 137//136 
f 138//137 136//135 139//138 
f 140//139 138//137 141//140 
f 142//141 140//139 143//142 
f 144//143 142//141 145//144 
f 146//145 144//143 147//146 
f 148//147 146//145 149//148 
f 150//149 148//147 151//150 
f 152//151 150//149 153//152 
f 154//153 152//151 155//154 
f 156//155 154//153 157//156 
f 158//157 156//155 159//158 
f 160//159 158//157 161//160 
f 162//161 160//159 163//162 
f 164//163 162//161 165//164 
f 166//165 164//163 167//166 
f 168//167 166//165 169//168 
f 170//169 168//167 171//170 
f 172//171 170//169 173//172 
f 174//173 172//171 175//174 
f 176//175 174//173 177//176 
f 178//177 176//175 179//178 
f 180//179 178//177 181//180 
f 182//181 180//179 183//182 
f 184//183 182//181 185//184 
f 186//185 184//183 187//186 
f 188//187 186//185 189//188 
f 190//189 188//187 191//190 
f 192//191 190//189 193//192 
f 194//193 192//191 195//194 
f 196//195 194//193 197//196 
f 198//197 196//195 199//198 
f 200//199 198//197 201//200 
f 202//201 200//199 203//202 
f 204//203 202//201 205//204 
f 206//205 204//203 207//206 
f 208//207 206//205 209//208 
f 210//209 208//207 211//210 
f 212//211 210//209 213//212 
f 214//213 212//211 215//214 
f 216//215 214//213 217//216 
f 218//217 216//215 219//218 
f 220//219 218//217 221//220 
f 222//221 220//219 223//222 
f 224//223 222//221 225//224 
f 226//225 224//223 227//226 
f 228//227 226//225 229//228 
f 230//229 228//227 231//230 
f 232//231 230//229 233//232 
f 234//233 232//231 235//234 
f 236//235 234//233 237//236 
f 238//237 236//235 239//238 
f 240//239 238//237 241//240 
f 242//241 240//239 243//242 
f 244//243 242//241 245//244 
f 246//245 244//243 247//246 
f 248//247 246//245 249//248 
f 250//249 248//247 251//250 
f 252//251 250//249 253//252 
f 254//253 252//251 255//254 
f 256//255 254//253 257//256 
f 258//257 256//255 259//258 
f 260//259 258//257 261//260 
f 262//261 260//259 263//262 
f 264//263 262//261 265//264 
f 266//265 264//263 267//266 
f 268//267 266//265 269//268 
f 270//269 268//267 271//270 
f 272//271 270//269 273//272 
f 274//273 272//271 275//274 
f 276//275 274//273 277//276 
f 278//277 276//275 279//278 
f 280//279 278//277 281//280 
f 282//281 280//279 283//282 
f 284//283 282//281 285//284 
f 286//285 284//283 287//286 
f 2//2 286//285 288//285 
f 288//285 3//2 2//2 
f 287//286 288//285 286//285 
f 285//284 287//286 284//283 
f 283//282 285//284 282//281 
f 281//280 283//282 280//279 
f 279//278 281//280 278//277 
f 277//276 279//278 276//275 
f 275//274 277//276 274//273 
f 273//272 275//274 272//271 
f 271//270 273//272 270//269 
f 269//268 271//270 268//267 
f 267//266 269//268 266//265 
f 265//264 267//266 264//263 
f 263//262 265//264 262//261 
f 261//260 263//262 260//259 
f 259//258 261//260 258//257 
f 257//256 259//258 256//255 
f 255//254 257//256 254//253 
f 253//252 255//254 252//251 
f 251//250 253//252 250//249 
f 249//248 251//250 248//247 
f 247//246 249//248 246//245 
f 245//244 247//246 244//243 
f 243//242 245//244 242//241 
f 241//240 243//242 240//239 
f 239//238 241//240 238//237 
f 237//236 239//238 236//235 
f 235//234 237//236 234//233 
f 233//232 235//234 232//231 
f 231//230 233//232 230//229 
f 229//228 231//230 228//227 
f 227//226 229//228 226//225 
f 225//224 227//226 224//223 
f 223//222 225//224 222//221 
f 221//220 223//222 220//219 
f 219//218 221//220 218//217 
f 217//216 219//218 216//215 
f 215//214 217//216 214//213 
f 213//212 215//214 212//211 
f 211//210 213//212 210//209 
f 209//208 211//210 208//207 
f 207//206 209//208 206//205 
f 205//204 207//206 204//203 
f 203//202 205//204 202//201 
f 201//200 203//202 200//199 
f 199//198 201//200 198//197 
f 197//196 199//198 196//195 
f 195//194 197//196 194//193 
f 193//192 195//194 192//191 
f 191//190 193//192 190//189 
f 189//188 191//190 188//187 
f 187//186 189//188 186//185 
f 185//184 187//186 184//183 
f 183//182 185//184 182//181 
f 181//180 183//182 180//179 
f 179//178 181//180 178//177 
f 177//176 179//178 176//175 
f 175//174 177//176 174//173 
f 173//172 175//174 172//171 
f 171//170 173//172 170//169 
f 169//168 171//170 168//167 
f 167//166 169//168 166//165 
f 165//164 167//166 164//163 
f 163//162 165//164 162//161 
f 161//160 163//162 160//159 
f 159//158 161//160 158//157 
f 157//156 159//158 156//155 
f 155//154 157//156 154//153 
f 153//152 155//154 152//151 
f 151//150 153//152 150//149 
f 149//148 151//150 148//147 
f 147//146 149//148 146//145 
f 145//144 147//146 144//143 
f 143//142 145//144 142//141 
f 141//140 143//142 140//139 
f 139//138 141//140 138//137 
f 137//136 139//138 136//135 
f 135//134 137//136 134//133 
f 133//132 135//134 132//131 
f 131//130 133//132 130//129 
f 129//128 131//130 128//127 
f 127//126 129//128 126//125 
f 125//124 127//126 124//123 
f 123//122 125//124 122//121 
f 121//120 123//122 120//119 
f 119//118 121//120 118//117 
f 117//116 119//118 116//115 
f 115//114 117//116 114//113 
f 113//112 115//114 112//111 
f 111//110 113//112 110//109 
f 109//108 111//110 108//107 
f 107//106 109//108 106//105 
f 105//104 107//106 104//103 
f 103//102 105//104 102//101 
f 101//100 103//102 100//99 
f 99//98 101//100 98//97 
f 97//96 99//98 96//95 
f 95//94 97//96 94//93 
f 93//92 95//94 92//91 
f 91//90 93//92 90//89 
f 89//88 91//90 88//87 
f 87//86 89//88 86//85 
f 85//84 87//86 84//83 
f 83//82 85//84 82//81 
f 81//80 83//82 80//79 
f 79//78 81//80 78//77 
f 77//76 79//78 76//75 
f 75//74 77//76 74//73 
f 73//72 75//74 72//71 
f 71//70 73//72 70//69 
f 69//68 71//70 68//67 
f 67//66 69//68 66//65 
f 65//64 67//66 64//63 
f 63//62 65//64 62//61 
f 61//60 63//62 60//59 
f 59//58 61//60 58//57 
f 57//56 59//58 56//55 
f 55//54 57//56 54//53 
f 53//52 55//54 52//51 
f 51//50 53//52 50//49 
f 49//48 51//50 48//47 
f 47//46 49//48 46//45 
f 45//44 47//46 44//43 
f 43//42 45//44 42//41 
f 41//40 43//42 40//39 
f 39//38 41//40 38//37 
f 37//36 39//38 36//35 
f 35//34 37//36 34//33 
f 33//32 35//34 32//31 
f 31//30 33//32 30//29 
f 29//28 31//30 28//27 
f 27//26 29//28 26//25 
f 25//24 27//26 24//23 
f 23//22 25//24 22//21 
f 21//20 23//22 20//19 
f 19//18 21//20 18//17 
f 17//16 19//18 16//15 
f 15//14 17//16 14//13 
f 13//12 15//14 12//11 
f 11//10 13//12 10//9 
f 9//8 11//10 8//7 
f 7//6 9//8 6//5 
f 5//4 7//6 4//3 
f 3//2 5//4 1//1 
o mesh1
f 289//287 228//287 230//287 
f 289//287 290//287 226//287 
f 226//287 228//287 289//287 
f 290//287 291//287 224//287 
f 292//287 222//287 224//287 
f 292//287 293//287 220//287 
f 294//287 28//287 30//287 
f 295//287 26//287 28//287 
f 296//287 24//287 26//287 
f 296//287 297//287 22//287 
f 298//287 248//287 250//287 
f 298//287 299//287 246//287 
f 300//287 301//287 242//287 
f 301//287 302//287 240//287 
f 303//287 236//287 238//287 
f 303//287 304//287 234//287 
f 305//287 232//287 234//287 
f 306//287 230//287 232//287 
f 224//287 226//287 290//287 
f 220//287 222//287 292//287 
f 307//287 204//287 206//287 
f 307//287 308//287 202//287 
f 309//287 124//287 126//287 
f 309//287 310//287 122//287 
f 311//287 32//287 34//287 
f 311//287 312//287 30//287 
f 28//287 294//287 295//287 
f 22//287 24//287 296//287 
f 313//287 250//287 252//287 
f 246//287 248//287 298//287 
f 300//287 244//287 246//287 
f 240//287 242//287 301//287 
f 314//287 238//287 240//287 
f 234//287 236//287 303//287 
f 232//287 305//287 306//287 
f 224//287 291//287 292//287 
f 315//287 216//287 218//287 
f 315//287 316//287 214//287 
f 317//287 210//287 212//287 
f 317//287 318//287 208//287 
f 319//287 206//287 208//287 
f 202//287 204//287 307//287 
f 320//287 182//287 184//287 
f 320//287 321//287 180//287 
f 322//287 178//287 180//287 
f 322//287 323//287 176//287 
f 324//287 150//287 152//287 
f 324//287 325//287 148//287 
f 326//287 144//287 146//287 
f 326//287 327//287 142//287 
f 328//287 132//287 134//287 
f 328//287 329//287 130//287 
f 122//287 124//287 309//287 
f 310//287 330//287 120//287 
f 331//287 78//287 80//287 
f 331//287 332//287 76//287 
f 333//287 72//287 74//287 
f 333//287 334//287 70//287 
f 30//287 32//287 311//287 
f 26//287 295//287 296//287 
f 250//287 313//287 298//287 
f 242//287 244//287 300//287 
f 238//287 314//287 303//287 
f 230//287 306//287 289//287 
f 335//287 218//287 220//287 
f 214//287 216//287 315//287 
f 208//287 210//287 317//287 
f 206//287 319//287 307//287 
f 308//287 336//287 200//287 
f 336//287 337//287 198//287 
f 338//287 194//287 196//287 
f 338//287 339//287 192//287 
f 340//287 186//287 188//287 
f 340//287 341//287 184//287 
f 180//287 182//287 320//287 
f 176//287 178//287 322//287 
f 342//287 164//287 166//287 
f 342//287 343//287 162//287 
f 344//287 156//287 158//287 
f 344//287 345//287 154//287 
f 345//287 346//287 152//287 
f 148//287 150//287 324//287 
f 347//287 146//287 148//287 
f 142//287 144//287 326//287 
f 348//287 138//287 140//287 
f 348//287 349//287 136//287 
f 350//287 134//287 136//287 
f 130//287 132//287 328//287 
f 120//287 122//287 310//287 
f 330//287 351//287 118//287 
f 352//287 84//287 86//287 
f 352//287 353//287 82//287 
f 353//287 354//287 80//287 
f 76//287 78//287 331//287 
f 355//287 74//287 76//287 
f 70//287 72//287 333//287 
f 356//287 54//287 56//287 
f 356//287 357//287 52//287 
f 358//287 48//287 50//287 
f 358//287 359//287 46//287 
f 360//287 44//287 46//287 
f 360//287 361//287 42//287 
f 30//287 312//287 294//287 
f 362//287 20//287 22//287 
f 363//287 18//287 20//287 
f 363//287 364//287 16//287 
f 365//287 6//287 8//287 
f 365//287 366//287 4//287 
f 367//287 1//287 4//287 
f 368//287 2//287 1//287 
f 246//287 299//287 300//287 
f 234//287 304//287 305//287 
f 218//287 335//287 315//287 
f 316//287 369//287 212//287 
f 208//287 318//287 319//287 
f 198//287 200//287 336//287 
f 370//287 196//287 198//287 
f 192//287 194//287 338//287 
f 184//287 186//287 340//287 
f 180//287 321//287 322//287 
f 371//287 174//287 176//287 
f 371//287 372//287 172//287 
f 373//287 166//287 168//287 
f 162//287 164//287 342//287 
f 374//287 160//287 162//287 
f 374//287 375//287 158//287 
f 154//287 156//287 344//287 
f 152//287 346//287 324//287 
f 146//287 347//287 326//287 
f 327//287 376//287 140//287 
f 136//287 138//287 348//287 
f 134//287 350//287 328//287 
f 329//287 377//287 128//287 
f 377//287 378//287 126//287 
f 118//287 120//287 330//287 
f 379//287 116//287 118//287 
f 380//287 114//287 116//287 
f 380//287 381//287 112//287 
f 82//287 84//287 352//287 
f 80//287 354//287 331//287 
f 74//287 355//287 333//287 
f 334//287 382//287 68//287 
f 383//287 66//287 68//287 
f 383//287 384//287 64//287 
f 385//287 62//287 64//287 
f 385//287 386//287 60//287 
f 52//287 54//287 356//287 
f 357//287 387//287 50//287 
f 46//287 48//287 358//287 
f 42//287 44//287 360//287 
f 388//287 40//287 42//287 
f 388//287 389//287 38//287 
f 22//287 297//287 362//287 
f 16//287 18//287 363//287 
f 364//287 390//287 14//287 
f 390//287 391//287 12//287 
f 392//287 10//287 12//287 
f 392//287 393//287 8//287 
f 4//287 6//287 365//287 
f 1//287 367//287 368//287 
f 394//287 276//287 278//287 
f 394//287 395//287 274//287 
f 396//287 268//287 270//287 
f 396//287 397//287 266//287 
f 398//287 262//287 264//287 
f 399//287 260//287 262//287 
f 399//287 400//287 258//287 
f 400//287 401//287 256//287 
f 240//287 302//287 314//287 
f 212//287 214//287 316//287 
f 200//287 202//287 308//287 
f 196//287 370//287 338//287 
f 402//287 190//287 192//287 
f 402//287 403//287 188//287 
f 184//287 341//287 320//287 
f 172//287 174//287 371//287 
f 404//287 170//287 172//287 
f 404//287 405//287 168//287 
f 166//287 373//287 342//287 
f 158//287 160//287 374//287 
f 152//287 154//287 345//287 
f 140//287 142//287 327//287 
f 136//287 349//287 350//287 
f 126//287 128//287 377//287 
f 118//287 351//287 379//287 
f 112//287 114//287 380//287 
f 406//287 110//287 112//287 
f 406//287 407//287 108//287 
f 408//287 102//287 104//287 
f 409//287 100//287 102//287 
f 410//287 90//287 92//287 
f 410//287 411//287 88//287 
f 80//287 82//287 353//287 
f 68//287 70//287 334//287 
f 64//287 66//287 383//287 
f 60//287 62//287 385//287 
f 412//287 56//287 58//287 
f 50//287 52//287 357//287 
f 46//287 359//287 360//287 
f 38//287 40//287 388//287 
f 413//287 36//287 38//287 
f 413//287 414//287 34//287 
f 20//287 362//287 363//287 
f 12//287 14//287 390//287 
f 8//287 10//287 392//287 
f 4//287 366//287 367//287 
f 415//287 282//287 284//287 
f 415//287 416//287 280//287 
f 417//287 278//287 280//287 
f 274//287 276//287 394//287 
f 266//287 268//287 396//287 
f 397//287 418//287 264//287 
f 262//287 398//287 399//287 
f 256//287 258//287 400//287 
f 419//287 254//287 256//287 
f 419//287 420//287 252//287 
f 220//287 293//287 335//287 
f 198//287 337//287 370//287 
f 188//287 190//287 402//287 
f 176//287 323//287 371//287 
f 168//287 170//287 404//287 
f 162//287 343//287 374//287 
f 148//287 325//287 347//287 
f 128//287 130//287 329//287 
f 116//287 379//287 380//287 
f 108//287 110//287 406//287 
f 102//287 408//287 409//287 
f 409//287 421//287 98//287 
f 422//287 96//287 98//287 
f 422//287 423//287 94//287 
f 424//287 92//287 94//287 
f 88//287 90//287 410//287 
f 76//287 332//287 355//287 
f 64//287 384//287 385//287 
f 425//287 58//287 60//287 
f 56//287 412//287 356//287 
f 42//287 361//287 388//287 
f 34//287 36//287 413//287 
f 14//287 16//287 364//287 
f 8//287 393//287 365//287 
f 368//287 426//287 286//287 
f 426//287 427//287 284//287 
f 280//287 282//287 415//287 
f 278//287 417//287 394//287 
f 264//287 266//287 397//287 
f 258//287 260//287 399//287 
f 252//287 254//287 419//287 
f 212//287 369//287 317//287 
f 188//287 403//287 340//287 
f 168//287 405//287 373//287 
f 140//287 376//287 348//287 
f 112//287 381//287 406//287 
f 98//287 100//287 409//287 
f 94//287 96//287 422//287 
f 92//287 424//287 410//287 
f 411//287 428//287 86//287 
f 68//287 382//287 383//287 
f 58//287 425//287 412//287 
f 38//287 389//287 413//287 
f 12//287 391//287 392//287 
f 284//287 286//287 426//287 
f 280//287 416//287 417//287 
f 429//287 272//287 274//287 
f 429//287 430//287 270//287 
f 264//287 418//287 398//287 
f 252//287 420//287 313//287 
f 172//287 372//287 404//287 
f 126//287 378//287 309//287 
f 98//287 421//287 422//287 
f 86//287 88//287 411//287 
f 60//287 386//287 425//287 
f 34//287 414//287 311//287 
f 284//287 427//287 415//287 
f 270//287 272//287 429//287 
f 256//287 401//287 419//287 
f 158//287 375//287 344//287 
f 431//287 106//287 108//287 
f 431//287 432//287 104//287 
f 94//287 423//287 424//287 
f 50//287 387//287 358//287 
f 274//287 395//287 429//287 
f 192//287 339//287 402//287 
f 104//287 106//287 431//287 
f 86//287 428//287 352//287 
f 270//287 430//287 396//287 
f 104//287 432//287 408//287 
f 108//287 407//287 431//287 
f 286//287 2//287 368//287 
o mesh2
f 433//288 434//289 368//289 
f 435//290 433//288 367//291 
f 436//292 435//290 366//293 
f 437//294 436//292 365//295 
f 438//296 437//294 393//297 
f 439//298 438//296 392//299 
f 440//300 439//298 391//301 
f 441//302 440//300 390//303 
f 442//304 441//302 364//305 
f 443//306 442//304 363//307 
f 444//308 443//306 362//309 
f 445//310 444//308 297//311 
f 446//312 445//310 296//313 
f 447//314 446//312 295//315 
f 448//316 447//314 294//317 
f 449//318 448//316 312//319 
f 450//320 449//318 311//321 
f 451//322 450//320 414//323 
f 452//324 451//322 413//325 
f 453//326 452//324 389//327 
f 454//328 453//326 388//329 
f 455//330 454//328 361//331 
f 456//332 455//330 360//333 
f 457//334 456//332 359//335 
f 458//336 457//334 358//337 
f 459//338 458//336 387//339 
f 460//340 459//338 357//341 
f 461//342 460//340 356//343 
f 462//344 461//342 412//345 
f 463//346 462//344 425//347 
f 464//348 463//346 386//349 
f 465//350 464//348 385//351 
f 466//352 465//350 384//353 
f 467//354 466//352 383//355 
f 468//356 467//354 382//357 
f 469//358 468//356 334//359 
f 470//360 469//358 333//361 
f 471//362 470//360 355//363 
f 472//364 471//362 332//365 
f 473//366 472//364 331//367 
f 474//368 473//366 354//369 
f 475//370 474//368 353//371 
f 476//372 475//370 352//373 
f 477//374 476//372 428//375 
f 478//376 477//374 411//377 
f 479//378 478//376 410//379 
f 480//380 479//378 424//381 
f 481//382 480//380 423//383 
f 482//384 481//382 422//385 
f 483//386 482//384 421//387 
f 484//388 483//386 409//389 
f 485//390 484//388 408//391 
f 486//392 485//390 432//393 
f 487//394 486//392 431//395 
f 488//396 487//394 407//397 
f 489//398 488//396 406//399 
f 490//400 489//398 381//401 
f 491//402 490//400 380//403 
f 492//404 491//402 379//405 
f 493//406 492//404 351//407 
f 494//408 493//406 330//409 
f 495//410 494//408 310//411 
f 496//412 495//410 309//413 
f 497//414 496//412 378//415 
f 498//416 497//414 377//417 
f 499//418 498//416 329//419 
f 500//420 499//418 328//421 
f 501//422 500//420 350//423 
f 502//424 501//422 349//425 
f 503//426 502//424 348//427 
f 504//428 503//426 376//429 
f 505//430 504//428 327//431 
f 506//432 505//430 326//433 
f 507//434 506//432 347//435 
f 508//436 507//434 325//437 
f 509//438 508//436 324//439 
f 510//440 509//438 346//441 
f 511//442 510//440 345//443 
f 512//444 511//442 344//445 
f 513//446 512//444 375//447 
f 514//448 513//446 374//449 
f 515//450 514//448 343//451 
f 516//452 515//450 342//453 
f 517//454 516//452 373//455 
f 518//456 517//454 405//457 
f 519//458 518//456 404//459 
f 520//460 519//458 372//461 
f 521//462 520//460 371//463 
f 522//464 521//462 323//465 
f 523//466 522//464 322//467 
f 524//468 523//466 321//469 
f 525//470 524//468 320//471 
f 526//472 525//470 341//473 
f 527//474 526//472 340//475 
f 528//476 527//474 403//477 
f 529//478 528//476 402//479 
f 530//480 529//478 339//481 
f 531//482 530//480 338//483 
f 532//484 531//482 370//485 
f 533//486 532//484 337//487 
f 534//488 533//486 336//489 
f 535//490 534//488 308//491 
f 536//492 535//490 307//493 
f 537//494 536//492 319//495 
f 538//496 537//494 318//497 
f 539//498 538//496 317//499 
f 540//500 539//498 369//501 
f 541//502 540//500 316//503 
f 542//504 541//502 315//505 
f 543//506 542//504 335//507 
f 544//508 543//506 293//509 
f 545//510 544//508 292//511 
f 546//512 545//510 291//513 
f 547//514 546//512 290//515 
f 548//516 547//514 289//517 
f 549//518 548//516 306//519 
f 550//520 549//518 305//521 
f 551//522 550//520 304//523 
f 552//524 551//522 303//525 
f 553//526 552//524 314//527 
f 554//528 553//526 302//529 
f 555//530 554//528 301//531 
f 556//532 555//530 300//533 
f 557//534 556//532 299//535 
f 558//536 557//534 298//537 
f 559//538 558//536 313//539 
f 560//540 559//538 420//541 
f 561//542 560//540 419//543 
f 562//544 561//542 401//545 
f 563//546 562//544 400//547 
f 564//548 563//546 399//549 
f 565//550 564//548 398//551 
f 566//552 565//550 418//553 
f 567//554 566//552 397//555 
f 568//556 567//554 396//557 
f 569//558 568//556 430//559 
f 570//560 569//558 429//561 
f 571//562 570//560 395//563 
f 572//564 571//562 394//565 
f 573//566 572//564 417//567 
f 574//568 573//566 416//569 
f 575//570 574//568 415//571 
f 576//572 575//570 427//573 
f 434//289 576//572 426//572 
f 426//572 368//289 434//289 
f 427//573 426//572 576//572 
f 415//571 427//573 575//570 
f 416//569 415//571 574//568 
f 417//567 416//569 573//566 
f 394//565 417//567 572//564 
f 395//563 394//565 571//562 
f 429//561 395//563 570//560 
f 430//559 429//561 569//558 
f 396//557 430//559 568//556 
f 397//555 396//557 567//554 
f 418//553 397//555 566//552 
f 398//551 418//553 565//550 
f 399//549 398//551 564//548 
f 400//547 399//549 563//546 
f 401//545 400//547 562//544 
f 419//543 401//545 561//542 
f 420//541 419//543 560//540 
f 313//539 420//541 559//538 
f 298//537 313//539 558//536 
f 299//535 298//537 557//534 
f 300//533 299//535 556//532 
f 301//531 300//533 555//530 
f 302//529 301//531 554//528 
f 314//527 302//529 553//526 
f 303//525 314//527 552//524 
f 304//523 303//525 551//522 
f 305//521 304//523 550//520 
f 306//519 305//521 549//518 
f 289//517 306//519 548//516 
f 290//515 289//517 547//514 
f 291//513 290//515 546//512 
f 292//511 291//513 545//510 
f 293//509 292//511 544//508 
f 335//507 293//509 543//506 
f 315//505 335//507 542//504 
f 316//503 315//505 541//502 
f 369//501 316//503 540//500 
f 317//499 369//501 539//498 
f 318//497 317//499 538//496 
f 319//495 318//497 537//494 
f 307//493 319//495 536//492 
f 308//491 307//493 535//490 
f 336//489 308//491 534//488 
f 337//487 336//489 533//486 
f 370//485 337//487 532//484 
f 338//483 370//485 531//482 
f 339//481 338//483 530//480 
f 402//479 339//481 529//478 
f 403//477 402//479 528//476 
f 340//475 403//477 527//474 
f 341//473 340//475 526//472 
f 320//471 341//473 525//470 
f 321//469 320//471 524//468 
f 322//467 321//469 523//466 
f 323//465 322//467 522//464 
f 371//463 323//465 521//462 
f 372//461 371//463 520//460 
f 404//459 372//461 519//458 
f 405//457 404//459 518//456 
f 373//455 405//457 517//454 
f 342//453 373//455 516//452 
f 343//451 342//453 515//450 
f 374//449 343//451 514//448 
f 375//447 374//449 513//446 
f 344//445 375//447 512//444 
f 345//443 344//445 511//442 
f 346//441 345//443 510//440 
f 324//439 346//441 509//438 
f 325//437 324//439 508//436 
f 347//435 325//437 507//434 
f 326//433 347//435 506//432 
f 327//431 326//433 505//430 
f 376//429 327//431 504//428 
f 348//427 376//429 503//426 
f 349//425 348//427 502//424 
f 350//423 349//425 501//422 
f 328//421 350//423 500//420 
f 329//419 328//421 499//418 
f 377//417 329//419 498//416 
f 378//415 377//417 497//414 
f 309//413 378//415 496//412 
f 310//411 309//413 495//410 
f 330//409 310//411 494//408 
f 351//407 330//409 493//406 
f 379//405 351//407 492//404 
f 380//403 379//405 491//402 
f 381//401 380//403 490//400 
f 406//399 381//401 489//398 
f 407//397 406//399 488//396 
f 431//395 407//397 487//394 
f 432//393 431//395 486//392 
f 408//391 432//393 485//390 
f 409//389 408//391 484//388 
f 421//387 409//389 483//386 
f 422//385 421//387 482//384 
f 423//383 422//385 481//382 
f 424//381 423//383 480//380 
f 410//379 424//381 479//378 
f 411//377 410//379 478//376 
f 428//375 411//377 477//374 
f 352//373 428//375 476//372 
f 353//371 352//373 475//370 
f 354//369 353//371 474//368 
f 331//367 354//369 473//366 
f 332//365 331//367 472//364 
f 355//363 332//365 471//362 
f 333//361 355//363 470//360 
f 334//359 333//361 469//358 
f 382//357 334//359 468//356 
f 383//355 382//357 467//354 
f 384//353 383//355 466//352 
f 385//351 384//353 465//350 
f 386//349 385//351 464//348 
f 425//347 386//349 463//346 
f 412//345 425//347 462//344 
f 356//343 412//345 461//342 
f 357//341 356//343 460//340 
f 387//339 357//341 459//338 
f 358//337 387//339 458//336 
f 359//335 358//337 457//334 
f 360//333 359//335 456//332 
f 361//331 360//333 455//330 
f 388//329 361//331 454//328 
f 389//327 388//329 453//326 
f 413//325 389//327 452//324 
f 414//323 413//325 451//322 
f 311//321 414//323 450//320 
f 312//319 311//321 449//318 
f 294//317 312//319 448//316 
f 295//315 294//317 447//314 
f 296//313 295//315 446//312 
f 297//311 296//313 445//310 
f 362//309 297//311 444//308 
f 363//307 362//309 443//306 
f 364//305 363//307 442//304 
f 390//303 364//305 441//302 
f 391//301 390//303 440//300 
f 392//299 391//301 439//298 
f 393//297 392//299 438//296 
f 365//295 393//297 437//294 
f 366//293 365//295 436//292 
f 367//291 366//293 435//290 
f 368//289 367//291 433//288 
o mesh3
f 577//574 578//574 579//574 
f 51//574 580//574 577//574 
f 579//574 581//574 577//574 
f 577//574 582//574 583//574 
f 577//574 584//574 585//574 
f 586//574 53//574 51//574 
f 577//574 587//574 578//574 
f 585//574 582//574 577//574 
f 577//574 588//574 589//574 
f 590//574 591//574 592//574 
f 590//574 593//574 594//574 
f 577//574 586//574 51//574 
f 577//574 595//574 596//574 
f 577//574 597//574 598//574 
f 583//574 587//574 577//574 
f 589//574 599//574 577//574 
f 577//574 590//574 600//574 
f 592//574 601//574 590//574 
f 594//574 602//574 590//574 
f 586//574 603//574 53//574 
f 577//574 604//574 605//574 
f 577//574 606//574 607//574 
f 577//574 608//574 595//574 
f 577//574 609//574 597//574 
f 599//574 584//574 577//574 
f 600//574 610//574 577//574 
f 602//574 591//574 590//574 
f 53//574 611//574 612//574 
f 603//574 613//574 53//574 
f 577//574 614//574 604//574 
f 596//574 606//574 577//574 
f 581//574 609//574 577//574 
f 601//574 600//574 590//574 
f 53//574 615//574 611//574 
f 613//574 616//574 53//574 
f 607//574 614//574 577//574 
f 610//574 588//574 577//574 
f 53//574 617//574 618//574 
f 53//574 619//574 620//574 
f 616//574 615//574 53//574 
f 621//574 77//574 75//574 
f 621//574 89//574 87//574 
f 577//574 622//574 623//574 
f 598//574 608//574 577//574 
f 590//574 624//574 625//574 
f 590//574 626//574 627//574 
f 590//574 628//574 629//574 
f 618//574 630//574 53//574 
f 612//574 619//574 53//574 
f 631//574 59//574 57//574 
f 621//574 71//574 69//574 
f 621//574 79//574 77//574 
f 621//574 83//574 81//574 
f 87//574 85//574 621//574 
f 632//574 233//574 231//574 
f 633//574 5//574 3//574 
f 623//574 634//574 577//574 
f 625//574 593//574 590//574 
f 629//574 626//574 590//574 
f 620//574 617//574 53//574 
f 57//574 55//574 631//574 
f 69//574 67//574 621//574 
f 75//574 73//574 621//574 
f 85//574 83//574 621//574 
f 635//574 129//574 127//574 
f 636//574 632//574 219//574 
f 632//574 227//574 225//574 
f 231//574 229//574 632//574 
f 3//574 288//574 633//574 
f 633//574 29//574 27//574 
f 633//574 33//574 31//574 
f 577//574 637//574 622//574 
f 627//574 624//574 590//574 
f 580//574 43//574 41//574 
f 580//574 49//574 47//574 
f 630//574 631//574 53//574 
f 631//574 61//574 59//574 
f 621//574 63//574 61//574 
f 67//574 65//574 621//574 
f 81//574 79//574 621//574 
f 621//574 95//574 93//574 
f 621//574 107//574 105//574 
f 635//574 123//574 121//574 
f 127//574 125//574 635//574 
f 635//574 137//574 135//574 
f 636//574 209//574 207//574 
f 632//574 221//574 219//574 
f 229//574 227//574 632//574 
f 632//574 237//574 235//574 
f 632//574 241//574 239//574 
f 632//574 247//574 245//574 
f 632//574 253//574 251//574 
f 633//574 281//574 279//574 
f 633//574 7//574 5//574 
f 633//574 11//574 9//574 
f 31//574 29//574 633//574 
f 638//574 169//574 167//574 
f 638//574 183//574 181//574 
f 638//574 187//574 185//574 
f 605//574 637//574 577//574 
f 590//574 639//574 640//574 
f 590//574 641//574 642//574 
f 643//574 644//574 645//574 
f 580//574 45//574 43//574 
f 51//574 49//574 580//574 
f 61//574 631//574 621//574 
f 73//574 71//574 621//574 
f 621//574 97//574 95//574 
f 621//574 101//574 99//574 
f 105//574 103//574 621//574 
f 125//574 123//574 635//574 
f 635//574 139//574 137//574 
f 635//574 143//574 141//574 
f 636//574 211//574 209//574 
f 636//574 215//574 213//574 
f 219//574 217//574 636//574 
f 235//574 233//574 632//574 
f 632//574 243//574 241//574 
f 632//574 249//574 247//574 
f 632//574 255//574 253//574 
f 633//574 283//574 281//574 
f 633//574 287//574 285//574 
f 9//574 7//574 633//574 
f 633//574 15//574 13//574 
f 633//574 23//574 21//574 
f 27//574 25//574 633//574 
f 638//574 165//574 163//574 
f 638//574 171//574 169//574 
f 638//574 179//574 177//574 
f 185//574 183//574 638//574 
f 640//574 628//574 590//574 
f 590//574 646//574 641//574 
f 590//574 647//574 648//574 
f 645//574 590//574 643//574 
f 643//574 649//574 650//574 
f 47//574 45//574 580//574 
f 65//574 63//574 621//574 
f 93//574 91//574 621//574 
f 103//574 101//574 621//574 
f 651//574 119//574 117//574 
f 121//574 651//574 635//574 
f 635//574 133//574 131//574 
f 141//574 139//574 635//574 
f 213//574 211//574 636//574 
f 632//574 223//574 221//574 
f 239//574 237//574 632//574 
f 251//574 249//574 632//574 
f 632//574 633//574 267//574 
f 285//574 283//574 633//574 
f 13//574 11//574 633//574 
f 633//574 19//574 17//574 
f 25//574 23//574 633//574 
f 638//574 155//574 153//574 
f 167//574 165//574 638//574 
f 638//574 175//574 173//574 
f 181//574 179//574 638//574 
f 638//574 191//574 189//574 
f 577//574 652//574 653//574 
f 577//574 654//574 655//574 
f 642//574 639//574 590//574 
f 645//574 647//574 590//574 
f 650//574 656//574 643//574 
f 643//574 657//574 658//574 
f 55//574 53//574 631//574 
f 99//574 97//574 621//574 
f 651//574 111//574 109//574 
f 651//574 115//574 113//574 
f 121//574 119//574 651//574 
f 135//574 133//574 635//574 
f 635//574 147//574 145//574 
f 217//574 215//574 636//574 
f 245//574 243//574 632//574 
f 632//574 263//574 261//574 
f 267//574 265//574 632//574 
f 633//574 273//574 271//574 
f 288//574 287//574 633//574 
f 21//574 19//574 633//574 
f 633//574 37//574 35//574 
f 633//574 41//574 39//574 
f 638//574 157//574 155//574 
f 638//574 161//574 159//574 
f 173//574 171//574 638//574 
f 189//574 187//574 638//574 
f 655//574 652//574 577//574 
f 648//574 646//574 590//574 
f 643//574 659//574 649//574 
f 658//574 660//574 643//574 
f 91//574 89//574 621//574 
f 109//574 621//574 651//574 
f 117//574 115//574 651//574 
f 145//574 143//574 635//574 
f 225//574 223//574 632//574 
f 632//574 259//574 257//574 
f 265//574 263//574 632//574 
f 271//574 269//574 633//574 
f 17//574 15//574 633//574 
f 39//574 37//574 633//574 
f 638//574 151//574 149//574 
f 159//574 157//574 638//574 
f 177//574 175//574 638//574 
f 638//574 195//574 193//574 
f 638//574 201//574 199//574 
f 638//574 205//574 203//574 
f 634//574 654//574 577//574 
f 660//574 659//574 643//574 
f 109//574 107//574 621//574 
f 131//574 129//574 635//574 
f 257//574 255//574 632//574 
f 269//574 267//574 633//574 
f 633//574 277//574 275//574 
f 35//574 33//574 633//574 
f 153//574 151//574 638//574 
f 193//574 191//574 638//574 
f 199//574 197//574 638//574 
f 638//574 207//574 205//574 
f 656//574 644//574 643//574 
f 113//574 111//574 651//574 
f 261//574 259//574 632//574 
f 279//574 277//574 633//574 
f 163//574 161//574 638//574 
f 203//574 201//574 638//574 
f 41//574 633//574 580//574 
f 275//574 273//574 633//574 
f 197//574 195//574 638//574 
f 207//574 638//574 636//574 
f 147//574 635//574 638//574 
f 149//574 147//574 638//574 
f 653//574 586//574 577//574 
o mesh4
f 661//575 643//575 590//575 
f 590//575 662//575 661//575 
o mesh5
f 662//576 590//576 577//576 
f 577//576 663//576 662//576 
o mesh6
f 663//575 577//575 580//575 
f 580//575 664//575 663//575 
o mesh7
f 664//576 580//576 633//576 
f 633//576 665//576 664//576 
o mesh8
f 665//575 633//575 632//575 
f 632//575 666//575 665//575 
o mesh9
f 666//576 632//576 636//576 
f 636//576 667//576 666//576 
o mesh10
f 636//577 638//577 668//577 
f 668//577 667//577 636//577 
o mesh11
f 651//577 669//577 670//577 
f 670//577 635//577 651//577 
o mesh12
f 671//578 669//578 651//578 
f 651//578 621//578 671//578 
o mesh13
f 635//579 670//579 668//579 
f 668//579 638//579 635//579 
o mesh14
f 672//580 673//581 631//581 
f 674//582 672//580 630//583 
f 675//584 674//582 618//585 
f 676//586 675//584 617//587 
f 677//588 676//586 620//589 
f 678//590 677//588 619//591 
f 679//592 678//590 612//593 
f 680//594 679//592 611//595 
f 681//596 680//594 615//597 
f 682//598 681//596 616//599 
f 683//600 682//598 613//601 
f 684//602 683//600 603//603 
f 685//604 684//602 586//605 
f 686//606 685//604 653//607 
f 687//608 686//606 652//609 
f 688//610 687//608 655//611 
f 689//612 688//610 654//613 
f 690//614 689//612 634//615 
f 691//616 690//614 623//617 
f 692//618 691//616 622//619 
f 693//620 692//618 637//621 
f 694//622 693//620 605//623 
f 695//624 694//622 604//625 
f 696//626 695//624 614//627 
f 697//628 696//626 607//629 
f 698//630 697//628 606//631 
f 699//632 698//630 596//633 
f 700//634 699//632 595//635 
f 701//636 700//634 608//637 
f 702//638 701//636 598//639 
f 703//640 702//638 597//641 
f 704//642 703//640 609//643 
f 705//644 704//642 581//645 
f 706//646 705//644 579//647 
f 707//648 706//646 578//649 
f 708//650 707//648 587//651 
f 709//652 708//650 583//653 
f 710//654 709//652 582//655 
f 711//656 710//654 585//657 
f 712//658 711//656 584//659 
f 713//660 712//658 599//661 
f 714//662 713//660 589//663 
f 715//664 714//662 588//665 
f 716//666 715//664 610//667 
f 717//668 716//666 600//669 
f 718//670 717//668 601//671 
f 719//672 718//670 592//673 
f 720//674 719//672 591//675 
f 721//676 720//674 602//677 
f 722//678 721//676 594//679 
f 723//680 722//678 593//681 
f 724//682 723//680 625//683 
f 725//684 724//682 624//685 
f 726//686 725//684 627//687 
f 727//688 726//686 626//689 
f 728//690 727//688 629//691 
f 729//692 728//690 628//693 
f 730//694 729//692 640//695 
f 731//696 730//694 639//697 
f 732//698 731//696 642//699 
f 733//700 732//698 641//701 
f 734//702 733//700 646//703 
f 735//704 734//702 648//705 
f 736//706 735//704 647//707 
f 737//708 736//706 645//709 
f 738//710 737//708 644//711 
f 739//712 738//710 656//713 
f 740//714 739//712 650//715 
f 741//716 740//714 649//717 
f 742//718 741//716 659//719 
f 743//720 742//718 660//721 
f 744//722 743//720 658//723 
f 658//723 657//722 744//722 
f 660//721 658//723 743//720 
f 659//719 660//721 742//718 
f 649//717 659//719 741//716 
f 650//715 649//717 740//714 
f 656//713 650//715 739//712 
f 644//711 656//713 738//710 
f 645//709 644//711 737//708 
f 647//707 645//709 736//706 
f 648//705 647//707 735//704 
f 646//703 648//705 734//702 
f 641//701 646//703 733//700 
f 642//699 641//701 732//698 
f 639//697 642//699 731//696 
f 640//695 639//697 730//694 
f 628//693 640//695 729//692 
f 629//691 628//693 728//690 
f 626//689 629//691 727//688 
f 627//687 626//689 726//686 
f 624//685 627//687 725//684 
f 625//683 624//685 724//682 
f 593//681 625//683 723//680 
f 594//679 593//681 722//678 
f 602//677 594//679 721//676 
f 591//675 602//677 720//674 
f 592//673 591//675 719//672 
f 601//671 592//673 718//670 
f 600//669 601//671 717//668 
f 610//667 600//669 716//666 
f 588//665 610//667 715//664 
f 589//663 588//665 714//662 
f 599//661 589//663 713//660 
f 584//659 599//661 712//658 
f 585//657 584//659 711//656 
f 582//655 585//657 710//654 
f 583//653 582//655 709//652 
f 587//651 583//653 708//650 
f 578//649 587//651 707//648 
f 579//647 578//649 706//646 
f 581//645 579//647 705//644 
f 609//643 581//645 704//642 
f 597//641 609//643 703//640 
f 598//639 597//641 702//638 
f 608//637 598//639 701//636 
f 595//635 608//637 700//634 
f 596//633 595//635 699//632 
f 606//631 596//633 698//630 
f 607//629 606//631 697//628 
f 614//627 607//629 696//626 
f 604//625 614//627 695//624 
f 605//623 604//625 694//622 
f 637//621 605//623 693//620 
f 622//619 637//621 692//618 
f 623//617 622//619 691//616 
f 634//615 623//617 690//614 
f 654//613 634//615 689//612 
f 655//611 654//613 688//610 
f 652//609 655//611 687//608 
f 653//607 652//609 686//606 
f 586//605 653//607 685//604 
f 603//603 586//605 684//602 
f 613//601 603//603 683//600 
f 616//599 613//601 682//598 
f 615//597 616//599 681//596 
f 611//595 615//597 680//594 
f 612//593 611//595 679//592 
f 619//591 612//593 678//590 
f 620//589 619//591 677//588 
f 617//587 620//589 676//586 
f 618//585 617//587 675//584 
f 630//583 618//585 674//582 
f 631//581 630//583 672//580 
o mesh15
f 657//724 643//724 745//724 
f 661//724 746//724 745//724 
f 745//724 643//724 661//724 
f 745//724 744//724 657//724 
o mesh16
f 671//724 621//724 747//724 
f 631//724 673//724 747//724 
f 747//724 621//724 631//724 
f 747//724 748//724 671//724 
o mesh17
f 749//725 750//725 694//725 
f 750//725 751//725 693//725 
f 752//725 723//725 724//725 
f 753//725 722//725 723//725 
f 754//725 720//725 721//725 
f 755//725 719//725 720//725 
f 756//725 712//725 713//725 
f 757//725 711//725 712//725 
f 758//725 710//725 711//725 
f 759//725 709//725 710//725 
f 693//725 694//725 750//725 
f 751//725 760//725 692//725 
f 761//725 727//725 728//725 
f 762//725 726//725 727//725 
f 763//725 725//725 726//725 
f 764//725 724//725 725//725 
f 723//725 752//725 753//725 
f 765//725 721//725 722//725 
f 720//725 754//725 755//725 
f 766//725 718//725 719//725 
f 767//725 717//725 718//725 
f 768//725 716//725 717//725 
f 769//725 714//725 715//725 
f 770//725 713//725 714//725 
f 712//725 756//725 757//725 
f 710//725 758//725 759//725 
f 771//725 772//725 699//725 
f 772//725 773//725 698//725 
f 773//725 774//725 697//725 
f 774//725 775//725 696//725 
f 775//725 749//725 695//725 
f 692//725 693//725 751//725 
f 727//725 761//725 762//725 
f 725//725 763//725 764//725 
f 722//725 753//725 765//725 
f 719//725 755//725 766//725 
f 717//725 767//725 768//725 
f 776//725 715//725 716//725 
f 714//725 769//725 770//725 
f 711//725 757//725 758//725 
f 777//725 771//725 700//725 
f 698//725 699//725 772//725 
f 696//725 697//725 774//725 
f 694//725 695//725 749//725 
f 726//725 762//725 763//725 
f 721//725 765//725 754//725 
f 716//725 768//725 776//725 
f 713//725 770//725 756//725 
f 778//725 779//725 706//725 
f 779//725 780//725 705//725 
f 780//725 781//725 704//725 
f 781//725 782//725 703//725 
f 782//725 783//725 702//725 
f 783//725 777//725 701//725 
f 699//725 700//725 771//725 
f 695//725 696//725 775//725 
f 724//725 764//725 752//725 
f 715//725 776//725 769//725 
f 784//725 708//725 709//725 
f 784//725 778//725 707//725 
f 705//725 706//725 779//725 
f 703//725 704//725 781//725 
f 701//725 702//725 783//725 
f 697//725 698//725 773//725 
f 785//725 731//725 732//725 
f 786//725 730//725 731//725 
f 718//725 766//725 767//725 
f 707//725 708//725 784//725 
f 704//725 705//725 780//725 
f 700//725 701//725 777//725 
f 760//725 787//725 691//725 
f 787//725 788//725 690//725 
f 788//725 789//725 689//725 
f 789//725 790//725 688//725 
f 791//725 732//725 733//725 
f 731//725 785//725 786//725 
f 792//725 729//725 730//725 
f 793//725 728//725 729//725 
f 709//725 759//725 784//725 
f 702//725 703//725 782//725 
f 690//725 691//725 787//725 
f 688//725 689//725 789//725 
f 794//725 795//725 683//725 
f 795//725 796//725 682//725 
f 797//725 739//725 740//725 
f 798//725 738//725 739//725 
f 799//725 736//725 737//725 
f 800//725 735//725 736//725 
f 801//725 734//725 735//725 
f 802//725 733//725 734//725 
f 732//725 791//725 785//725 
f 729//725 792//725 793//725 
f 706//725 707//725 778//725 
f 689//725 690//725 788//725 
f 803//725 804//725 685//725 
f 804//725 794//725 684//725 
f 682//725 683//725 795//725 
f 796//725 805//725 681//725 
f 806//725 807//725 678//725 
f 807//725 808//725 677//725 
f 809//725 743//725 744//725 
f 810//725 742//725 743//725 
f 739//725 797//725 798//725 
f 811//725 737//725 738//725 
f 736//725 799//725 800//725 
f 734//725 801//725 802//725 
f 730//725 786//725 792//725 
f 691//725 692//725 760//725 
f 812//725 803//725 686//725 
f 684//725 685//725 804//725 
f 681//725 682//725 796//725 
f 805//725 813//725 680//725 
f 813//725 806//725 679//725 
f 677//725 678//725 807//725 
f 743//725 809//725 810//725 
f 814//725 741//725 742//725 
f 815//725 740//725 741//725 
f 738//725 798//725 811//725 
f 735//725 800//725 801//725 
f 728//725 793//725 761//725 
f 790//725 812//725 687//725 
f 685//725 686//725 803//725 
f 680//725 681//725 805//725 
f 678//725 679//725 806//725 
f 808//725 816//725 676//725 
f 816//725 817//725 675//725 
f 818//725 819//725 672//725 
f 819//725 747//725 673//725 
f 742//725 810//725 814//725 
f 740//725 815//725 797//725 
f 733//725 802//725 791//725 
f 686//725 687//725 812//725 
f 679//725 680//725 813//725 
f 675//725 676//725 816//725 
f 817//725 818//725 674//725 
f 673//725 672//725 819//725 
f 741//725 814//725 815//725 
f 687//725 688//725 790//725 
f 676//725 677//725 808//725 
f 672//725 674//725 818//725 
f 737//725 811//725 799//725 
f 674//725 675//725 817//725 
f 683//725 684//725 794//725 
f 744//725 745//725 809//725 
o mesh18
f 820//726 748//727 747//727 
f 821//728 820//726 819//729 
f 822//730 821//728 818//731 
f 823//732 822//730 817//733 
f 824//734 823//732 816//735 
f 825//736 824//734 808//737 
f 826//738 825//736 807//739 
f 827//740 826//738 806//741 
f 828//742 827//740 813//743 
f 829//744 828//742 805//745 
f 830//746 829//744 796//747 
f 831//748 830//746 795//749 
f 832//750 831//748 794//751 
f 833//752 832//750 804//753 
f 834//754 833//752 803//755 
f 835//756 834//754 812//757 
f 836//758 835//756 790//759 
f 837//760 836//758 789//761 
f 838//762 837//760 788//763 
f 839//764 838//762 787//765 
f 840//766 839//764 760//767 
f 841//768 840//766 751//769 
f 842//770 841//768 750//771 
f 843//772 842//770 749//773 
f 844//774 843//772 775//775 
f 845//776 844//774 774//777 
f 846//778 845//776 773//779 
f 847//780 846//778 772//781 
f 848//782 847//780 771//783 
f 849//784 848//782 777//785 
f 850//786 849//784 783//787 
f 851//788 850//786 782//789 
f 852//790 851//788 781//791 
f 853//792 852//790 780//793 
f 854//794 853//792 779//795 
f 855//796 854//794 778//797 
f 856//798 855//796 784//799 
f 857//800 856//798 759//801 
f 858//802 857//800 758//803 
f 859//804 858//802 757//805 
f 860//806 859//804 756//807 
f 861//808 860//806 770//809 
f 862//810 861//808 769//811 
f 863//812 862//810 776//813 
f 864//814 863//812 768//815 
f 865//816 864//814 767//817 
f 866//818 865//816 766//819 
f 867//820 866//818 755//821 
f 868//822 867//820 754//823 
f 869//824 868//822 765//825 
f 870//826 869//824 753//827 
f 871//828 870//826 752//829 
f 872//830 871//828 764//831 
f 873//832 872//830 763//833 
f 874//834 873//832 762//835 
f 875//836 874//834 761//837 
f 876//838 875//836 793//839 
f 877//840 876//838 792//841 
f 878//842 877//840 786//843 
f 879//844 878//842 785//845 
f 880//846 879//844 791//847 
f 881//848 880//846 802//849 
f 882//850 881//848 801//851 
f 883//852 882//850 800//853 
f 884//854 883//852 799//855 
f 885//856 884//854 811//857 
f 886//858 885//856 798//859 
f 887//860 886//858 797//861 
f 888//862 887//860 815//863 
f 889//864 888//862 814//865 
f 890//866 889//864 810//867 
f 746//868 890//866 809//869 
f 809//869 745//868 746//868 
f 810//867 809//869 890//866 
f 814//865 810//867 889//864 
f 815//863 814//865 888//862 
f 797//861 815//863 887//860 
f 798//859 797//861 886//858 
f 811//857 798//859 885//856 
f 799//855 811//857 884//854 
f 800//853 799//855 883//852 
f 801//851 800//853 882//850 
f 802//849 801//851 881//848 
f 791//847 802//849 880//846 
f 785//845 791//847 879//844 
f 786//843 785//845 878//842 
f 792//841 786//843 877//840 
f 793//839 792//841 876//838 
f 761//837 793//839 875//836 
f 762//835 761//837 874//834 
f 763//833 762//835 873//832 
f 764//831 763//833 872//830 
f 752//829 764//831 871//828 
f 753//827 752//829 870//826 
f 765//825 753//827 869//824 
f 754//823 765//825 868//822 
f 755//821 754//823 867//820 
f 766//819 755//821 866//818 
f 767//817 766//819 865//816 
f 768//815 767//817 864//814 
f 776//813 768//815 863//812 
f 769//811 776//813 862//810 
f 770//809 769//811 861//808 
f 756//807 770//809 860//806 
f 757//805 756//807 859//804 
f 758//803 757//805 858//802 
f 759//801 758//803 857//800 
f 784//799 759//801 856//798 
f 778//797 784//799 855//796 
f 779//795 778//797 854//794 
f 780//793 779//795 853//792 
f 781//791 780//793 852//790 
f 782//789 781//791 851//788 
f 783//787 782//789 850//786 
f 777//785 783//787 849//784 
f 771//783 777//785 848//782 
f 772//781 771//783 847//780 
f 773//779 772//781 846//778 
f 774//777 773//779 845//776 
f 775//775 774//777 844//774 
f 749//773 775//775 843//772 
f 750//771 749//773 842//770 
f 751//769 750//771 841//768 
f 760//767 751//769 840//766 
f 787//765 760//767 839//764 
f 788//763 787//765 838//762 
f 789//761 788//763 837//760 
f 790//759 789//761 836//758 
f 812//757 790//759 835//756 
f 803//755 812//757 834//754 
f 804//753 803//755 833//752 
f 794//751 804//753 832//750 
f 795//749 794//751 831//748 
f 796//747 795//749 830//746 
f 805//745 796//747 829//744 
f 813//743 805//745 828//742 
f 806//741 813//743 827//740 
f 807//739 806//741 826//738 
f 808//737 807//739 825//736 
f 816//735 808//737 824//734 
f 817//733 816//735 823//732 
f 818//731 817//733 822//730 
f 819//729 818//731 821//728 
f 747//727 819//729 820//726 
o mesh19
f 663//870 861//870 862//870 
f 663//870 859//870 860//870 
f 666//870 549//870 550//870 
f 667//870 540//870 541//870 
f 860//870 861//870 663//870 
f 891//870 494//870 668//870 
f 666//870 551//870 552//870 
f 666//870 548//870 549//870 
f 541//870 666//870 667//870 
f 668//870 513//870 514//870 
f 668//870 509//870 510//870 
f 663//870 858//870 859//870 
f 891//870 493//870 494//870 
f 892//870 458//870 459//870 
f 552//870 553//870 666//870 
f 666//870 547//870 548//870 
f 541//870 542//870 666//870 
f 667//870 531//870 532//870 
f 667//870 516//870 517//870 
f 668//870 515//870 516//870 
f 668//870 512//870 513//870 
f 510//870 511//870 668//870 
f 668//870 504//870 505//870 
f 862//870 662//870 663//870 
f 663//870 856//870 857//870 
f 663//870 854//870 855//870 
f 891//870 492//870 493//870 
f 486//870 891//870 892//870 
f 459//870 460//870 892//870 
f 550//870 551//870 666//870 
f 666//870 545//870 546//870 
f 666//870 543//870 544//870 
f 667//870 539//870 540//870 
f 532//870 533//870 667//870 
f 667//870 528//870 529//870 
f 516//870 667//870 668//870 
f 511//870 512//870 668//870 
f 505//870 506//870 668//870 
f 668//870 496//870 497//870 
f 665//870 566//870 567//870 
f 862//870 863//870 662//870 
f 855//870 856//870 663//870 
f 663//870 852//870 853//870 
f 891//870 491//870 492//870 
f 891//870 487//870 488//870 
f 892//870 485//870 486//870 
f 892//870 481//870 482//870 
f 892//870 468//870 469//870 
f 892//870 465//870 466//870 
f 892//870 463//870 464//870 
f 460//870 461//870 892//870 
f 666//870 554//870 555//870 
f 546//870 547//870 666//870 
f 542//870 543//870 666//870 
f 667//870 537//870 538//870 
f 533//870 534//870 667//870 
f 529//870 530//870 667//870 
f 667//870 521//870 522//870 
f 514//870 515//870 668//870 
f 668//870 507//870 508//870 
f 668//870 503//870 504//870 
f 668//870 501//870 502//870 
f 497//870 498//870 668//870 
f 668//870 494//870 495//870 
f 567//870 568//870 665//870 
f 665//870 558//870 559//870 
f 446//870 825//870 826//870 
f 446//870 822//870 823//870 
f 662//870 864//870 865//870 
f 857//870 858//870 663//870 
f 663//870 851//870 852//870 
f 663//870 849//870 850//870 
f 663//870 847//870 848//870 
f 663//870 845//870 846//870 
f 891//870 490//870 491//870 
f 488//870 489//870 891//870 
f 892//870 484//870 485//870 
f 892//870 480//870 481//870 
f 892//870 477//870 478//870 
f 892//870 474//870 475//870 
f 469//870 470//870 892//870 
f 464//870 465//870 892//870 
f 461//870 462//870 892//870 
f 553//870 554//870 666//870 
f 538//870 539//870 667//870 
f 667//870 535//870 536//870 
f 530//870 531//870 667//870 
f 667//870 526//870 527//870 
f 522//870 523//870 667//870 
f 508//870 509//870 668//870 
f 502//870 503//870 668//870 
f 668//870 499//870 500//870 
f 495//870 496//870 668//870 
f 665//870 575//870 576//870 
f 665//870 573//870 574//870 
f 568//870 569//870 665//870 
f 665//870 564//870 565//870 
f 665//870 561//870 562//870 
f 665//870 557//870 558//870 
f 445//870 832//870 833//870 
f 445//870 446//870 831//870 
f 446//870 829//870 830//870 
f 826//870 827//870 446//870 
f 823//870 824//870 446//870 
f 446//870 748//870 820//870 
f 662//870 866//870 867//870 
f 863//870 864//870 662//870 
f 850//870 851//870 663//870 
f 846//870 847//870 663//870 
f 489//870 490//870 891//870 
f 892//870 483//870 484//870 
f 892//870 479//870 480//870 
f 892//870 476//870 477//870 
f 892//870 473//870 474//870 
f 892//870 471//870 472//870 
f 892//870 467//870 468//870 
f 462//870 463//870 892//870 
f 544//870 545//870 666//870 
f 534//870 535//870 667//870 
f 667//870 525//870 526//870 
f 523//870 524//870 667//870 
f 667//870 518//870 519//870 
f 506//870 507//870 668//870 
f 498//870 499//870 668//870 
f 574//870 575//870 665//870 
f 665//870 571//870 572//870 
f 565//870 566//870 665//870 
f 562//870 563//870 665//870 
f 559//870 560//870 665//870 
f 831//870 832//870 445//870 
f 446//870 828//870 829//870 
f 824//870 825//870 446//870 
f 820//870 821//870 446//870 
f 834//870 442//870 443//870 
f 664//870 837//870 838//870 
f 434//870 835//870 836//870 
f 662//870 869//870 870//870 
f 865//870 866//870 662//870 
f 848//870 849//870 663//870 
f 486//870 487//870 891//870 
f 478//870 479//870 892//870 
f 472//870 473//870 892//870 
f 466//870 467//870 892//870 
f 536//870 537//870 667//870 
f 524//870 525//870 667//870 
f 519//870 520//870 667//870 
f 500//870 501//870 668//870 
f 572//870 573//870 665//870 
f 569//870 570//870 665//870 
f 560//870 561//870 665//870 
f 665//870 555//870 556//870 
f 830//870 831//870 446//870 
f 821//870 822//870 446//870 
f 834//870 441//870 442//870 
f 834//870 439//870 440//870 
f 838//870 839//870 664//870 
f 836//870 664//870 434//870 
f 662//870 871//870 872//870 
f 662//870 868//870 869//870 
f 853//870 854//870 663//870 
f 663//870 843//870 844//870 
f 482//870 483//870 892//870 
f 470//870 471//870 892//870 
f 527//870 528//870 667//870 
f 517//870 518//870 667//870 
f 570//870 571//870 665//870 
f 556//870 557//870 665//870 
f 827//870 828//870 446//870 
f 443//870 444//870 834//870 
f 834//870 438//870 439//870 
f 834//870 435//870 436//870 
f 836//870 837//870 664//870 
f 835//870 434//870 433//870 
f 870//870 871//870 662//870 
f 844//870 845//870 663//870 
f 663//870 841//870 842//870 
f 663//870 839//870 840//870 
f 475//870 476//870 892//870 
f 520//870 521//870 667//870 
f 563//870 564//870 665//870 
f 893//870 456//870 457//870 
f 893//870 454//870 455//870 
f 893//870 452//870 453//870 
f 833//870 834//870 445//870 
f 440//870 441//870 834//870 
f 436//870 437//870 834//870 
f 433//870 834//870 835//870 
f 661//870 885//870 886//870 
f 662//870 879//870 880//870 
f 662//870 876//870 877//870 
f 662//870 874//870 875//870 
f 867//870 868//870 662//870 
f 840//870 841//870 663//870 
f 555//870 665//870 666//870 
f 434//870 664//870 665//870 
f 457//870 458//870 893//870 
f 453//870 454//870 893//870 
f 748//870 450//870 451//870 
f 748//870 448//870 449//870 
f 446//870 447//870 748//870 
f 437//870 438//870 834//870 
f 839//870 663//870 664//870 
f 661//870 888//870 889//870 
f 886//870 887//870 661//870 
f 661//870 662//870 884//870 
f 662//870 882//870 883//870 
f 880//870 881//870 662//870 
f 877//870 878//870 662//870 
f 662//870 873//870 874//870 
f 842//870 843//870 663//870 
f 576//870 434//870 665//870 
f 669//870 894//870 891//870 
f 671//870 893//870 894//870 
f 455//870 456//870 893//870 
f 451//870 893//870 748//870 
f 447//870 448//870 748//870 
f 433//870 435//870 834//870 
f 887//870 888//870 661//870 
f 883//870 884//870 662//870 
f 878//870 879//870 662//870 
f 872//870 873//870 662//870 
f 891//870 670//870 669//870 
f 894//870 669//870 671//870 
f 451//870 452//870 893//870 
f 444//870 445//870 834//870 
f 884//870 885//870 661//870 
f 875//870 876//870 662//870 
f 671//870 748//870 893//870 
f 449//870 450//870 748//870 
f 881//870 882//870 662//870 
f 458//870 892//870 893//870 
f 889//870 890//870 661//870 
f 890//870 746//870 661//870 
f 668//870 670//870 891//870 
o mesh20
f 895//871 894//871 893//871 
f 893//871 896//871 895//871 
o mesh21
f 896//872 893//872 892//872 
f 892//872 897//872 896//872 
o mesh22
f 897//873 892//873 891//873 
f 891//873 898//873 897//873 
o mesh23
f 898//874 891//874 894//874 
f 894//874 895//874 898//874 
o mesh24
f 898//875 895//875 896//875 
f 896//875 897//875 898//875 
g Part 2
v -0.0359606 -0.037719 -0.0379712 
v -0.0358775 -0.037719 -0.037973 
v -0.0358775 -0.035814 -0.037973 
v -0.0360435 -0.037719 -0.0379658 
v -0.0359606 -0.035814 -0.0379712 
v -0.0361262 -0.037719 -0.0379567 
v -0.0360435 -0.035814 -0.0379658 
v -0.0362083 -0.037719 -0.0379441 
v -0.0361262 -0.035814 -0.0379567 
v -0.0362898 -0.037719 -0.0379278 
v -0.0362083 -0.035814 -0.0379441 
v -0.0363706 -0.037719 -0.0379081 
v -0.0362898 -0.035814 -0.0379278 
v -0.0364503 -0.037719 -0.0378848 
v -0.0363706 -0.035814 -0.0379081 
v -0.036529 -0.037719 -0.0378581 
v -0.0364503 -0.035814 -0.0378848 
v -0.0366065 -0.037719 -0.037828 
v -0.036529 -0.035814 -0.0378581 
v -0.0366826 -0.037719 -0.0377945 
v -0.0366065 -0.035814 -0.037828 
v -0.0367571 -0.037719 -0.0377578 
v -0.0366826 -0.035814 -0.0377945 
v -0.03683 -0.037719 -0.0377178 
v -0.0367571 -0.035814 -0.0377578 
v -0.0369011 -0.037719 -0.0376747 
v -0.03683 -0.035814 -0.0377178 
v -0.0369702 -0.037719 -0.0376285 
v -0.0369011 -0.035814 -0.0376747 
v -0.0370372 -0.037719 -0.0375793 
v -0.0369702 -0.035814 -0.0376285 
v -0.037102 -0.037719 -0.0375273 
v -0.0370372 -0.035814 -0.0375793 
v -0.0371645 -0.037719 -0.0374725 
v -0.037102 -0.035814 -0.0375273 
v -0.0372245 -0.037719 -0.037415 
v -0.0371645 -0.035814 -0.0374725 
v -0.037282 -0.037719 -0.037355 
v -0.0372245 -0.035814 -0.037415 
v -0.0373368 -0.037719 -0.0372925 
v -0.037282 -0.035814 -0.037355 
v -0.0373888 -0.037719 -0.0372277 
v -0.0373368 -0.035814 -0.0372925 
v -0.037438 -0.037719 -0.0371607 
v -0.0373888 -0.035814 -0.0372277 
v -0.0374842 -0.037719 -0.0370916 
v -0.037438 -0.035814 -0.0371607 
v -0.0375273 -0.037719 -0.0370205 
v -0.0374842 -0.035814 -0.0370916 
v -0.0375673 -0.037719 -0.0369476 
v -0.0375273 -0.035814 -0.0370205 
v -0.037604 -0.037719 -0.0368731 
v -0.0375673 -0.035814 -0.0369476 
v -0.0376375 -0.037719 -0.036797 
v -0.037604 -0.035814 -0.0368731 
v -0.0376676 -0.037719 -0.0367195 
v -0.0376375 -0.035814 -0.036797 
v -0.0376943 -0.037719 -0.0366408 
v -0.0376676 -0.035814 -0.0367195 
v -0.0377176 -0.037719 -0.0365611 
v -0.0376943 -0.035814 -0.0366408 
v -0.0377373 -0.037719 -0.0364803 
v -0.0377176 -0.035814 -0.0365611 
v -0.0377536 -0.037719 -0.0363988 
v -0.0377373 -0.035814 -0.0364803 
v -0.0377662 -0.037719 -0.0363167 
v -0.0377536 -0.035814 -0.0363988 
v -0.0377753 -0.037719 -0.036234 
v -0.0377662 -0.035814 -0.0363167 
v -0.0377807 -0.037719 -0.0361511 
v -0.0377753 -0.035814 -0.036234 
v -0.0377825 -0.037719 -0.036068 
v -0.0377807 -0.035814 -0.0361511 
v -0.0377807 -0.037719 -0.0359849 
v -0.0377825 -0.035814 -0.036068 
v -0.0377753 -0.037719 -0.035902 
v -0.0377807 -0.035814 -0.0359849 
v -0.0377662 -0.037719 -0.0358193 
v -0.0377753 -0.035814 -0.035902 
v -0.0377536 -0.037719 -0.0357372 
v -0.0377662 -0.035814 -0.0358193 
v -0.0377373 -0.037719 -0.0356557 
v -0.0377536 -0.035814 -0.0357372 
v -0.0377176 -0.037719 -0.0355749 
v -0.0377373 -0.035814 -0.0356557 
v -0.0376943 -0.037719 -0.0354952 
v -0.0377176 -0.035814 -0.0355749 
v -0.0376676 -0.037719 -0.0354165 
v -0.0376943 -0.035814 -0.0354952 
v -0.0376375 -0.037719 -0.035339 
v -0.0376676 -0.035814 -0.0354165 
v -0.037604 -0.037719 -0.0352629 
v -0.0376375 -0.035814 -0.035339 
v -0.0375673 -0.037719 -0.0351884 
v -0.037604 -0.035814 -0.0352629 
v -0.0375273 -0.037719 -0.0351155 
v -0.0375673 -0.035814 -0.0351884 
v -0.0374842 -0.037719 -0.0350444 
v -0.0375273 -0.035814 -0.0351155 
v -0.037438 -0.037719 -0.0349753 
v -0.0374842 -0.035814 -0.0350444 
v -0.0373888 -0.037719 -0.0349083 
v -0.037438 -0.035814 -0.0349753 
v -0.0373368 -0.037719 -0.0348435 
v -0.0373888 -0.035814 -0.0349083 
v -0.037282 -0.037719 -0.034781 
v -0.0373368 -0.035814 -0.0348435 
v -0.0372245 -0.037719 -0.034721 
v -0.037282 -0.035814 -0.034781 
v -0.0371645 -0.037719 -0.0346635 
v -0.0372245 -0.035814 -0.034721 
v -0.037102 -0.037719 -0.0346087 
v -0.0371645 -0.035814 -0.0346635 
v -0.0370372 -0.037719 -0.0345567 
v -0.037102 -0.035814 -0.0346087 
v -0.0369702 -0.037719 -0.0345075 
v -0.0370372 -0.035814 -0.0345567 
v -0.0369011 -0.037719 -0.0344613 
v -0.0369702 -0.035814 -0.0345075 
v -0.03683 -0.037719 -0.0344182 
v -0.0369011 -0.035814 -0.0344613 
v -0.0367571 -0.037719 -0.0343782 
v -0.03683 -0.035814 -0.0344182 
v -0.0366826 -0.037719 -0.0343415 
v -0.0367571 -0.035814 -0.0343782 
v -0.0366065 -0.037719 -0.034308 
v -0.0366826 -0.035814 -0.0343415 
v -0.036529 -0.037719 -0.0342779 
v -0.0366065 -0.035814 -0.034308 
v -0.0364503 -0.037719 -0.0342512 
v -0.036529 -0.035814 -0.0342779 
v -0.0363706 -0.037719 -0.0342279 
v -0.0364503 -0.035814 -0.0342512 
v -0.0362898 -0.037719 -0.0342082 
v -0.0363706 -0.035814 -0.0342279 
v -0.0362083 -0.037719 -0.0341919 
v -0.0362898 -0.035814 -0.0342082 
v -0.0361262 -0.037719 -0.0341793 
v -0.0362083 -0.035814 -0.0341919 
v -0.0360435 -0.037719 -0.0341702 
v -0.0361262 -0.035814 -0.0341793 
v -0.0359606 -0.037719 -0.0341648 
v -0.0360435 -0.035814 -0.0341702 
v -0.0358775 -0.037719 -0.034163 
v -0.0359606 -0.035814 -0.0341648 
v -0.0357944 -0.037719 -0.0341648 
v -0.0358775 -0.035814 -0.034163 
v -0.0357115 -0.037719 -0.0341702 
v -0.0357944 -0.035814 -0.0341648 
v -0.0356288 -0.037719 -0.0341793 
v -0.0357115 -0.035814 -0.0341702 
v -0.0355467 -0.037719 -0.0341919 
v -0.0356288 -0.035814 -0.0341793 
v -0.0354652 -0.037719 -0.0342082 
v -0.0355467 -0.035814 -0.0341919 
v -0.0353844 -0.037719 -0.0342279 
v -0.0354652 -0.035814 -0.0342082 
v -0.0353047 -0.037719 -0.0342512 
v -0.0353844 -0.035814 -0.0342279 
v -0.035226 -0.037719 -0.0342779 
v -0.0353047 -0.035814 -0.0342512 
v -0.0351485 -0.037719 -0.034308 
v -0.035226 -0.035814 -0.0342779 
v -0.0350724 -0.037719 -0.0343415 
v -0.0351485 -0.035814 -0.034308 
v -0.0349979 -0.037719 -0.0343782 
v -0.0350724 -0.035814 -0.0343415 
v -0.034925 -0.037719 -0.0344182 
v -0.0349979 -0.035814 -0.0343782 
v -0.0348539 -0.037719 -0.0344613 
v -0.034925 -0.035814 -0.0344182 
v -0.0347848 -0.037719 -0.0345075 
v -0.0348539 -0.035814 -0.0344613 
v -0.0347178 -0.037719 -0.0345567 
v -0.0347848 -0.035814 -0.0345075 
v -0.034653 -0.037719 -0.0346087 
v -0.0347178 -0.035814 -0.0345567 
v -0.0345905 -0.037719 -0.0346635 
v -0.034653 -0.035814 -0.0346087 
v -0.0345305 -0.037719 -0.034721 
v -0.0345905 -0.035814 -0.0346635 
v -0.034473 -0.037719 -0.034781 
v -0.0345305 -0.035814 -0.034721 
v -0.0344182 -0.037719 -0.0348435 
v -0.034473 -0.035814 -0.034781 
v -0.0343662 -0.037719 -0.0349083 
v -0.0344182 -0.035814 -0.0348435 
v -0.034317 -0.037719 -0.0349753 
v -0.0343662 -0.035814 -0.0349083 
v -0.0342708 -0.037719 -0.0350444 
v -0.034317 -0.035814 -0.0349753 
v -0.0342277 -0.037719 -0.0351155 
v -0.0342708 -0.035814 -0.0350444 
v -0.0341877 -0.037719 -0.0351884 
v -0.0342277 -0.035814 -0.0351155 
v -0.034151 -0.037719 -0.0352629 
v -0.0341877 -0.035814 -0.0351884 
v -0.0341175 -0.037719 -0.035339 
v -0.034151 -0.035814 -0.0352629 
v -0.0340874 -0.037719 -0.0354165 
v -0.0341175 -0.035814 -0.035339 
v -0.0340607 -0.037719 -0.0354952 
v -0.0340874 -0.035814 -0.0354165 
v -0.0340374 -0.037719 -0.0355749 
v -0.0340607 -0.035814 -0.0354952 
v -0.0340177 -0.037719 -0.0356557 
v -0.0340374 -0.035814 -0.0355749 
v -0.0340014 -0.037719 -0.0357372 
v -0.0340177 -0.035814 -0.0356557 
v -0.0339888 -0.037719 -0.0358193 
v -0.0340014 -0.035814 -0.0357372 
v -0.0339797 -0.037719 -0.035902 
v -0.0339888 -0.035814 -0.0358193 
v -0.0339743 -0.037719 -0.0359849 
v -0.0339797 -0.035814 -0.035902 
v -0.0339725 -0.037719 -0.036068 
v -0.0339743 -0.035814 -0.0359849 
v -0.0339743 -0.037719 -0.0361511 
v -0.0339725 -0.035814 -0.036068 
v -0.0339797 -0.037719 -0.036234 
v -0.0339743 -0.035814 -0.0361511 
v -0.0339888 -0.037719 -0.0363167 
v -0.0339797 -0.035814 -0.036234 
v -0.0340014 -0.037719 -0.0363988 
v -0.0339888 -0.035814 -0.0363167 
v -0.0340177 -0.037719 -0.0364803 
v -0.0340014 -0.035814 -0.0363988 
v -0.0340374 -0.037719 -0.0365611 
v -0.0340177 -0.035814 -0.0364803 
v -0.0340607 -0.037719 -0.0366408 
v -0.0340374 -0.035814 -0.0365611 
v -0.0340874 -0.037719 -0.0367195 
v -0.0340607 -0.035814 -0.0366408 
v -0.0341175 -0.037719 -0.036797 
v -0.0340874 -0.035814 -0.0367195 
v -0.034151 -0.037719 -0.0368731 
v -0.0341175 -0.035814 -0.036797 
v -0.0341877 -0.037719 -0.0369476 
v -0.034151 -0.035814 -0.0368731 
v -0.0342277 -0.037719 -0.0370205 
v -0.0341877 -0.035814 -0.0369476 
v -0.0342708 -0.037719 -0.0370916 
v -0.0342277 -0.035814 -0.0370205 
v -0.034317 -0.037719 -0.0371607 
v -0.0342708 -0.035814 -0.0370916 
v -0.0343662 -0.037719 -0.0372277 
v -0.034317 -0.035814 -0.0371607 
v -0.0344182 -0.037719 -0.0372925 
v -0.0343662 -0.035814 -0.0372277 
v -0.034473 -0.037719 -0.037355 
v -0.0344182 -0.035814 -0.0372925 
v -0.0345305 -0.037719 -0.037415 
v -0.034473 -0.035814 -0.037355 
v -0.0345905 -0.037719 -0.0374725 
v -0.0345305 -0.035814 -0.037415 
v -0.034653 -0.037719 -0.0375273 
v -0.0345905 -0.035814 -0.0374725 
v -0.0347178 -0.037719 -0.0375793 
v -0.034653 -0.035814 -0.0375273 
v -0.0347848 -0.037719 -0.0376285 
v -0.0347178 -0.035814 -0.0375793 
v -0.0348539 -0.037719 -0.0376747 
v -0.0347848 -0.035814 -0.0376285 
v -0.034925 -0.037719 -0.0377178 
v -0.0348539 -0.035814 -0.0376747 
v -0.0349979 -0.037719 -0.0377578 
v -0.034925 -0.035814 -0.0377178 
v -0.0350724 -0.037719 -0.0377945 
v -0.0349979 -0.035814 -0.0377578 
v -0.0351485 -0.037719 -0.037828 
v -0.0350724 -0.035814 -0.0377945 
v -0.035226 -0.037719 -0.0378581 
v -0.0351485 -0.035814 -0.037828 
v -0.0353047 -0.037719 -0.0378848 
v -0.035226 -0.035814 -0.0378581 
v -0.0353844 -0.037719 -0.0379081 
v -0.0353047 -0.035814 -0.0378848 
v -0.0354652 -0.037719 -0.0379278 
v -0.0353844 -0.035814 -0.0379081 
v -0.0355467 -0.037719 -0.0379441 
v -0.0354652 -0.035814 -0.0379278 
v -0.0356288 -0.037719 -0.0379567 
v -0.0355467 -0.035814 -0.0379441 
v -0.0357115 -0.037719 -0.0379658 
v -0.0356288 -0.035814 -0.0379567 
v -0.0357944 -0.037719 -0.0379712 
v -0.0357115 -0.035814 -0.0379658 
v -0.0357944 -0.035814 -0.0379712 
v -0.033056 -0.037719 -0.036824 
v -0.0330257 -0.037719 -0.0367002 
v -0.0330009 -0.037719 -0.0365752 
v -0.0329815 -0.037719 -0.0364493 
v -0.0329676 -0.037719 -0.0363226 
v -0.0375529 -0.037719 -0.0384607 
v -0.037447 -0.037719 -0.0385315 
v -0.037338 -0.037719 -0.0385977 
v -0.0372263 -0.037719 -0.038659 
v -0.0336399 -0.037719 -0.0379456 
v -0.0335601 -0.037719 -0.0378462 
v -0.0334848 -0.037719 -0.0377434 
v -0.033414 -0.037719 -0.0376375 
v -0.0333478 -0.037719 -0.0375285 
v -0.0332302 -0.037719 -0.0373025 
v -0.0331788 -0.037719 -0.0371858 
v -0.0331327 -0.037719 -0.037067 
v -0.0330917 -0.037719 -0.0369464 
v -0.033056 -0.037719 -0.035312 
v -0.0330917 -0.037719 -0.0351896 
v -0.037112 -0.037719 -0.0334207 
v -0.0372263 -0.037719 -0.033477 
v -0.0377551 -0.037719 -0.0383056 
v -0.0376557 -0.037719 -0.0383854 
v -0.0337239 -0.037719 -0.0380414 
v -0.0332865 -0.037719 -0.0374168 
v -0.0329565 -0.037719 -0.036068 
v -0.0329593 -0.037719 -0.0359406 
v -0.0329815 -0.037719 -0.0356867 
v -0.0330009 -0.037719 -0.0355608 
v -0.0330257 -0.037719 -0.0354358 
v -0.0337239 -0.037719 -0.0340946 
v -0.033812 -0.037719 -0.0340025 
v -0.0339041 -0.037719 -0.0339144 
v -0.0339999 -0.037719 -0.0338304 
v -0.0354962 -0.037719 -0.033172 
v -0.0356229 -0.037719 -0.0331581 
v -0.0358775 -0.037719 -0.033147 
v -0.0360049 -0.037719 -0.0331498 
v -0.0366335 -0.037719 -0.0332465 
v -0.0367559 -0.037719 -0.0332822 
v -0.037338 -0.037719 -0.0335383 
v -0.0387735 -0.037719 -0.0356867 
v -0.0387874 -0.037719 -0.0358134 
v -0.0387985 -0.037719 -0.036068 
v -0.0387957 -0.037719 -0.0361954 
v -0.0329593 -0.037719 -0.0361954 
v -0.0331327 -0.037719 -0.035069 
v -0.0331788 -0.037719 -0.0349502 
v -0.0332865 -0.037719 -0.0347192 
v -0.0333478 -0.037719 -0.0346075 
v -0.0335601 -0.037719 -0.0342898 
v -0.0336399 -0.037719 -0.0341904 
v -0.034643 -0.037719 -0.0334207 
v -0.0347597 -0.037719 -0.0333693 
v -0.0351215 -0.037719 -0.0332465 
v -0.0352453 -0.037719 -0.0332162 
v -0.0353703 -0.037719 -0.0331914 
v -0.0357501 -0.037719 -0.0331498 
v -0.0362588 -0.037719 -0.033172 
v -0.0363847 -0.037719 -0.0331914 
v -0.0365097 -0.037719 -0.0332162 
v -0.037447 -0.037719 -0.0336045 
v -0.038699 -0.037719 -0.035312 
v -0.0387293 -0.037719 -0.0354358 
v -0.0387541 -0.037719 -0.0355608 
v -0.0387957 -0.037719 -0.0359406 
v -0.0385762 -0.037719 -0.0371858 
v -0.0385248 -0.037719 -0.0373025 
v -0.0384072 -0.037719 -0.0375285 
v -0.038341 -0.037719 -0.0376375 
v -0.0382702 -0.037719 -0.0377434 
v -0.0381949 -0.037719 -0.0378462 
v -0.037112 -0.037719 -0.0387153 
v -0.0369953 -0.037719 -0.0387667 
v -0.0368765 -0.037719 -0.0388128 
v -0.0362588 -0.037719 -0.038964 
v -0.0361321 -0.037719 -0.0389779 
v -0.0360049 -0.037719 -0.0389862 
v -0.0358775 -0.037719 -0.038989 
v -0.0329676 -0.037719 -0.0358134 
v -0.0332302 -0.037719 -0.0348335 
v -0.0340993 -0.037719 -0.0337506 
v -0.0342021 -0.037719 -0.0336753 
v -0.0345287 -0.037719 -0.033477 
v -0.0348785 -0.037719 -0.0333232 
v -0.0349991 -0.037719 -0.0332822 
v -0.0361321 -0.037719 -0.0331581 
v -0.0368765 -0.037719 -0.0333232 
v -0.0369953 -0.037719 -0.0333693 
v -0.0375529 -0.037719 -0.0336753 
v -0.0376557 -0.037719 -0.0337506 
v -0.0377551 -0.037719 -0.0338304 
v -0.0387874 -0.037719 -0.0363226 
v -0.0387735 -0.037719 -0.0364493 
v -0.0387541 -0.037719 -0.0365752 
v -0.0387293 -0.037719 -0.0367002 
v -0.038699 -0.037719 -0.036824 
v -0.0384685 -0.037719 -0.0374168 
v -0.0381151 -0.037719 -0.0379456 
v -0.0380311 -0.037719 -0.0380414 
v -0.0367559 -0.037719 -0.0388538 
v -0.0366335 -0.037719 -0.0388895 
v -0.0365097 -0.037719 -0.0389198 
v -0.0363847 -0.037719 -0.0389446 
v -0.0351215 -0.037719 -0.0388895 
v -0.0349991 -0.037719 -0.0388538 
v -0.034643 -0.037719 -0.0387153 
v -0.0345287 -0.037719 -0.038659 
v -0.034308 -0.037719 -0.0385315 
v -0.0342021 -0.037719 -0.0384607 
v -0.0340993 -0.037719 -0.0383854 
v -0.0339999 -0.037719 -0.0383056 
v -0.033414 -0.037719 -0.0344985 
v -0.0334848 -0.037719 -0.0343926 
v -0.034308 -0.037719 -0.0336045 
v -0.034417 -0.037719 -0.0335383 
v -0.0378509 -0.037719 -0.0339144 
v -0.037943 -0.037719 -0.0340025 
v -0.0381949 -0.037719 -0.0342898 
v -0.0382702 -0.037719 -0.0343926 
v -0.0385762 -0.037719 -0.0349502 
v -0.0386223 -0.037719 -0.035069 
v -0.0386223 -0.037719 -0.037067 
v -0.037943 -0.037719 -0.0381335 
v -0.0378509 -0.037719 -0.0382216 
v -0.0354962 -0.037719 -0.038964 
v -0.0353703 -0.037719 -0.0389446 
v -0.0352453 -0.037719 -0.0389198 
v -0.034417 -0.037719 -0.0385977 
v -0.0339041 -0.037719 -0.0382216 
v -0.033812 -0.037719 -0.0381335 
v -0.038341 -0.037719 -0.0344985 
v -0.0384072 -0.037719 -0.0346075 
v -0.0384685 -0.037719 -0.0347192 
v -0.0385248 -0.037719 -0.0348335 
v -0.0386633 -0.037719 -0.0369464 
v -0.0357501 -0.037719 -0.0389862 
v -0.0356229 -0.037719 -0.0389779 
v -0.0386633 -0.037719 -0.0351896 
v -0.0348785 -0.037719 -0.0388128 
v -0.0347597 -0.037719 -0.0387667 
v -0.0380311 -0.037719 -0.0340946 
v -0.0381151 -0.037719 -0.0341904 
v -0.0360049 -0.039624 -0.0389862 
v -0.0358775 -0.039624 -0.038989 
v -0.0361321 -0.039624 -0.0389779 
v -0.0362588 -0.039624 -0.038964 
v -0.0363847 -0.039624 -0.0389446 
v -0.0365097 -0.039624 -0.0389198 
v -0.0366335 -0.039624 -0.0388895 
v -0.0367559 -0.039624 -0.0388538 
v -0.0368765 -0.039624 -0.0388128 
v -0.0369953 -0.039624 -0.0387667 
v -0.037112 -0.039624 -0.0387153 
v -0.0372263 -0.039624 -0.038659 
v -0.037338 -0.039624 -0.0385977 
v -0.037447 -0.039624 -0.0385315 
v -0.0375529 -0.039624 -0.0384607 
v -0.0376557 -0.039624 -0.0383854 
v -0.0377551 -0.039624 -0.0383056 
v -0.0378509 -0.039624 -0.0382216 
v -0.037943 -0.039624 -0.0381335 
v -0.0380311 -0.039624 -0.0380414 
v -0.0381151 -0.039624 -0.0379456 
v -0.0381949 -0.039624 -0.0378462 
v -0.0382702 -0.039624 -0.0377434 
v -0.038341 -0.039624 -0.0376375 
v -0.0384072 -0.039624 -0.0375285 
v -0.0384685 -0.039624 -0.0374168 
v -0.0385248 -0.039624 -0.0373025 
v -0.0385762 -0.039624 -0.0371858 
v -0.0386223 -0.039624 -0.037067 
v -0.0386633 -0.039624 -0.0369464 
v -0.038699 -0.039624 -0.036824 
v -0.0387293 -0.039624 -0.0367002 
v -0.0387541 -0.039624 -0.0365752 
v -0.0387735 -0.039624 -0.0364493 
v -0.0387874 -0.039624 -0.0363226 
v -0.0387957 -0.039624 -0.0361954 
v -0.0387985 -0.039624 -0.036068 
v -0.0387957 -0.039624 -0.0359406 
v -0.0387874 -0.039624 -0.0358134 
v -0.0387735 -0.039624 -0.0356867 
v -0.0387541 -0.039624 -0.0355608 
v -0.0387293 -0.039624 -0.0354358 
v -0.038699 -0.039624 -0.035312 
v -0.0386633 -0.039624 -0.0351896 
v -0.0386223 -0.039624 -0.035069 
v -0.0385762 -0.039624 -0.0349502 
v -0.0385248 -0.039624 -0.0348335 
v -0.0384685 -0.039624 -0.0347192 
v -0.0384072 -0.039624 -0.0346075 
v -0.038341 -0.039624 -0.0344985 
v -0.0382702 -0.039624 -0.0343926 
v -0.0381949 -0.039624 -0.0342898 
v -0.0381151 -0.039624 -0.0341904 
v -0.0380311 -0.039624 -0.0340946 
v -0.037943 -0.039624 -0.0340025 
v -0.0378509 -0.039624 -0.0339144 
v -0.0377551 -0.039624 -0.0338304 
v -0.0376557 -0.039624 -0.0337506 
v -0.0375529 -0.039624 -0.0336753 
v -0.037447 -0.039624 -0.0336045 
v -0.037338 -0.039624 -0.0335383 
v -0.0372263 -0.039624 -0.033477 
v -0.037112 -0.039624 -0.0334207 
v -0.0369953 -0.039624 -0.0333693 
v -0.0368765 -0.039624 -0.0333232 
v -0.0367559 -0.039624 -0.0332822 
v -0.0366335 -0.039624 -0.0332465 
v -0.0365097 -0.039624 -0.0332162 
v -0.0363847 -0.039624 -0.0331914 
v -0.0362588 -0.039624 -0.033172 
v -0.0361321 -0.039624 -0.0331581 
v -0.0360049 -0.039624 -0.0331498 
v -0.0358775 -0.039624 -0.033147 
v -0.0357501 -0.039624 -0.0331498 
v -0.0356229 -0.039624 -0.0331581 
v -0.0354962 -0.039624 -0.033172 
v -0.0353703 -0.039624 -0.0331914 
v -0.0352453 -0.039624 -0.0332162 
v -0.0351215 -0.039624 -0.0332465 
v -0.0349991 -0.039624 -0.0332822 
v -0.0348785 -0.039624 -0.0333232 
v -0.0347597 -0.039624 -0.0333693 
v -0.034643 -0.039624 -0.0334207 
v -0.0345287 -0.039624 -0.033477 
v -0.034417 -0.039624 -0.0335383 
v -0.034308 -0.039624 -0.0336045 
v -0.0342021 -0.039624 -0.0336753 
v -0.0340993 -0.039624 -0.0337506 
v -0.0339999 -0.039624 -0.0338304 
v -0.0339041 -0.039624 -0.0339144 
v -0.033812 -0.039624 -0.0340025 
v -0.0337239 -0.039624 -0.0340946 
v -0.0336399 -0.039624 -0.0341904 
v -0.0335601 -0.039624 -0.0342898 
v -0.0334848 -0.039624 -0.0343926 
v -0.033414 -0.039624 -0.0344985 
v -0.0333478 -0.039624 -0.0346075 
v -0.0332865 -0.039624 -0.0347192 
v -0.0332302 -0.039624 -0.0348335 
v -0.0331788 -0.039624 -0.0349502 
v -0.0331327 -0.039624 -0.035069 
v -0.0330917 -0.039624 -0.0351896 
v -0.033056 -0.039624 -0.035312 
v -0.0330257 -0.039624 -0.0354358 
v -0.0330009 -0.039624 -0.0355608 
v -0.0329815 -0.039624 -0.0356867 
v -0.0329676 -0.039624 -0.0358134 
v -0.0329593 -0.039624 -0.0359406 
v -0.0329565 -0.039624 -0.036068 
v -0.0329593 -0.039624 -0.0361954 
v -0.0329676 -0.039624 -0.0363226 
v -0.0329815 -0.039624 -0.0364493 
v -0.0330009 -0.039624 -0.0365752 
v -0.0330257 -0.039624 -0.0367002 
v -0.033056 -0.039624 -0.036824 
v -0.0330917 -0.039624 -0.0369464 
v -0.0331327 -0.039624 -0.037067 
v -0.0331788 -0.039624 -0.0371858 
v -0.0332302 -0.039624 -0.0373025 
v -0.0332865 -0.039624 -0.0374168 
v -0.0333478 -0.039624 -0.0375285 
v -0.033414 -0.039624 -0.0376375 
v -0.0334848 -0.039624 -0.0377434 
v -0.0335601 -0.039624 -0.0378462 
v -0.0336399 -0.039624 -0.0379456 
v -0.0337239 -0.039624 -0.0380414 
v -0.033812 -0.039624 -0.0381335 
v -0.0339041 -0.039624 -0.0382216 
v -0.0339999 -0.039624 -0.0383056 
v -0.0340993 -0.039624 -0.0383854 
v -0.0342021 -0.039624 -0.0384607 
v -0.034308 -0.039624 -0.0385315 
v -0.034417 -0.039624 -0.0385977 
v -0.0345287 -0.039624 -0.038659 
v -0.034643 -0.039624 -0.0387153 
v -0.0347597 -0.039624 -0.0387667 
v -0.0348785 -0.039624 -0.0388128 
v -0.0349991 -0.039624 -0.0388538 
v -0.0351215 -0.039624 -0.0388895 
v -0.0352453 -0.039624 -0.0389198 
v -0.0353703 -0.039624 -0.0389446 
v -0.0354962 -0.039624 -0.038964 
v -0.0356229 -0.039624 -0.0389779 
v -0.0357501 -0.039624 -0.0389862 
v -0.04064 -0.035814 -0.039878 
v -0.03683 -0.035814 -0.039878 
v -0.00381 -0.035814 -0.101346 
v -0.00165067 -0.035814 -0.098487 
v -0.00160769 -0.035814 -0.0985579 
v -0.04064 -0.035814 -0.032258 
v -0.00169051 -0.035814 -0.0984142 
v -0.00381 -0.035814 -0.097536 
v -0.00181716 -0.035814 -0.0981078 
v -0.00179054 -0.035814 -0.0981864 
v -0.00188877 -0.035814 -0.0977841 
v -0.00187618 -0.035814 -0.0978661 
v -0.03683 -0.035814 -0.097536 
v -0.00080817 -0.035814 -0.0958109 
v -0.000882527 -0.035814 -0.0958478 
v -0.00172715 -0.035814 -0.0983397 
v -0.00176051 -0.035814 -0.0982637 
v -0.00184034 -0.035814 -0.0980281 
v -0.00186002 -0.035814 -0.0979475 
v -0.00187613 -0.035814 -0.0972056 
v -0.00188874 -0.035814 -0.0972876 
v -0.00184026 -0.035814 -0.0970436 
v -0.00185996 -0.035814 -0.0971242 
v -0.00179044 -0.035814 -0.0968853 
v -0.00181707 -0.035814 -0.0969639 
v -0.00073228 -0.035814 -0.0957774 
v -0.000416304 -0.035814 -0.095677 
v -0.000496862 -0.035814 -0.0956969 
v -0.0019032 -0.035814 -0.0976188 
v -0.00189779 -0.035814 -0.0977016 
v -0.00190319 -0.035814 -0.0974529 
v -0.001905 -0.035814 -0.0975359 
v -0.00189776 -0.035814 -0.0973701 
v -0.00172703 -0.035814 -0.096732 
v -0.00176041 -0.035814 -0.096808 
v -0.000655 -0.035814 -0.0957471 
v -0.000576478 -0.035814 -0.0957203 
v -4.76572e-06 -0.035814 -0.095631 
v -8.77196e-05 -0.035814 -0.095633 
v -0.00169038 -0.035814 -0.0966576 
v -0.0012888 -0.035814 -0.0961331 
v -0.00134867 -0.035814 -0.0961906 
v -0.03683 -0.035814 -0.032258 
v -0.000252971 -0.035814 -0.0956479 
v -0.000334955 -0.035814 -0.0956607 
v -0.0015615 -0.035814 -0.0964448 
v -0.00160754 -0.035814 -0.0965138 
v -0.00140598 -0.035814 -0.0962506 
v -0.03683 -0.035814 -0.028448 
v 0 -0.035814 -0.028448 
v 0 -0.035814 -0.032258 
v -0.000170507 -0.035814 -0.0956386 
v -0.00151267 -0.035814 -0.098694 
v -0.00146081 -0.035814 -0.0987587 
v -0.00165052 -0.035814 -0.0965848 
v -0.00146062 -0.035814 -0.0963131 
v -0.000955209 -0.035814 -0.0958878 
v -0.00140618 -0.035814 -0.0988212 
v -0.00134887 -0.035814 -0.0988812 
v -0.00156166 -0.035814 -0.098627 
v -0.0015125 -0.035814 -0.0963778 
v -0.00102608 -0.035814 -0.0959309 
v -0.001095 -0.035814 -0.0959772 
v -0.00109524 -0.035814 -0.0990947 
v -0.00102632 -0.035814 -0.0991409 
v -0.00128901 -0.035814 -0.0989387 
v -0.00122671 -0.035814 -0.0989935 
v -5.19549e-06 -0.035814 -0.101346 
v -0.000497139 -0.035814 -0.099375 
v -0.000416583 -0.035814 -0.0993949 
v -0.000655269 -0.035814 -0.0993248 
v -0.000955457 -0.035814 -0.0991841 
v -0.00116207 -0.035814 -0.0990455 
v -0.00122649 -0.035814 -0.0960783 
v -0.00116185 -0.035814 -0.0960263 
v -0.000170792 -0.035814 -0.0994333 
v -8.80058e-05 -0.035814 -0.099439 
v -0.000576751 -0.035814 -0.0993516 
v -0.000732544 -0.035814 -0.0992945 
v -0.00088278 -0.035814 -0.0992241 
v -0.000808429 -0.035814 -0.099261 
v -0.000253255 -0.035814 -0.0994241 
v -0.000335237 -0.035814 -0.0994113 
v -5.05223e-06 -0.035814 -0.099441 
v -0.00381 -0.039624 -0.101346 
v -5.19549e-06 -0.039624 -0.101346 
v -0.00381 -0.039624 -0.097536 
v -0.03683 -0.039624 -0.097536 
v -0.03683 -0.039624 -0.039878 
v -0.04064 -0.039624 -0.039878 
v -0.04064 -0.039624 -0.032258 
v -0.03683 -0.039624 -0.032258 
v -0.03683 -0.039624 -0.028448 
v 0 -0.039624 -0.028448 
v 0 -0.039624 -0.032258 
v -8.80058e-05 -0.037719 -0.099439 
v -5.05223e-06 -0.037719 -0.099441 
v -0.000170792 -0.037719 -0.0994333 
v -0.000253255 -0.037719 -0.0994241 
v -0.000335237 -0.037719 -0.0994113 
v -0.000416583 -0.037719 -0.0993949 
v -0.000497139 -0.037719 -0.099375 
v -0.000576751 -0.037719 -0.0993516 
v -0.000655269 -0.037719 -0.0993248 
v -0.000732544 -0.037719 -0.0992945 
v -0.000808429 -0.037719 -0.099261 
v -0.00088278 -0.037719 -0.0992241 
v -0.000955457 -0.037719 -0.0991841 
v -0.00102632 -0.037719 -0.0991409 
v -0.00109524 -0.037719 -0.0990947 
v -0.00116207 -0.037719 -0.0990455 
v -0.00122671 -0.037719 -0.0989935 
v -0.00128901 -0.037719 -0.0989387 
v -0.00134887 -0.037719 -0.0988812 
v -0.00140618 -0.037719 -0.0988212 
v -0.00146081 -0.037719 -0.0987587 
v -0.00151267 -0.037719 -0.098694 
v -0.00156166 -0.037719 -0.098627 
v -0.00160769 -0.037719 -0.0985579 
v -0.00165067 -0.037719 -0.098487 
v -0.00169051 -0.037719 -0.0984142 
v -0.00172715 -0.037719 -0.0983397 
v -0.00176051 -0.037719 -0.0982637 
v -0.00179054 -0.037719 -0.0981864 
v -0.00181716 -0.037719 -0.0981078 
v -0.00184034 -0.037719 -0.0980281 
v -0.00186002 -0.037719 -0.0979475 
v -0.00187618 -0.037719 -0.0978661 
v -0.00188877 -0.037719 -0.0977841 
v -0.00189779 -0.037719 -0.0977016 
v -0.0019032 -0.037719 -0.0976188 
v -0.001905 -0.037719 -0.0975359 
v -0.00190319 -0.037719 -0.0974529 
v -0.00189776 -0.037719 -0.0973701 
v -0.00188874 -0.037719 -0.0972876 
v -0.00187613 -0.037719 -0.0972056 
v -0.00185996 -0.037719 -0.0971242 
v -0.00184026 -0.037719 -0.0970436 
v -0.00181707 -0.037719 -0.0969639 
v -0.00179044 -0.037719 -0.0968853 
v -0.00176041 -0.037719 -0.096808 
v -0.00172703 -0.037719 -0.096732 
v -0.00169038 -0.037719 -0.0966576 
v -0.00165052 -0.037719 -0.0965848 
v -0.00160754 -0.037719 -0.0965138 
v -0.0015615 -0.037719 -0.0964448 
v -0.0015125 -0.037719 -0.0963778 
v -0.00146062 -0.037719 -0.0963131 
v -0.00140598 -0.037719 -0.0962506 
v -0.00134867 -0.037719 -0.0961906 
v -0.0012888 -0.037719 -0.0961331 
v -0.00122649 -0.037719 -0.0960783 
v -0.00116185 -0.037719 -0.0960263 
v -0.001095 -0.037719 -0.0959772 
v -0.00102608 -0.037719 -0.0959309 
v -0.000955209 -0.037719 -0.0958878 
v -0.000882527 -0.037719 -0.0958478 
v -0.00080817 -0.037719 -0.0958109 
v -0.00073228 -0.037719 -0.0957774 
v -0.000655 -0.037719 -0.0957471 
v -0.000576478 -0.037719 -0.0957203 
v -0.000496862 -0.037719 -0.0956969 
v -0.000416304 -0.037719 -0.095677 
v -0.000334955 -0.037719 -0.0956607 
v -0.000252971 -0.037719 -0.0956479 
v -0.000170507 -0.037719 -0.0956386 
v -8.77196e-05 -0.037719 -0.095633 
v -4.76572e-06 -0.037719 -0.095631 
v -5.12864e-06 -0.037719 -0.100457 
v -5.12864e-06 -0.039624 -0.100457 
v -4.68931e-06 -0.037719 -0.094615 
v -4.68931e-06 -0.039624 -0.094615 
v -0.0021553 -0.037719 -0.0995075 
v -0.00206735 -0.037719 -0.0995996 
v -0.00197547 -0.037719 -0.0996877 
v -0.00246438 -0.037719 -0.0959679 
v -0.00253037 -0.037719 -0.0960767 
v -0.00239396 -0.037719 -0.0992097 
v -0.00231876 -0.037719 -0.0993124 
v -0.00223916 -0.037719 -0.0994117 
v -0.00167769 -0.037719 -0.0951449 
v -0.00178029 -0.037719 -0.0952202 
v -0.002155 -0.037719 -0.0955641 
v -0.00223888 -0.037719 -0.0956599 
v -0.00239371 -0.037719 -0.095862 
v -0.00278603 -0.037719 -0.0966583 
v -0.00282162 -0.037719 -0.0967806 
v -0.00291824 -0.037719 -0.0976631 
v -0.00290993 -0.037719 -0.0977901 
v -0.00289609 -0.037719 -0.0979166 
v -0.00269921 -0.037719 -0.0986525 
v -0.00264799 -0.037719 -0.098769 
v -0.00259175 -0.037719 -0.0988832 
v -0.00253059 -0.037719 -0.0989949 
v -0.00246462 -0.037719 -0.0991038 
v -0.00157191 -0.037719 -0.095074 
v -0.00206704 -0.037719 -0.0954721 
v -0.0023185 -0.037719 -0.0957593 
v -0.00259155 -0.037719 -0.0961884 
v -0.00264781 -0.037719 -0.0963026 
v -0.00269904 -0.037719 -0.0964191 
v -0.00274514 -0.037719 -0.0965378 
v -0.00285186 -0.037719 -0.0969042 
v -0.00287676 -0.037719 -0.0980425 
v -0.0018795 -0.037719 -0.0953 
v -0.00197515 -0.037719 -0.095384 
v -0.00285196 -0.037719 -0.0981673 
v -0.00282174 -0.037719 -0.098291 
v -0.00278616 -0.037719 -0.0984132 
v -0.00274529 -0.037719 -0.0985338 
v -0.0013516 -0.037719 -0.0949465 
v -0.00146314 -0.037719 -0.0950079 
v -0.00287668 -0.037719 -0.0970291 
v -0.00289604 -0.037719 -0.0971549 
v -0.00290989 -0.037719 -0.0972815 
v -0.00291822 -0.037719 -0.0974085 
v -0.00123748 -0.037719 -0.0948901 
v -0.002921 -0.037719 -0.0975358 
v -0.00112102 -0.037719 -0.0948387 
v -0.00187984 -0.037719 -0.0997717 
v -0.00178064 -0.037719 -0.0998515 
v -0.000759749 -0.037719 -0.0947155 
v -0.000881923 -0.037719 -0.0947513 
v -0.00100242 -0.037719 -0.0947924 
v -0.00167805 -0.037719 -0.0999269 
v -0.00157228 -0.037719 -0.0999977 
v -0.00146352 -0.037719 -0.100064 
v -0.000760173 -0.037719 -0.100356 
v -0.000636561 -0.037719 -0.100387 
v -0.000511739 -0.037719 -0.100412 
v -0.000511307 -0.037719 -0.0946601 
v -0.000636132 -0.037719 -0.0946851 
v -0.00135199 -0.037719 -0.100125 
v -0.000882342 -0.037719 -0.100321 
v -0.000259419 -0.037719 -0.100445 
v -0.0001324 -0.037719 -0.100454 
v -0.000131961 -0.037719 -0.094618 
v -0.000258981 -0.037719 -0.0946265 
v -0.00123788 -0.037719 -0.100182 
v -0.00112142 -0.037719 -0.100233 
v -0.00100283 -0.037719 -0.100279 
v -0.000385946 -0.037719 -0.100431 
v -0.00038551 -0.037719 -0.0946406 
v -0.0001324 -0.039624 -0.100454 
v -0.000259419 -0.039624 -0.100445 
v -0.000385946 -0.039624 -0.100431 
v -0.000511739 -0.039624 -0.100412 
v -0.000636561 -0.039624 -0.100387 
v -0.000760173 -0.039624 -0.100356 
v -0.000882342 -0.039624 -0.100321 
v -0.00100283 -0.039624 -0.100279 
v -0.00112142 -0.039624 -0.100233 
v -0.00123788 -0.039624 -0.100182 
v -0.00135199 -0.039624 -0.100125 
v -0.00146352 -0.039624 -0.100064 
v -0.00157228 -0.039624 -0.0999977 
v -0.00167805 -0.039624 -0.0999269 
v -0.00178064 -0.039624 -0.0998515 
v -0.00187984 -0.039624 -0.0997717 
v -0.00197547 -0.039624 -0.0996877 
v -0.00206735 -0.039624 -0.0995996 
v -0.0021553 -0.039624 -0.0995075 
v -0.00223916 -0.039624 -0.0994117 
v -0.00231876 -0.039624 -0.0993124 
v -0.00239396 -0.039624 -0.0992097 
v -0.00246462 -0.039624 -0.0991038 
v -0.00253059 -0.039624 -0.0989949 
v -0.00259175 -0.039624 -0.0988832 
v -0.00264799 -0.039624 -0.098769 
v -0.00269921 -0.039624 -0.0986525 
v -0.00274529 -0.039624 -0.0985338 
v -0.00278616 -0.039624 -0.0984132 
v -0.00282174 -0.039624 -0.098291 
v -0.00285196 -0.039624 -0.0981673 
v -0.00287676 -0.039624 -0.0980425 
v -0.00289609 -0.039624 -0.0979166 
v -0.00290993 -0.039624 -0.0977901 
v -0.00291824 -0.039624 -0.0976631 
v -0.002921 -0.039624 -0.0975358 
v -0.00291822 -0.039624 -0.0974085 
v -0.00290989 -0.039624 -0.0972815 
v -0.00289604 -0.039624 -0.0971549 
v -0.00287668 -0.039624 -0.0970291 
v -0.00285186 -0.039624 -0.0969042 
v -0.00282162 -0.039624 -0.0967806 
v -0.00278603 -0.039624 -0.0966583 
v -0.00274514 -0.039624 -0.0965378 
v -0.00269904 -0.039624 -0.0964191 
v -0.00264781 -0.039624 -0.0963026 
v -0.00259155 -0.039624 -0.0961884 
v -0.00253037 -0.039624 -0.0960767 
v -0.00246438 -0.039624 -0.0959679 
v -0.00239371 -0.039624 -0.095862 
v -0.0023185 -0.039624 -0.0957593 
v -0.00223888 -0.039624 -0.0956599 
v -0.002155 -0.039624 -0.0955641 
v -0.00206704 -0.039624 -0.0954721 
v -0.00197515 -0.039624 -0.095384 
v -0.0018795 -0.039624 -0.0953 
v -0.00178029 -0.039624 -0.0952202 
v -0.00167769 -0.039624 -0.0951449 
v -0.00157191 -0.039624 -0.095074 
v -0.00146314 -0.039624 -0.0950079 
v -0.0013516 -0.039624 -0.0949465 
v -0.00123748 -0.039624 -0.0948901 
v -0.00112102 -0.039624 -0.0948387 
v -0.00100242 -0.039624 -0.0947924 
v -0.000881923 -0.039624 -0.0947513 
v -0.000759749 -0.039624 -0.0947155 
v -0.000636132 -0.039624 -0.0946851 
v -0.000511307 -0.039624 -0.0946601 
v -0.00038551 -0.039624 -0.0946406 
v -0.000258981 -0.039624 -0.0946265 
v -0.000131961 -0.039624 -0.094618 
v -0.00635 -0.039624 -0.032258 
v -0.03048 -0.039624 -0.029718 
v -0.03048 -0.039624 -0.032258 
v -0.00635 -0.039624 -0.029718 
v -0.00635 -0.0376428 -0.032258 
v -0.00635 -0.0376428 -0.029718 
v -0.03048 -0.0376428 -0.032258 
v -0.03048 -0.0376428 -0.029718 
vn 0.0436194 0 0.999048 
vn 2.44929e-16 0 1 
vn 0.0871557 0 0.996195 
vn 0.0436194 0 0.999048 
vn 0.130526 0 0.991445 
vn 0.0871557 0 0.996195 
vn 0.173648 0 0.984808 
vn 0.130526 0 0.991445 
vn 0.21644 0 0.976296 
vn 0.173648 0 0.984808 
vn 0.258819 0 0.965926 
vn 0.21644 0 0.976296 
vn 0.300706 0 0.953717 
vn 0.258819 0 0.965926 
vn 0.34202 0 0.939693 
vn 0.300706 0 0.953717 
vn 0.382683 0 0.92388 
vn 0.34202 0 0.939693 
vn 0.422618 0 0.906308 
vn 0.382683 0 0.92388 
vn 0.461749 0 0.887011 
vn 0.422618 0 0.906308 
vn 0.5 0 0.866025 
vn 0.461749 0 0.887011 
vn 0.5373 0 0.843391 
vn 0.5 0 0.866025 
vn 0.573576 0 0.819152 
vn 0.5373 0 0.843391 
vn 0.608761 0 0.793353 
vn 0.573576 0 0.819152 
vn 0.642788 0 0.766044 
vn 0.608761 0 0.793353 
vn 0.67559 0 0.737277 
vn 0.642788 0 0.766044 
vn 0.707107 0 0.707107 
vn 0.67559 0 0.737277 
vn 0.737277 0 0.67559 
vn 0.707107 0 0.707107 
vn 0.766044 0 0.642788 
vn 0.737277 0 0.67559 
vn 0.793353 0 0.608761 
vn 0.766044 0 0.642788 
vn 0.819152 0 0.573576 
vn 0.793353 0 0.608761 
vn 0.843391 0 0.5373 
vn 0.819152 0 0.573576 
vn 0.866025 0 0.5 
vn 0.843391 0 0.5373 
vn 0.887011 0 0.461749 
vn 0.866025 0 0.5 
vn 0.906308 0 0.422618 
vn 0.887011 0 0.461749 
vn 0.92388 0 0.382683 
vn 0.906308 0 0.422618 
vn 0.939693 0 0.34202 
vn 0.92388 0 0.382683 
vn 0.953717 0 0.300706 
vn 0.939693 0 0.34202 
vn 0.965926 0 0.258819 
vn 0.953717 0 0.300706 
vn 0.976296 0 0.21644 
vn 0.965926 0 0.258819 
vn 0.984808 0 0.173648 
vn 0.976296 0 0.21644 
vn 0.991445 0 0.130526 
vn 0.984808 0 0.173648 
vn 0.996195 0 0.0871557 
vn 0.991445 0 0.130526 
vn 0.999048 0 0.0436194 
vn 0.996195 0 0.0871557 
vn 1 0 -1.83697e-16 
vn 0.999048 0 0.0436194 
vn 0.999048 0 -0.0436194 
vn 1 0 -1.83697e-16 
vn 0.996195 0 -0.0871557 
vn 0.999048 0 -0.0436194 
vn 0.991445 0 -0.130526 
vn 0.996195 0 -0.0871557 
vn 0.984808 0 -0.173648 
vn 0.991445 0 -0.130526 
vn 0.976296 0 -0.21644 
vn 0.984808 0 -0.173648 
vn 0.965926 0 -0.258819 
vn 0.976296 0 -0.21644 
vn 0.953717 0 -0.300706 
vn 0.965926 0 -0.258819 
vn 0.939693 0 -0.34202 
vn 0.953717 0 -0.300706 
vn 0.92388 0 -0.382683 
vn 0.939693 0 -0.34202 
vn 0.906308 0 -0.422618 
vn 0.92388 0 -0.382683 
vn 0.887011 0 -0.461749 
vn 0.906308 0 -0.422618 
vn 0.866025 0 -0.5 
vn 0.887011 0 -0.461749 
vn 0.843391 0 -0.5373 
vn 0.866025 0 -0.5 
vn 0.819152 0 -0.573576 
vn 0.843391 0 -0.5373 
vn 0.793353 0 -0.608761 
vn 0.819152 0 -0.573576 
vn 0.766044 0 -0.642788 
vn 0.793353 0 -0.608761 
vn 0.737277 0 -0.67559 
vn 0.766044 0 -0.642788 
vn 0.707107 0 -0.707107 
vn 0.737277 0 -0.67559 
vn 0.67559 0 -0.737277 
vn 0.707107 0 -0.707107 
vn 0.642788 0 -0.766044 
vn 0.67559 0 -0.737277 
vn 0.608761 0 -0.793353 
vn 0.642788 0 -0.766044 
vn 0.573576 0 -0.819152 
vn 0.608761 0 -0.793353 
vn 0.5373 0 -0.843391 
vn 0.573576 0 -0.819152 
vn 0.5 0 -0.866025 
vn 0.5373 0 -0.843391 
vn 0.461749 0 -0.887011 
vn 0.5 0 -0.866025 
vn 0.422618 0 -0.906308 
vn 0.461749 0 -0.887011 
vn 0.382683 0 -0.92388 
vn 0.422618 0 -0.906308 
vn 0.34202 0 -0.939693 
vn 0.382683 0 -0.92388 
vn 0.300706 0 -0.953717 
vn 0.34202 0 -0.939693 
vn 0.258819 0 -0.965926 
vn 0.300706 0 -0.953717 
vn 0.21644 0 -0.976296 
vn 0.258819 0 -0.965926 
vn 0.173648 0 -0.984808 
vn 0.21644 0 -0.976296 
vn 0.130526 0 -0.991445 
vn 0.173648 0 -0.984808 
vn 0.0871557 0 -0.996195 
vn 0.130526 0 -0.991445 
vn 0.0436194 0 -0.999048 
vn 0.0871557 0 -0.996195 
vn -1.22465e-16 0 -1 
vn 0.0436194 0 -0.999048 
vn -0.0436194 0 -0.999048 
vn -1.22465e-16 0 -1 
vn -0.0871557 0 -0.996195 
vn -0.0436194 0 -0.999048 
vn -0.130526 0 -0.991445 
vn -0.0871557 0 -0.996195 
vn -0.173648 0 -0.984808 
vn -0.130526 0 -0.991445 
vn -0.21644 0 -0.976296 
vn -0.173648 0 -0.984808 
vn -0.258819 0 -0.965926 
vn -0.21644 0 -0.976296 
vn -0.300706 0 -0.953717 
vn -0.258819 0 -0.965926 
vn -0.34202 0 -0.939693 
vn -0.300706 0 -0.953717 
vn -0.382683 0 -0.92388 
vn -0.34202 0 -0.939693 
vn -0.422618 0 -0.906308 
vn -0.382683 0 -0.92388 
vn -0.461749 0 -0.887011 
vn -0.422618 0 -0.906308 
vn -0.5 0 -0.866025 
vn -0.461749 0 -0.887011 
vn -0.5373 0 -0.843391 
vn -0.5 0 -0.866025 
vn -0.573576 0 -0.819152 
vn -0.5373 0 -0.843391 
vn -0.608761 0 -0.793353 
vn -0.573576 0 -0.819152 
vn -0.642788 0 -0.766044 
vn -0.608761 0 -0.793353 
vn -0.67559 0 -0.737277 
vn -0.642788 0 -0.766044 
vn -0.707107 0 -0.707107 
vn -0.67559 0 -0.737277 
vn -0.737277 0 -0.67559 
vn -0.707107 0 -0.707107 
vn -0.766044 0 -0.642788 
vn -0.737277 0 -0.67559 
vn -0.793353 0 -0.608761 
vn -0.766044 0 -0.642788 
vn -0.819152 0 -0.573576 
vn -0.793353 0 -0.608761 
vn -0.843391 0 -0.5373 
vn -0.819152 0 -0.573576 
vn -0.866025 0 -0.5 
vn -0.843391 0 -0.5373 
vn -0.887011 0 -0.461749 
vn -0.866025 0 -0.5 
vn -0.906308 0 -0.422618 
vn -0.887011 0 -0.461749 
vn -0.92388 0 -0.382683 
vn -0.906308 0 -0.422618 
vn -0.939693 0 -0.34202 
vn -0.92388 0 -0.382683 
vn -0.953717 0 -0.300706 
vn -0.939693 0 -0.34202 
vn -0.965926 0 -0.258819 
vn -0.953717 0 -0.300706 
vn -0.976296 0 -0.21644 
vn -0.965926 0 -0.258819 
vn -0.984808 0 -0.173648 
vn -0.976296 0 -0.21644 
vn -0.991445 0 -0.130526 
vn -0.984808 0 -0.173648 
vn -0.996195 0 -0.0871557 
vn -0.991445 0 -0.130526 
vn -0.999048 0 -0.0436194 
vn -0.996195 0 -0.0871557 
vn -1 0 6.12323e-17 
vn -0.999048 0 -0.0436194 
vn -0.999048 0 0.0436194 
vn -1 0 6.12323e-17 
vn -0.996195 0 0.0871557 
vn -0.999048 0 0.0436194 
vn -0.991445 0 0.130526 
vn -0.996195 0 0.0871557 
vn -0.984808 0 0.173648 
vn -0.991445 0 0.130526 
vn -0.976296 0 0.21644 
vn -0.984808 0 0.173648 
vn -0.965926 0 0.258819 
vn -0.976296 0 0.21644 
vn -0.953717 0 0.300706 
vn -0.965926 0 0.258819 
vn -0.939693 0 0.34202 
vn -0.953717 0 0.300706 
vn -0.92388 0 0.382683 
vn -0.939693 0 0.34202 
vn -0.906308 0 0.422618 
vn -0.92388 0 0.382683 
vn -0.887011 0 0.461749 
vn -0.906308 0 0.422618 
vn -0.866025 0 0.5 
vn -0.887011 0 0.461749 
vn -0.843391 0 0.5373 
vn -0.866025 0 0.5 
vn -0.819152 0 0.573576 
vn -0.843391 0 0.5373 
vn -0.793353 0 0.608761 
vn -0.819152 0 0.573576 
vn -0.766044 0 0.642788 
vn -0.793353 0 0.608761 
vn -0.737277 0 0.67559 
vn -0.766044 0 0.642788 
vn -0.707107 0 0.707107 
vn -0.737277 0 0.67559 
vn -0.67559 0 0.737277 
vn -0.707107 0 0.707107 
vn -0.642788 0 0.766044 
vn -0.67559 0 0.737277 
vn -0.608761 0 0.793353 
vn -0.642788 0 0.766044 
vn -0.573576 0 0.819152 
vn -0.608761 0 0.793353 
vn -0.5373 0 0.843391 
vn -0.573576 0 0.819152 
vn -0.5 0 0.866025 
vn -0.5373 0 0.843391 
vn -0.461749 0 0.887011 
vn -0.5 0 0.866025 
vn -0.422618 0 0.906308 
vn -0.461749 0 0.887011 
vn -0.382683 0 0.92388 
vn -0.422618 0 0.906308 
vn -0.34202 0 0.939693 
vn -0.382683 0 0.92388 
vn -0.300706 0 0.953717 
vn -0.34202 0 0.939693 
vn -0.258819 0 0.965926 
vn -0.300706 0 0.953717 
vn -0.21644 0 0.976296 
vn -0.258819 0 0.965926 
vn -0.173648 0 0.984808 
vn -0.21644 0 0.976296 
vn -0.130526 0 0.991445 
vn -0.173648 0 0.984808 
vn -0.0871557 0 0.996195 
vn -0.130526 0 0.991445 
vn -0.0436194 0 0.999048 
vn -0.0871557 0 0.996195 
vn 0 -1 0 
vn 0.0436194 0 0.999048 
vn 2.44929e-16 0 1 
vn 0.0871557 0 0.996195 
vn 0.0436194 0 0.999048 
vn 0.130526 0 0.991445 
vn 0.0871557 0 0.996195 
vn 0.173648 0 0.984808 
vn 0.130526 0 0.991445 
vn 0.21644 0 0.976296 
vn 0.173648 0 0.984808 
vn 0.258819 0 0.965926 
vn 0.21644 0 0.976296 
vn 0.300706 0 0.953717 
vn 0.258819 0 0.965926 
vn 0.34202 0 0.939693 
vn 0.300706 0 0.953717 
vn 0.382683 0 0.92388 
vn 0.34202 0 0.939693 
vn 0.422618 0 0.906308 
vn 0.382683 0 0.92388 
vn 0.461749 0 0.887011 
vn 0.422618 0 0.906308 
vn 0.5 0 0.866025 
vn 0.461749 0 0.887011 
vn 0.5373 0 0.843391 
vn 0.5 0 0.866025 
vn 0.573576 0 0.819152 
vn 0.5373 0 0.843391 
vn 0.608761 0 0.793353 
vn 0.573576 0 0.819152 
vn 0.642788 0 0.766044 
vn 0.608761 0 0.793353 
vn 0.67559 0 0.737277 
vn 0.642788 0 0.766044 
vn 0.707107 0 0.707107 
vn 0.67559 0 0.737277 
vn 0.737277 0 0.67559 
vn 0.707107 0 0.707107 
vn 0.766044 0 0.642788 
vn 0.737277 0 0.67559 
vn 0.793353 0 0.608761 
vn 0.766044 0 0.642788 
vn 0.819152 0 0.573576 
vn 0.793353 0 0.608761 
vn 0.843391 0 0.5373 
vn 0.819152 0 0.573576 
vn 0.866025 0 0.5 
vn 0.843391 0 0.5373 
vn 0.887011 0 0.461749 
vn 0.866025 0 0.5 
vn 0.906308 0 0.422618 
vn 0.887011 0 0.461749 
vn 0.92388 0 0.382683 
vn 0.906308 0 0.422618 
vn 0.939693 0 0.34202 
vn 0.92388 0 0.382683 
vn 0.953717 0 0.300706 
vn 0.939693 0 0.34202 
vn 0.965926 0 0.258819 
vn 0.953717 0 0.300706 
vn 0.976296 0 0.21644 
vn 0.965926 0 0.258819 
vn 0.984808 0 0.173648 
vn 0.976296 0 0.21644 
vn 0.991445 0 0.130526 
vn 0.984808 0 0.173648 
vn 0.996195 0 0.0871557 
vn 0.991445 0 0.130526 
vn 0.999048 0 0.0436194 
vn 0.996195 0 0.0871557 
vn 1 0 -1.83697e-16 
vn 0.999048 0 0.0436194 
vn 0.999048 0 -0.0436194 
vn 1 0 -1.83697e-16 
vn 0.996195 0 -0.0871557 
vn 0.999048 0 -0.0436194 
vn 0.991445 0 -0.130526 
vn 0.996195 0 -0.0871557 
vn 0.984808 0 -0.173648 
vn 0.991445 0 -0.130526 
vn 0.976296 0 -0.21644 
vn 0.984808 0 -0.173648 
vn 0.965926 0 -0.258819 
vn 0.976296 0 -0.21644 
vn 0.953717 0 -0.300706 
vn 0.965926 0 -0.258819 
vn 0.939693 0 -0.34202 
vn 0.953717 0 -0.300706 
vn 0.92388 0 -0.382683 
vn 0.939693 0 -0.34202 
vn 0.906308 0 -0.422618 
vn 0.92388 0 -0.382683 
vn 0.887011 0 -0.461749 
vn 0.906308 0 -0.422618 
vn 0.866025 0 -0.5 
vn 0.887011 0 -0.461749 
vn 0.843391 0 -0.5373 
vn 0.866025 0 -0.5 
vn 0.819152 0 -0.573576 
vn 0.843391 0 -0.5373 
vn 0.793353 0 -0.608761 
vn 0.819152 0 -0.573576 
vn 0.766044 0 -0.642788 
vn 0.793353 0 -0.608761 
vn 0.737277 0 -0.67559 
vn 0.766044 0 -0.642788 
vn 0.707107 0 -0.707107 
vn 0.737277 0 -0.67559 
vn 0.67559 0 -0.737277 
vn 0.707107 0 -0.707107 
vn 0.642788 0 -0.766044 
vn 0.67559 0 -0.737277 
vn 0.608761 0 -0.793353 
vn 0.642788 0 -0.766044 
vn 0.573576 0 -0.819152 
vn 0.608761 0 -0.793353 
vn 0.5373 0 -0.843391 
vn 0.573576 0 -0.819152 
vn 0.5 0 -0.866025 
vn 0.5373 0 -0.843391 
vn 0.461749 0 -0.887011 
vn 0.5 0 -0.866025 
vn 0.422618 0 -0.906308 
vn 0.461749 0 -0.887011 
vn 0.382683 0 -0.92388 
vn 0.422618 0 -0.906308 
vn 0.34202 0 -0.939693 
vn 0.382683 0 -0.92388 
vn 0.300706 0 -0.953717 
vn 0.34202 0 -0.939693 
vn 0.258819 0 -0.965926 
vn 0.300706 0 -0.953717 
vn 0.21644 0 -0.976296 
vn 0.258819 0 -0.965926 
vn 0.173648 0 -0.984808 
vn 0.21644 0 -0.976296 
vn 0.130526 0 -0.991445 
vn 0.173648 0 -0.984808 
vn 0.0871557 0 -0.996195 
vn 0.130526 0 -0.991445 
vn 0.0436194 0 -0.999048 
vn 0.0871557 0 -0.996195 
vn -1.22465e-16 0 -1 
vn 0.0436194 0 -0.999048 
vn -0.0436194 0 -0.999048 
vn -1.22465e-16 0 -1 
vn -0.0871557 0 -0.996195 
vn -0.0436194 0 -0.999048 
vn -0.130526 0 -0.991445 
vn -0.0871557 0 -0.996195 
vn -0.173648 0 -0.984808 
vn -0.130526 0 -0.991445 
vn -0.21644 0 -0.976296 
vn -0.173648 0 -0.984808 
vn -0.258819 0 -0.965926 
vn -0.21644 0 -0.976296 
vn -0.300706 0 -0.953717 
vn -0.258819 0 -0.965926 
vn -0.34202 0 -0.939693 
vn -0.300706 0 -0.953717 
vn -0.382683 0 -0.92388 
vn -0.34202 0 -0.939693 
vn -0.422618 0 -0.906308 
vn -0.382683 0 -0.92388 
vn -0.461749 0 -0.887011 
vn -0.422618 0 -0.906308 
vn -0.5 0 -0.866025 
vn -0.461749 0 -0.887011 
vn -0.5373 0 -0.843391 
vn -0.5 0 -0.866025 
vn -0.573576 0 -0.819152 
vn -0.5373 0 -0.843391 
vn -0.608761 0 -0.793353 
vn -0.573576 0 -0.819152 
vn -0.642788 0 -0.766044 
vn -0.608761 0 -0.793353 
vn -0.67559 0 -0.737277 
vn -0.642788 0 -0.766044 
vn -0.707107 0 -0.707107 
vn -0.67559 0 -0.737277 
vn -0.737277 0 -0.67559 
vn -0.707107 0 -0.707107 
vn -0.766044 0 -0.642788 
vn -0.737277 0 -0.67559 
vn -0.793353 0 -0.608761 
vn -0.766044 0 -0.642788 
vn -0.819152 0 -0.573576 
vn -0.793353 0 -0.608761 
vn -0.843391 0 -0.5373 
vn -0.819152 0 -0.573576 
vn -0.866025 0 -0.5 
vn -0.843391 0 -0.5373 
vn -0.887011 0 -0.461749 
vn -0.866025 0 -0.5 
vn -0.906308 0 -0.422618 
vn -0.887011 0 -0.461749 
vn -0.92388 0 -0.382683 
vn -0.906308 0 -0.422618 
vn -0.939693 0 -0.34202 
vn -0.92388 0 -0.382683 
vn -0.953717 0 -0.300706 
vn -0.939693 0 -0.34202 
vn -0.965926 0 -0.258819 
vn -0.953717 0 -0.300706 
vn -0.976296 0 -0.21644 
vn -0.965926 0 -0.258819 
vn -0.984808 0 -0.173648 
vn -0.976296 0 -0.21644 
vn -0.991445 0 -0.130526 
vn -0.984808 0 -0.173648 
vn -0.996195 0 -0.0871557 
vn -0.991445 0 -0.130526 
vn -0.999048 0 -0.0436194 
vn -0.996195 0 -0.0871557 
vn -1 0 6.12323e-17 
vn -0.999048 0 -0.0436194 
vn -0.999048 0 0.0436194 
vn -1 0 6.12323e-17 
vn -0.996195 0 0.0871557 
vn -0.999048 0 0.0436194 
vn -0.991445 0 0.130526 
vn -0.996195 0 0.0871557 
vn -0.984808 0 0.173648 
vn -0.991445 0 0.130526 
vn -0.976296 0 0.21644 
vn -0.984808 0 0.173648 
vn -0.965926 0 0.258819 
vn -0.976296 0 0.21644 
vn -0.953717 0 0.300706 
vn -0.965926 0 0.258819 
vn -0.939693 0 0.34202 
vn -0.953717 0 0.300706 
vn -0.92388 0 0.382683 
vn -0.939693 0 0.34202 
vn -0.906308 0 0.422618 
vn -0.92388 0 0.382683 
vn -0.887011 0 0.461749 
vn -0.906308 0 0.422618 
vn -0.866025 0 0.5 
vn -0.887011 0 0.461749 
vn -0.843391 0 0.5373 
vn -0.866025 0 0.5 
vn -0.819152 0 0.573576 
vn -0.843391 0 0.5373 
vn -0.793353 0 0.608761 
vn -0.819152 0 0.573576 
vn -0.766044 0 0.642788 
vn -0.793353 0 0.608761 
vn -0.737277 0 0.67559 
vn -0.766044 0 0.642788 
vn -0.707107 0 0.707107 
vn -0.737277 0 0.67559 
vn -0.67559 0 0.737277 
vn -0.707107 0 0.707107 
vn -0.642788 0 0.766044 
vn -0.67559 0 0.737277 
vn -0.608761 0 0.793353 
vn -0.642788 0 0.766044 
vn -0.573576 0 0.819152 
vn -0.608761 0 0.793353 
vn -0.5373 0 0.843391 
vn -0.573576 0 0.819152 
vn -0.5 0 0.866025 
vn -0.5373 0 0.843391 
vn -0.461749 0 0.887011 
vn -0.5 0 0.866025 
vn -0.422618 0 0.906308 
vn -0.461749 0 0.887011 
vn -0.382683 0 0.92388 
vn -0.422618 0 0.906308 
vn -0.34202 0 0.939693 
vn -0.382683 0 0.92388 
vn -0.300706 0 0.953717 
vn -0.34202 0 0.939693 
vn -0.258819 0 0.965926 
vn -0.300706 0 0.953717 
vn -0.21644 0 0.976296 
vn -0.258819 0 0.965926 
vn -0.173648 0 0.984808 
vn -0.21644 0 0.976296 
vn -0.130526 0 0.991445 
vn -0.173648 0 0.984808 
vn -0.0871557 0 0.996195 
vn -0.130526 0 0.991445 
vn -0.0436194 0 0.999048 
vn -0.0871557 0 0.996195 
vn 0 1 0 
vn 0 0 -1 
vn -1 0 -2.27654e-16 
vn 1.7074e-16 0 1 
vn 1 0 0 
vn -1 0 1.7074e-16 
vn 0.0461973 0 0.998932 
vn 0.00265209 0 0.999996 
vn 0.0896549 0 0.995973 
vn 0.0461973 0 0.998932 
vn 0.132942 0 0.991124 
vn 0.0896549 0 0.995973 
vn 0.175978 0 0.984394 
vn 0.132942 0 0.991124 
vn 0.218679 0 0.975797 
vn 0.175978 0 0.984394 
vn 0.260965 0 0.965348 
vn 0.218679 0 0.975797 
vn 0.302757 0 0.953068 
vn 0.260965 0 0.965348 
vn 0.343973 0 0.938979 
vn 0.302757 0 0.953068 
vn 0.384538 0 0.923109 
vn 0.343973 0 0.938979 
vn 0.424372 0 0.905488 
vn 0.384538 0 0.923109 
vn 0.463402 0 0.886148 
vn 0.424372 0 0.905488 
vn 0.501552 0 0.865127 
vn 0.463402 0 0.886148 
vn 0.538751 0 0.842465 
vn 0.501552 0 0.865127 
vn 0.574927 0 0.818205 
vn 0.538751 0 0.842465 
vn 0.610013 0 0.792391 
vn 0.574927 0 0.818205 
vn 0.643941 0 0.765075 
vn 0.610013 0 0.792391 
vn 0.676648 0 0.736307 
vn 0.643941 0 0.765075 
vn 0.70807 0 0.706142 
vn 0.676648 0 0.736307 
vn 0.73815 0 0.674637 
vn 0.70807 0 0.706142 
vn 0.766828 0 0.641852 
vn 0.73815 0 0.674637 
vn 0.794052 0 0.60785 
vn 0.766828 0 0.641852 
vn 0.819769 0 0.572694 
vn 0.794052 0 0.60785 
vn 0.843931 0 0.536451 
vn 0.819769 0 0.572694 
vn 0.866492 0 0.499191 
vn 0.843931 0 0.536451 
vn 0.887409 0 0.460983 
vn 0.866492 0 0.499191 
vn 0.906642 0 0.421901 
vn 0.887409 0 0.460983 
vn 0.924155 0 0.382019 
vn 0.906642 0 0.421901 
vn 0.939914 0 0.341411 
vn 0.924155 0 0.382019 
vn 0.95389 0 0.300156 
vn 0.939914 0 0.341411 
vn 0.966056 0 0.258332 
vn 0.95389 0 0.300156 
vn 0.97639 0 0.216017 
vn 0.966056 0 0.258332 
vn 0.98487 0 0.173292 
vn 0.97639 0 0.216017 
vn 0.991483 0 0.130239 
vn 0.98487 0 0.173292 
vn 0.996214 0 0.0869382 
vn 0.991483 0 0.130239 
vn 0.999055 0 0.0434727 
vn 0.996214 0 0.0869382 
vn 1 0 -7.52011e-05 
vn 0.999055 0 0.0434727 
vn 0.999048 0 -0.043623 
vn 1 0 -7.52011e-05 
vn 0.996201 0 -0.087088 
vn 0.999048 0 -0.043623 
vn 0.991463 0 -0.130388 
vn 0.996201 0 -0.087088 
vn 0.984844 0 -0.17344 
vn 0.991463 0 -0.130388 
vn 0.976357 0 -0.216164 
vn 0.984844 0 -0.17344 
vn 0.966017 0 -0.258477 
vn 0.976357 0 -0.216164 
vn 0.953845 0 -0.3003 
vn 0.966017 0 -0.258477 
vn 0.939863 0 -0.341553 
vn 0.953845 0 -0.3003 
vn 0.924097 0 -0.382158 
vn 0.939863 0 -0.341553 
vn 0.906578 0 -0.422038 
vn 0.924097 0 -0.382158 
vn 0.887339 0 -0.461117 
vn 0.906578 0 -0.422038 
vn 0.866417 0 -0.499321 
vn 0.887339 0 -0.461117 
vn 0.843851 0 -0.536578 
vn 0.866417 0 -0.499321 
vn 0.819683 0 -0.572817 
vn 0.843851 0 -0.536578 
vn 0.793961 0 -0.607969 
vn 0.819683 0 -0.572817 
vn 0.766732 0 -0.641968 
vn 0.793961 0 -0.607969 
vn 0.738048 0 -0.674748 
vn 0.766732 0 -0.641968 
vn 0.707964 0 -0.706248 
vn 0.738048 0 -0.674748 
vn 0.676537 0 -0.736409 
vn 0.707964 0 -0.706248 
vn 0.643826 0 -0.765172 
vn 0.676537 0 -0.736409 
vn 0.609894 0 -0.792483 
vn 0.643826 0 -0.765172 
vn 0.574804 0 -0.818291 
vn 0.609894 0 -0.792483 
vn 0.538624 0 -0.842546 
vn 0.574804 0 -0.818291 
vn 0.501422 0 -0.865203 
vn 0.538624 0 -0.842546 
vn 0.463269 0 -0.886218 
vn 0.501422 0 -0.865203 
vn 0.424236 0 -0.905552 
vn 0.463269 0 -0.886218 
vn 0.384399 0 -0.923167 
vn 0.424236 0 -0.905552 
vn 0.343832 0 -0.939031 
vn 0.384399 0 -0.923167 
vn 0.302613 0 -0.953113 
vn 0.343832 0 -0.939031 
vn 0.26082 0 -0.965387 
vn 0.302613 0 -0.953113 
vn 0.218532 0 -0.97583 
vn 0.26082 0 -0.965387 
vn 0.175829 0 -0.984421 
vn 0.218532 0 -0.97583 
vn 0.132793 0 -0.991144 
vn 0.175829 0 -0.984421 
vn 0.0895051 0 -0.995986 
vn 0.132793 0 -0.991144 
vn 0.0460471 0 -0.998939 
vn 0.0895051 0 -0.995986 
vn 0.00250169 0 -0.999997 
vn 0.0460471 0 -0.998939 
vn 1 0 -7.52011e-05 
vn 0 -1 0 
vn 0.0453268 0 0.998972 
vn 0.00175578 0 0.999998 
vn 0.0888117 0 0.996048 
vn 0.0453268 0 0.998972 
vn 0.132128 0 0.991233 
vn 0.0888117 0 0.996048 
vn 0.175193 0 0.984534 
vn 0.132128 0 0.991233 
vn 0.217926 0 0.975965 
vn 0.175193 0 0.984534 
vn 0.260244 0 0.965543 
vn 0.217926 0 0.975965 
vn 0.302068 0 0.953286 
vn 0.260244 0 0.965543 
vn 0.343319 0 0.939219 
vn 0.302068 0 0.953286 
vn 0.383917 0 0.923368 
vn 0.343319 0 0.939219 
vn 0.423786 0 0.905762 
vn 0.383917 0 0.923368 
vn 0.46285 0 0.886437 
vn 0.423786 0 0.905762 
vn 0.501035 0 0.865427 
vn 0.46285 0 0.886437 
vn 0.538268 0 0.842774 
vn 0.501035 0 0.865427 
vn 0.574479 0 0.818519 
vn 0.538268 0 0.842774 
vn 0.609599 0 0.79271 
vn 0.574479 0 0.818519 
vn 0.64356 0 0.765396 
vn 0.609599 0 0.79271 
vn 0.676299 0 0.736627 
vn 0.64356 0 0.765396 
vn 0.707754 0 0.706459 
vn 0.676299 0 0.736627 
vn 0.737864 0 0.674949 
vn 0.707754 0 0.706459 
vn 0.766573 0 0.642158 
vn 0.737864 0 0.674949 
vn 0.793825 0 0.608146 
vn 0.766573 0 0.642158 
vn 0.81957 0 0.572979 
vn 0.793825 0 0.608146 
vn 0.843758 0 0.536724 
vn 0.81957 0 0.572979 
vn 0.866343 0 0.49945 
vn 0.843758 0 0.536724 
vn 0.887283 0 0.461226 
vn 0.866343 0 0.49945 
vn 0.906537 0 0.422127 
vn 0.887283 0 0.461226 
vn 0.924069 0 0.382226 
vn 0.906537 0 0.422127 
vn 0.939846 0 0.341599 
vn 0.924069 0 0.382226 
vn 0.953838 0 0.300322 
vn 0.939846 0 0.341599 
vn 0.966018 0 0.258476 
vn 0.953838 0 0.300322 
vn 0.976363 0 0.216138 
vn 0.966018 0 0.258476 
vn 0.984853 0 0.17339 
vn 0.976363 0 0.216138 
vn 0.991473 0 0.130313 
vn 0.984853 0 0.17339 
vn 0.996209 0 0.0869878 
vn 0.991473 0 0.130313 
vn 0.999054 0 0.0434976 
vn 0.996209 0 0.0869878 
vn 1 0 -7.52011e-05 
vn 0.999054 0 0.0434976 
vn 0.999047 0 -0.0436479 
vn 1 0 -7.52011e-05 
vn 0.996196 0 -0.0871376 
vn 0.999047 0 -0.0436479 
vn 0.991453 0 -0.130462 
vn 0.996196 0 -0.0871376 
vn 0.984827 0 -0.173538 
vn 0.991453 0 -0.130462 
vn 0.97633 0 -0.216285 
vn 0.984827 0 -0.173538 
vn 0.965979 0 -0.258621 
vn 0.97633 0 -0.216285 
vn 0.953793 0 -0.300466 
vn 0.965979 0 -0.258621 
vn 0.939795 0 -0.34174 
vn 0.953793 0 -0.300466 
vn 0.924011 0 -0.382365 
vn 0.939795 0 -0.34174 
vn 0.906473 0 -0.422263 
vn 0.924011 0 -0.382365 
vn 0.887213 0 -0.46136 
vn 0.906473 0 -0.422263 
vn 0.866268 0 -0.49958 
vn 0.887213 0 -0.46136 
vn 0.843677 0 -0.536851 
vn 0.866268 0 -0.49958 
vn 0.819484 0 -0.573103 
vn 0.843677 0 -0.536851 
vn 0.793734 0 -0.608265 
vn 0.819484 0 -0.573103 
vn 0.766476 0 -0.642273 
vn 0.793734 0 -0.608265 
vn 0.737762 0 -0.67506 
vn 0.766476 0 -0.642273 
vn 0.707648 0 -0.706566 
vn 0.737762 0 -0.67506 
vn 0.676188 0 -0.736729 
vn 0.707648 0 -0.706566 
vn 0.643445 0 -0.765492 
vn 0.676188 0 -0.736729 
vn 0.609479 0 -0.792802 
vn 0.643445 0 -0.765492 
vn 0.574356 0 -0.818606 
vn 0.609479 0 -0.792802 
vn 0.538141 0 -0.842855 
vn 0.574356 0 -0.818606 
vn 0.500905 0 -0.865502 
vn 0.538141 0 -0.842855 
vn 0.462717 0 -0.886506 
vn 0.500905 0 -0.865502 
vn 0.42365 0 -0.905826 
vn 0.462717 0 -0.886506 
vn 0.383778 0 -0.923425 
vn 0.42365 0 -0.905826 
vn 0.343178 0 -0.939271 
vn 0.383778 0 -0.923425 
vn 0.301925 0 -0.953332 
vn 0.343178 0 -0.939271 
vn 0.260099 0 -0.965582 
vn 0.301925 0 -0.953332 
vn 0.217779 0 -0.975998 
vn 0.260099 0 -0.965582 
vn 0.175045 0 -0.98456 
vn 0.217779 0 -0.975998 
vn 0.131979 0 -0.991253 
vn 0.175045 0 -0.98456 
vn 0.0886619 0 -0.996062 
vn 0.131979 0 -0.991253 
vn 0.0451765 0 -0.998979 
vn 0.0886619 0 -0.996062 
vn 0.00160538 0 -0.999999 
vn 0.0451765 0 -0.998979 
vn 0 -1 0 
vn -1 0 0 
vn 1.7074e-16 0 1 
vn 1 0 0 
vn 0 0 -1 
vn 0 -1 0 
o mesh25
f 899//876 900//877 901//877 
f 902//878 899//876 903//879 
f 904//880 902//878 905//881 
f 906//882 904//880 907//883 
f 908//884 906//882 909//885 
f 910//886 908//884 911//887 
f 912//888 910//886 913//889 
f 914//890 912//888 915//891 
f 916//892 914//890 917//893 
f 918//894 916//892 919//895 
f 920//896 918//894 921//897 
f 922//898 920//896 923//899 
f 924//900 922//898 925//901 
f 926//902 924//900 927//903 
f 928//904 926//902 929//905 
f 930//906 928//904 931//907 
f 932//908 930//906 933//909 
f 934//910 932//908 935//911 
f 936//912 934//910 937//913 
f 938//914 936//912 939//915 
f 940//916 938//914 941//917 
f 942//918 940//916 943//919 
f 944//920 942//918 945//921 
f 946//922 944//920 947//923 
f 948//924 946//922 949//925 
f 950//926 948//924 951//927 
f 952//928 950//926 953//929 
f 954//930 952//928 955//931 
f 956//932 954//930 957//933 
f 958//934 956//932 959//935 
f 960//936 958//934 961//937 
f 962//938 960//936 963//939 
f 964//940 962//938 965//941 
f 966//942 964//940 967//943 
f 968//944 966//942 969//945 
f 970//946 968//944 971//947 
f 972//948 970//946 973//949 
f 974//950 972//948 975//951 
f 976//952 974//950 977//953 
f 978//954 976//952 979//955 
f 980//956 978//954 981//957 
f 982//958 980//956 983//959 
f 984//960 982//958 985//961 
f 986//962 984//960 987//963 
f 988//964 986//962 989//965 
f 990//966 988//964 991//967 
f 992//968 990//966 993//969 
f 994//970 992//968 995//971 
f 996//972 994//970 997//973 
f 998//974 996//972 999//975 
f 1000//976 998//974 1001//977 
f 1002//978 1000//976 1003//979 
f 1004//980 1002//978 1005//981 
f 1006//982 1004//980 1007//983 
f 1008//984 1006//982 1009//985 
f 1010//986 1008//984 1011//987 
f 1012//988 1010//986 1013//989 
f 1014//990 1012//988 1015//991 
f 1016//992 1014//990 1017//993 
f 1018//994 1016//992 1019//995 
f 1020//996 1018//994 1021//997 
f 1022//998 1020//996 1023//999 
f 1024//1000 1022//998 1025//1001 
f 1026//1002 1024//1000 1027//1003 
f 1028//1004 1026//1002 1029//1005 
f 1030//1006 1028//1004 1031//1007 
f 1032//1008 1030//1006 1033//1009 
f 1034//1010 1032//1008 1035//1011 
f 1036//1012 1034//1010 1037//1013 
f 1038//1014 1036//1012 1039//1015 
f 1040//1016 1038//1014 1041//1017 
f 1042//1018 1040//1016 1043//1019 
f 1044//1020 1042//1018 1045//1021 
f 1046//1022 1044//1020 1047//1023 
f 1048//1024 1046//1022 1049//1025 
f 1050//1026 1048//1024 1051//1027 
f 1052//1028 1050//1026 1053//1029 
f 1054//1030 1052//1028 1055//1031 
f 1056//1032 1054//1030 1057//1033 
f 1058//1034 1056//1032 1059//1035 
f 1060//1036 1058//1034 1061//1037 
f 1062//1038 1060//1036 1063//1039 
f 1064//1040 1062//1038 1065//1041 
f 1066//1042 1064//1040 1067//1043 
f 1068//1044 1066//1042 1069//1045 
f 1070//1046 1068//1044 1071//1047 
f 1072//1048 1070//1046 1073//1049 
f 1074//1050 1072//1048 1075//1051 
f 1076//1052 1074//1050 1077//1053 
f 1078//1054 1076//1052 1079//1055 
f 1080//1056 1078//1054 1081//1057 
f 1082//1058 1080//1056 1083//1059 
f 1084//1060 1082//1058 1085//1061 
f 1086//1062 1084//1060 1087//1063 
f 1088//1064 1086//1062 1089//1065 
f 1090//1066 1088//1064 1091//1067 
f 1092//1068 1090//1066 1093//1069 
f 1094//1070 1092//1068 1095//1071 
f 1096//1072 1094//1070 1097//1073 
f 1098//1074 1096//1072 1099//1075 
f 1100//1076 1098//1074 1101//1077 
f 1102//1078 1100//1076 1103//1079 
f 1104//1080 1102//1078 1105//1081 
f 1106//1082 1104//1080 1107//1083 
f 1108//1084 1106//1082 1109//1085 
f 1110//1086 1108//1084 1111//1087 
f 1112//1088 1110//1086 1113//1089 
f 1114//1090 1112//1088 1115//1091 
f 1116//1092 1114//1090 1117//1093 
f 1118//1094 1116//1092 1119//1095 
f 1120//1096 1118//1094 1121//1097 
f 1122//1098 1120//1096 1123//1099 
f 1124//1100 1122//1098 1125//1101 
f 1126//1102 1124//1100 1127//1103 
f 1128//1104 1126//1102 1129//1105 
f 1130//1106 1128//1104 1131//1107 
f 1132//1108 1130//1106 1133//1109 
f 1134//1110 1132//1108 1135//1111 
f 1136//1112 1134//1110 1137//1113 
f 1138//1114 1136//1112 1139//1115 
f 1140//1116 1138//1114 1141//1117 
f 1142//1118 1140//1116 1143//1119 
f 1144//1120 1142//1118 1145//1121 
f 1146//1122 1144//1120 1147//1123 
f 1148//1124 1146//1122 1149//1125 
f 1150//1126 1148//1124 1151//1127 
f 1152//1128 1150//1126 1153//1129 
f 1154//1130 1152//1128 1155//1131 
f 1156//1132 1154//1130 1157//1133 
f 1158//1134 1156//1132 1159//1135 
f 1160//1136 1158//1134 1161//1137 
f 1162//1138 1160//1136 1163//1139 
f 1164//1140 1162//1138 1165//1141 
f 1166//1142 1164//1140 1167//1143 
f 1168//1144 1166//1142 1169//1145 
f 1170//1146 1168//1144 1171//1147 
f 1172//1148 1170//1146 1173//1149 
f 1174//1150 1172//1148 1175//1151 
f 1176//1152 1174//1150 1177//1153 
f 1178//1154 1176//1152 1179//1155 
f 1180//1156 1178//1154 1181//1157 
f 1182//1158 1180//1156 1183//1159 
f 1184//1160 1182//1158 1185//1161 
f 900//877 1184//1160 1186//1160 
f 1186//1160 901//877 900//877 
f 1185//1161 1186//1160 1184//1160 
f 1183//1159 1185//1161 1182//1158 
f 1181//1157 1183//1159 1180//1156 
f 1179//1155 1181//1157 1178//1154 
f 1177//1153 1179//1155 1176//1152 
f 1175//1151 1177//1153 1174//1150 
f 1173//1149 1175//1151 1172//1148 
f 1171//1147 1173//1149 1170//1146 
f 1169//1145 1171//1147 1168//1144 
f 1167//1143 1169//1145 1166//1142 
f 1165//1141 1167//1143 1164//1140 
f 1163//1139 1165//1141 1162//1138 
f 1161//1137 1163//1139 1160//1136 
f 1159//1135 1161//1137 1158//1134 
f 1157//1133 1159//1135 1156//1132 
f 1155//1131 1157//1133 1154//1130 
f 1153//1129 1155//1131 1152//1128 
f 1151//1127 1153//1129 1150//1126 
f 1149//1125 1151//1127 1148//1124 
f 1147//1123 1149//1125 1146//1122 
f 1145//1121 1147//1123 1144//1120 
f 1143//1119 1145//1121 1142//1118 
f 1141//1117 1143//1119 1140//1116 
f 1139//1115 1141//1117 1138//1114 
f 1137//1113 1139//1115 1136//1112 
f 1135//1111 1137//1113 1134//1110 
f 1133//1109 1135//1111 1132//1108 
f 1131//1107 1133//1109 1130//1106 
f 1129//1105 1131//1107 1128//1104 
f 1127//1103 1129//1105 1126//1102 
f 1125//1101 1127//1103 1124//1100 
f 1123//1099 1125//1101 1122//1098 
f 1121//1097 1123//1099 1120//1096 
f 1119//1095 1121//1097 1118//1094 
f 1117//1093 1119//1095 1116//1092 
f 1115//1091 1117//1093 1114//1090 
f 1113//1089 1115//1091 1112//1088 
f 1111//1087 1113//1089 1110//1086 
f 1109//1085 1111//1087 1108//1084 
f 1107//1083 1109//1085 1106//1082 
f 1105//1081 1107//1083 1104//1080 
f 1103//1079 1105//1081 1102//1078 
f 1101//1077 1103//1079 1100//1076 
f 1099//1075 1101//1077 1098//1074 
f 1097//1073 1099//1075 1096//1072 
f 1095//1071 1097//1073 1094//1070 
f 1093//1069 1095//1071 1092//1068 
f 1091//1067 1093//1069 1090//1066 
f 1089//1065 1091//1067 1088//1064 
f 1087//1063 1089//1065 1086//1062 
f 1085//1061 1087//1063 1084//1060 
f 1083//1059 1085//1061 1082//1058 
f 1081//1057 1083//1059 1080//1056 
f 1079//1055 1081//1057 1078//1054 
f 1077//1053 1079//1055 1076//1052 
f 1075//1051 1077//1053 1074//1050 
f 1073//1049 1075//1051 1072//1048 
f 1071//1047 1073//1049 1070//1046 
f 1069//1045 1071//1047 1068//1044 
f 1067//1043 1069//1045 1066//1042 
f 1065//1041 1067//1043 1064//1040 
f 1063//1039 1065//1041 1062//1038 
f 1061//1037 1063//1039 1060//1036 
f 1059//1035 1061//1037 1058//1034 
f 1057//1033 1059//1035 1056//1032 
f 1055//1031 1057//1033 1054//1030 
f 1053//1029 1055//1031 1052//1028 
f 1051//1027 1053//1029 1050//1026 
f 1049//1025 1051//1027 1048//1024 
f 1047//1023 1049//1025 1046//1022 
f 1045//1021 1047//1023 1044//1020 
f 1043//1019 1045//1021 1042//1018 
f 1041//1017 1043//1019 1040//1016 
f 1039//1015 1041//1017 1038//1014 
f 1037//1013 1039//1015 1036//1012 
f 1035//1011 1037//1013 1034//1010 
f 1033//1009 1035//1011 1032//1008 
f 1031//1007 1033//1009 1030//1006 
f 1029//1005 1031//1007 1028//1004 
f 1027//1003 1029//1005 1026//1002 
f 1025//1001 1027//1003 1024//1000 
f 1023//999 1025//1001 1022//998 
f 1021//997 1023//999 1020//996 
f 1019//995 1021//997 1018//994 
f 1017//993 1019//995 1016//992 
f 1015//991 1017//993 1014//990 
f 1013//989 1015//991 1012//988 
f 1011//987 1013//989 1010//986 
f 1009//985 1011//987 1008//984 
f 1007//983 1009//985 1006//982 
f 1005//981 1007//983 1004//980 
f 1003//979 1005//981 1002//978 
f 1001//977 1003//979 1000//976 
f 999//975 1001//977 998//974 
f 997//973 999//975 996//972 
f 995//971 997//973 994//970 
f 993//969 995//971 992//968 
f 991//967 993//969 990//966 
f 989//965 991//967 988//964 
f 987//963 989//965 986//962 
f 985//961 987//963 984//960 
f 983//959 985//961 982//958 
f 981//957 983//959 980//956 
f 979//955 981//957 978//954 
f 977//953 979//955 976//952 
f 975//951 977//953 974//950 
f 973//949 975//951 972//948 
f 971//947 973//949 970//946 
f 969//945 971//947 968//944 
f 967//943 969//945 966//942 
f 965//941 967//943 964//940 
f 963//939 965//941 962//938 
f 961//937 963//939 960//936 
f 959//935 961//937 958//934 
f 957//933 959//935 956//932 
f 955//931 957//933 954//930 
f 953//929 955//931 952//928 
f 951//927 953//929 950//926 
f 949//925 951//927 948//924 
f 947//923 949//925 946//922 
f 945//921 947//923 944//920 
f 943//919 945//921 942//918 
f 941//917 943//919 940//916 
f 939//915 941//917 938//914 
f 937//913 939//915 936//912 
f 935//911 937//913 934//910 
f 933//909 935//911 932//908 
f 931//907 933//909 930//906 
f 929//905 931//907 928//904 
f 927//903 929//905 926//902 
f 925//901 927//903 924//900 
f 923//899 925//901 922//898 
f 921//897 923//899 920//896 
f 919//895 921//897 918//894 
f 917//893 919//895 916//892 
f 915//891 917//893 914//890 
f 913//889 915//891 912//888 
f 911//887 913//889 910//886 
f 909//885 911//887 908//884 
f 907//883 909//885 906//882 
f 905//881 907//883 904//880 
f 903//879 905//881 902//878 
f 901//877 903//879 899//876 
o mesh26
f 1187//1162 1126//1162 1128//1162 
f 1187//1162 1188//1162 1124//1162 
f 1124//1162 1126//1162 1187//1162 
f 1188//1162 1189//1162 1122//1162 
f 1190//1162 1120//1162 1122//1162 
f 1190//1162 1191//1162 1118//1162 
f 1192//1162 926//1162 928//1162 
f 1193//1162 924//1162 926//1162 
f 1194//1162 922//1162 924//1162 
f 1194//1162 1195//1162 920//1162 
f 1196//1162 1146//1162 1148//1162 
f 1196//1162 1197//1162 1144//1162 
f 1198//1162 1199//1162 1140//1162 
f 1199//1162 1200//1162 1138//1162 
f 1201//1162 1134//1162 1136//1162 
f 1201//1162 1202//1162 1132//1162 
f 1203//1162 1130//1162 1132//1162 
f 1204//1162 1128//1162 1130//1162 
f 1122//1162 1124//1162 1188//1162 
f 1118//1162 1120//1162 1190//1162 
f 1205//1162 1102//1162 1104//1162 
f 1205//1162 1206//1162 1100//1162 
f 1207//1162 1022//1162 1024//1162 
f 1207//1162 1208//1162 1020//1162 
f 1209//1162 930//1162 932//1162 
f 1209//1162 1210//1162 928//1162 
f 926//1162 1192//1162 1193//1162 
f 920//1162 922//1162 1194//1162 
f 1211//1162 1148//1162 1150//1162 
f 1144//1162 1146//1162 1196//1162 
f 1198//1162 1142//1162 1144//1162 
f 1138//1162 1140//1162 1199//1162 
f 1212//1162 1136//1162 1138//1162 
f 1132//1162 1134//1162 1201//1162 
f 1130//1162 1203//1162 1204//1162 
f 1122//1162 1189//1162 1190//1162 
f 1213//1162 1114//1162 1116//1162 
f 1213//1162 1214//1162 1112//1162 
f 1215//1162 1108//1162 1110//1162 
f 1215//1162 1216//1162 1106//1162 
f 1217//1162 1104//1162 1106//1162 
f 1100//1162 1102//1162 1205//1162 
f 1218//1162 1080//1162 1082//1162 
f 1218//1162 1219//1162 1078//1162 
f 1220//1162 1076//1162 1078//1162 
f 1220//1162 1221//1162 1074//1162 
f 1222//1162 1048//1162 1050//1162 
f 1222//1162 1223//1162 1046//1162 
f 1224//1162 1042//1162 1044//1162 
f 1224//1162 1225//1162 1040//1162 
f 1226//1162 1030//1162 1032//1162 
f 1226//1162 1227//1162 1028//1162 
f 1020//1162 1022//1162 1207//1162 
f 1208//1162 1228//1162 1018//1162 
f 1229//1162 976//1162 978//1162 
f 1229//1162 1230//1162 974//1162 
f 1231//1162 970//1162 972//1162 
f 1231//1162 1232//1162 968//1162 
f 928//1162 930//1162 1209//1162 
f 924//1162 1193//1162 1194//1162 
f 1148//1162 1211//1162 1196//1162 
f 1140//1162 1142//1162 1198//1162 
f 1136//1162 1212//1162 1201//1162 
f 1128//1162 1204//1162 1187//1162 
f 1233//1162 1116//1162 1118//1162 
f 1112//1162 1114//1162 1213//1162 
f 1106//1162 1108//1162 1215//1162 
f 1104//1162 1217//1162 1205//1162 
f 1206//1162 1234//1162 1098//1162 
f 1234//1162 1235//1162 1096//1162 
f 1236//1162 1092//1162 1094//1162 
f 1236//1162 1237//1162 1090//1162 
f 1238//1162 1084//1162 1086//1162 
f 1238//1162 1239//1162 1082//1162 
f 1078//1162 1080//1162 1218//1162 
f 1074//1162 1076//1162 1220//1162 
f 1240//1162 1062//1162 1064//1162 
f 1240//1162 1241//1162 1060//1162 
f 1242//1162 1054//1162 1056//1162 
f 1242//1162 1243//1162 1052//1162 
f 1243//1162 1244//1162 1050//1162 
f 1046//1162 1048//1162 1222//1162 
f 1245//1162 1044//1162 1046//1162 
f 1040//1162 1042//1162 1224//1162 
f 1246//1162 1036//1162 1038//1162 
f 1246//1162 1247//1162 1034//1162 
f 1248//1162 1032//1162 1034//1162 
f 1028//1162 1030//1162 1226//1162 
f 1018//1162 1020//1162 1208//1162 
f 1228//1162 1249//1162 1016//1162 
f 1250//1162 982//1162 984//1162 
f 1250//1162 1251//1162 980//1162 
f 1251//1162 1252//1162 978//1162 
f 974//1162 976//1162 1229//1162 
f 1253//1162 972//1162 974//1162 
f 968//1162 970//1162 1231//1162 
f 1254//1162 952//1162 954//1162 
f 1254//1162 1255//1162 950//1162 
f 1256//1162 946//1162 948//1162 
f 1256//1162 1257//1162 944//1162 
f 1258//1162 942//1162 944//1162 
f 1258//1162 1259//1162 940//1162 
f 928//1162 1210//1162 1192//1162 
f 1260//1162 918//1162 920//1162 
f 1261//1162 916//1162 918//1162 
f 1261//1162 1262//1162 914//1162 
f 1263//1162 904//1162 906//1162 
f 1263//1162 1264//1162 902//1162 
f 1265//1162 899//1162 902//1162 
f 1266//1162 900//1162 899//1162 
f 1144//1162 1197//1162 1198//1162 
f 1132//1162 1202//1162 1203//1162 
f 1116//1162 1233//1162 1213//1162 
f 1214//1162 1267//1162 1110//1162 
f 1106//1162 1216//1162 1217//1162 
f 1096//1162 1098//1162 1234//1162 
f 1268//1162 1094//1162 1096//1162 
f 1090//1162 1092//1162 1236//1162 
f 1082//1162 1084//1162 1238//1162 
f 1078//1162 1219//1162 1220//1162 
f 1269//1162 1072//1162 1074//1162 
f 1269//1162 1270//1162 1070//1162 
f 1271//1162 1064//1162 1066//1162 
f 1060//1162 1062//1162 1240//1162 
f 1272//1162 1058//1162 1060//1162 
f 1272//1162 1273//1162 1056//1162 
f 1052//1162 1054//1162 1242//1162 
f 1050//1162 1244//1162 1222//1162 
f 1044//1162 1245//1162 1224//1162 
f 1225//1162 1274//1162 1038//1162 
f 1034//1162 1036//1162 1246//1162 
f 1032//1162 1248//1162 1226//1162 
f 1227//1162 1275//1162 1026//1162 
f 1275//1162 1276//1162 1024//1162 
f 1016//1162 1018//1162 1228//1162 
f 1277//1162 1014//1162 1016//1162 
f 1278//1162 1012//1162 1014//1162 
f 1278//1162 1279//1162 1010//1162 
f 980//1162 982//1162 1250//1162 
f 978//1162 1252//1162 1229//1162 
f 972//1162 1253//1162 1231//1162 
f 1232//1162 1280//1162 966//1162 
f 1281//1162 964//1162 966//1162 
f 1281//1162 1282//1162 962//1162 
f 1283//1162 960//1162 962//1162 
f 1283//1162 1284//1162 958//1162 
f 950//1162 952//1162 1254//1162 
f 1255//1162 1285//1162 948//1162 
f 944//1162 946//1162 1256//1162 
f 940//1162 942//1162 1258//1162 
f 1286//1162 938//1162 940//1162 
f 1286//1162 1287//1162 936//1162 
f 920//1162 1195//1162 1260//1162 
f 914//1162 916//1162 1261//1162 
f 1262//1162 1288//1162 912//1162 
f 1288//1162 1289//1162 910//1162 
f 1290//1162 908//1162 910//1162 
f 1290//1162 1291//1162 906//1162 
f 902//1162 904//1162 1263//1162 
f 899//1162 1265//1162 1266//1162 
f 1292//1162 1174//1162 1176//1162 
f 1292//1162 1293//1162 1172//1162 
f 1294//1162 1166//1162 1168//1162 
f 1294//1162 1295//1162 1164//1162 
f 1296//1162 1160//1162 1162//1162 
f 1297//1162 1158//1162 1160//1162 
f 1297//1162 1298//1162 1156//1162 
f 1298//1162 1299//1162 1154//1162 
f 1138//1162 1200//1162 1212//1162 
f 1110//1162 1112//1162 1214//1162 
f 1098//1162 1100//1162 1206//1162 
f 1094//1162 1268//1162 1236//1162 
f 1300//1162 1088//1162 1090//1162 
f 1300//1162 1301//1162 1086//1162 
f 1082//1162 1239//1162 1218//1162 
f 1070//1162 1072//1162 1269//1162 
f 1302//1162 1068//1162 1070//1162 
f 1302//1162 1303//1162 1066//1162 
f 1064//1162 1271//1162 1240//1162 
f 1056//1162 1058//1162 1272//1162 
f 1050//1162 1052//1162 1243//1162 
f 1038//1162 1040//1162 1225//1162 
f 1034//1162 1247//1162 1248//1162 
f 1024//1162 1026//1162 1275//1162 
f 1016//1162 1249//1162 1277//1162 
f 1010//1162 1012//1162 1278//1162 
f 1304//1162 1008//1162 1010//1162 
f 1304//1162 1305//1162 1006//1162 
f 1306//1162 1000//1162 1002//1162 
f 1307//1162 998//1162 1000//1162 
f 1308//1162 988//1162 990//1162 
f 1308//1162 1309//1162 986//1162 
f 978//1162 980//1162 1251//1162 
f 966//1162 968//1162 1232//1162 
f 962//1162 964//1162 1281//1162 
f 958//1162 960//1162 1283//1162 
f 1310//1162 954//1162 956//1162 
f 948//1162 950//1162 1255//1162 
f 944//1162 1257//1162 1258//1162 
f 936//1162 938//1162 1286//1162 
f 1311//1162 934//1162 936//1162 
f 1311//1162 1312//1162 932//1162 
f 918//1162 1260//1162 1261//1162 
f 910//1162 912//1162 1288//1162 
f 906//1162 908//1162 1290//1162 
f 902//1162 1264//1162 1265//1162 
f 1313//1162 1180//1162 1182//1162 
f 1313//1162 1314//1162 1178//1162 
f 1315//1162 1176//1162 1178//1162 
f 1172//1162 1174//1162 1292//1162 
f 1164//1162 1166//1162 1294//1162 
f 1295//1162 1316//1162 1162//1162 
f 1160//1162 1296//1162 1297//1162 
f 1154//1162 1156//1162 1298//1162 
f 1317//1162 1152//1162 1154//1162 
f 1317//1162 1318//1162 1150//1162 
f 1118//1162 1191//1162 1233//1162 
f 1096//1162 1235//1162 1268//1162 
f 1086//1162 1088//1162 1300//1162 
f 1074//1162 1221//1162 1269//1162 
f 1066//1162 1068//1162 1302//1162 
f 1060//1162 1241//1162 1272//1162 
f 1046//1162 1223//1162 1245//1162 
f 1026//1162 1028//1162 1227//1162 
f 1014//1162 1277//1162 1278//1162 
f 1006//1162 1008//1162 1304//1162 
f 1000//1162 1306//1162 1307//1162 
f 1307//1162 1319//1162 996//1162 
f 1320//1162 994//1162 996//1162 
f 1320//1162 1321//1162 992//1162 
f 1322//1162 990//1162 992//1162 
f 986//1162 988//1162 1308//1162 
f 974//1162 1230//1162 1253//1162 
f 962//1162 1282//1162 1283//1162 
f 1323//1162 956//1162 958//1162 
f 954//1162 1310//1162 1254//1162 
f 940//1162 1259//1162 1286//1162 
f 932//1162 934//1162 1311//1162 
f 912//1162 914//1162 1262//1162 
f 906//1162 1291//1162 1263//1162 
f 1266//1162 1324//1162 1184//1162 
f 1324//1162 1325//1162 1182//1162 
f 1178//1162 1180//1162 1313//1162 
f 1176//1162 1315//1162 1292//1162 
f 1162//1162 1164//1162 1295//1162 
f 1156//1162 1158//1162 1297//1162 
f 1150//1162 1152//1162 1317//1162 
f 1110//1162 1267//1162 1215//1162 
f 1086//1162 1301//1162 1238//1162 
f 1066//1162 1303//1162 1271//1162 
f 1038//1162 1274//1162 1246//1162 
f 1010//1162 1279//1162 1304//1162 
f 996//1162 998//1162 1307//1162 
f 992//1162 994//1162 1320//1162 
f 990//1162 1322//1162 1308//1162 
f 1309//1162 1326//1162 984//1162 
f 966//1162 1280//1162 1281//1162 
f 956//1162 1323//1162 1310//1162 
f 936//1162 1287//1162 1311//1162 
f 910//1162 1289//1162 1290//1162 
f 1182//1162 1184//1162 1324//1162 
f 1178//1162 1314//1162 1315//1162 
f 1327//1162 1170//1162 1172//1162 
f 1327//1162 1328//1162 1168//1162 
f 1162//1162 1316//1162 1296//1162 
f 1150//1162 1318//1162 1211//1162 
f 1070//1162 1270//1162 1302//1162 
f 1024//1162 1276//1162 1207//1162 
f 996//1162 1319//1162 1320//1162 
f 984//1162 986//1162 1309//1162 
f 958//1162 1284//1162 1323//1162 
f 932//1162 1312//1162 1209//1162 
f 1182//1162 1325//1162 1313//1162 
f 1168//1162 1170//1162 1327//1162 
f 1154//1162 1299//1162 1317//1162 
f 1056//1162 1273//1162 1242//1162 
f 1329//1162 1004//1162 1006//1162 
f 1329//1162 1330//1162 1002//1162 
f 992//1162 1321//1162 1322//1162 
f 948//1162 1285//1162 1256//1162 
f 1172//1162 1293//1162 1327//1162 
f 1090//1162 1237//1162 1300//1162 
f 1002//1162 1004//1162 1329//1162 
f 984//1162 1326//1162 1250//1162 
f 1168//1162 1328//1162 1294//1162 
f 1002//1162 1330//1162 1306//1162 
f 1006//1162 1305//1162 1329//1162 
f 1184//1162 900//1162 1266//1162 
o mesh27
f 1331//1163 1332//1164 1266//1164 
f 1333//1165 1331//1163 1265//1166 
f 1334//1167 1333//1165 1264//1168 
f 1335//1169 1334//1167 1263//1170 
f 1336//1171 1335//1169 1291//1172 
f 1337//1173 1336//1171 1290//1174 
f 1338//1175 1337//1173 1289//1176 
f 1339//1177 1338//1175 1288//1178 
f 1340//1179 1339//1177 1262//1180 
f 1341//1181 1340//1179 1261//1182 
f 1342//1183 1341//1181 1260//1184 
f 1343//1185 1342//1183 1195//1186 
f 1344//1187 1343//1185 1194//1188 
f 1345//1189 1344//1187 1193//1190 
f 1346//1191 1345//1189 1192//1192 
f 1347//1193 1346//1191 1210//1194 
f 1348//1195 1347//1193 1209//1196 
f 1349//1197 1348//1195 1312//1198 
f 1350//1199 1349//1197 1311//1200 
f 1351//1201 1350//1199 1287//1202 
f 1352//1203 1351//1201 1286//1204 
f 1353//1205 1352//1203 1259//1206 
f 1354//1207 1353//1205 1258//1208 
f 1355//1209 1354//1207 1257//1210 
f 1356//1211 1355//1209 1256//1212 
f 1357//1213 1356//1211 1285//1214 
f 1358//1215 1357//1213 1255//1216 
f 1359//1217 1358//1215 1254//1218 
f 1360//1219 1359//1217 1310//1220 
f 1361//1221 1360//1219 1323//1222 
f 1362//1223 1361//1221 1284//1224 
f 1363//1225 1362//1223 1283//1226 
f 1364//1227 1363//1225 1282//1228 
f 1365//1229 1364//1227 1281//1230 
f 1366//1231 1365//1229 1280//1232 
f 1367//1233 1366//1231 1232//1234 
f 1368//1235 1367//1233 1231//1236 
f 1369//1237 1368//1235 1253//1238 
f 1370//1239 1369//1237 1230//1240 
f 1371//1241 1370//1239 1229//1242 
f 1372//1243 1371//1241 1252//1244 
f 1373//1245 1372//1243 1251//1246 
f 1374//1247 1373//1245 1250//1248 
f 1375//1249 1374//1247 1326//1250 
f 1376//1251 1375//1249 1309//1252 
f 1377//1253 1376//1251 1308//1254 
f 1378//1255 1377//1253 1322//1256 
f 1379//1257 1378//1255 1321//1258 
f 1380//1259 1379//1257 1320//1260 
f 1381//1261 1380//1259 1319//1262 
f 1382//1263 1381//1261 1307//1264 
f 1383//1265 1382//1263 1306//1266 
f 1384//1267 1383//1265 1330//1268 
f 1385//1269 1384//1267 1329//1270 
f 1386//1271 1385//1269 1305//1272 
f 1387//1273 1386//1271 1304//1274 
f 1388//1275 1387//1273 1279//1276 
f 1389//1277 1388//1275 1278//1278 
f 1390//1279 1389//1277 1277//1280 
f 1391//1281 1390//1279 1249//1282 
f 1392//1283 1391//1281 1228//1284 
f 1393//1285 1392//1283 1208//1286 
f 1394//1287 1393//1285 1207//1288 
f 1395//1289 1394//1287 1276//1290 
f 1396//1291 1395//1289 1275//1292 
f 1397//1293 1396//1291 1227//1294 
f 1398//1295 1397//1293 1226//1296 
f 1399//1297 1398//1295 1248//1298 
f 1400//1299 1399//1297 1247//1300 
f 1401//1301 1400//1299 1246//1302 
f 1402//1303 1401//1301 1274//1304 
f 1403//1305 1402//1303 1225//1306 
f 1404//1307 1403//1305 1224//1308 
f 1405//1309 1404//1307 1245//1310 
f 1406//1311 1405//1309 1223//1312 
f 1407//1313 1406//1311 1222//1314 
f 1408//1315 1407//1313 1244//1316 
f 1409//1317 1408//1315 1243//1318 
f 1410//1319 1409//1317 1242//1320 
f 1411//1321 1410//1319 1273//1322 
f 1412//1323 1411//1321 1272//1324 
f 1413//1325 1412//1323 1241//1326 
f 1414//1327 1413//1325 1240//1328 
f 1415//1329 1414//1327 1271//1330 
f 1416//1331 1415//1329 1303//1332 
f 1417//1333 1416//1331 1302//1334 
f 1418//1335 1417//1333 1270//1336 
f 1419//1337 1418//1335 1269//1338 
f 1420//1339 1419//1337 1221//1340 
f 1421//1341 1420//1339 1220//1342 
f 1422//1343 1421//1341 1219//1344 
f 1423//1345 1422//1343 1218//1346 
f 1424//1347 1423//1345 1239//1348 
f 1425//1349 1424//1347 1238//1350 
f 1426//1351 1425//1349 1301//1352 
f 1427//1353 1426//1351 1300//1354 
f 1428//1355 1427//1353 1237//1356 
f 1429//1357 1428//1355 1236//1358 
f 1430//1359 1429//1357 1268//1360 
f 1431//1361 1430//1359 1235//1362 
f 1432//1363 1431//1361 1234//1364 
f 1433//1365 1432//1363 1206//1366 
f 1434//1367 1433//1365 1205//1368 
f 1435//1369 1434//1367 1217//1370 
f 1436//1371 1435//1369 1216//1372 
f 1437//1373 1436//1371 1215//1374 
f 1438//1375 1437//1373 1267//1376 
f 1439//1377 1438//1375 1214//1378 
f 1440//1379 1439//1377 1213//1380 
f 1441//1381 1440//1379 1233//1382 
f 1442//1383 1441//1381 1191//1384 
f 1443//1385 1442//1383 1190//1386 
f 1444//1387 1443//1385 1189//1388 
f 1445//1389 1444//1387 1188//1390 
f 1446//1391 1445//1389 1187//1392 
f 1447//1393 1446//1391 1204//1394 
f 1448//1395 1447//1393 1203//1396 
f 1449//1397 1448//1395 1202//1398 
f 1450//1399 1449//1397 1201//1400 
f 1451//1401 1450//1399 1212//1402 
f 1452//1403 1451//1401 1200//1404 
f 1453//1405 1452//1403 1199//1406 
f 1454//1407 1453//1405 1198//1408 
f 1455//1409 1454//1407 1197//1410 
f 1456//1411 1455//1409 1196//1412 
f 1457//1413 1456//1411 1211//1414 
f 1458//1415 1457//1413 1318//1416 
f 1459//1417 1458//1415 1317//1418 
f 1460//1419 1459//1417 1299//1420 
f 1461//1421 1460//1419 1298//1422 
f 1462//1423 1461//1421 1297//1424 
f 1463//1425 1462//1423 1296//1426 
f 1464//1427 1463//1425 1316//1428 
f 1465//1429 1464//1427 1295//1430 
f 1466//1431 1465//1429 1294//1432 
f 1467//1433 1466//1431 1328//1434 
f 1468//1435 1467//1433 1327//1436 
f 1469//1437 1468//1435 1293//1438 
f 1470//1439 1469//1437 1292//1440 
f 1471//1441 1470//1439 1315//1442 
f 1472//1443 1471//1441 1314//1444 
f 1473//1445 1472//1443 1313//1446 
f 1474//1447 1473//1445 1325//1448 
f 1332//1164 1474//1447 1324//1447 
f 1324//1447 1266//1164 1332//1164 
f 1325//1448 1324//1447 1474//1447 
f 1313//1446 1325//1448 1473//1445 
f 1314//1444 1313//1446 1472//1443 
f 1315//1442 1314//1444 1471//1441 
f 1292//1440 1315//1442 1470//1439 
f 1293//1438 1292//1440 1469//1437 
f 1327//1436 1293//1438 1468//1435 
f 1328//1434 1327//1436 1467//1433 
f 1294//1432 1328//1434 1466//1431 
f 1295//1430 1294//1432 1465//1429 
f 1316//1428 1295//1430 1464//1427 
f 1296//1426 1316//1428 1463//1425 
f 1297//1424 1296//1426 1462//1423 
f 1298//1422 1297//1424 1461//1421 
f 1299//1420 1298//1422 1460//1419 
f 1317//1418 1299//1420 1459//1417 
f 1318//1416 1317//1418 1458//1415 
f 1211//1414 1318//1416 1457//1413 
f 1196//1412 1211//1414 1456//1411 
f 1197//1410 1196//1412 1455//1409 
f 1198//1408 1197//1410 1454//1407 
f 1199//1406 1198//1408 1453//1405 
f 1200//1404 1199//1406 1452//1403 
f 1212//1402 1200//1404 1451//1401 
f 1201//1400 1212//1402 1450//1399 
f 1202//1398 1201//1400 1449//1397 
f 1203//1396 1202//1398 1448//1395 
f 1204//1394 1203//1396 1447//1393 
f 1187//1392 1204//1394 1446//1391 
f 1188//1390 1187//1392 1445//1389 
f 1189//1388 1188//1390 1444//1387 
f 1190//1386 1189//1388 1443//1385 
f 1191//1384 1190//1386 1442//1383 
f 1233//1382 1191//1384 1441//1381 
f 1213//1380 1233//1382 1440//1379 
f 1214//1378 1213//1380 1439//1377 
f 1267//1376 1214//1378 1438//1375 
f 1215//1374 1267//1376 1437//1373 
f 1216//1372 1215//1374 1436//1371 
f 1217//1370 1216//1372 1435//1369 
f 1205//1368 1217//1370 1434//1367 
f 1206//1366 1205//1368 1433//1365 
f 1234//1364 1206//1366 1432//1363 
f 1235//1362 1234//1364 1431//1361 
f 1268//1360 1235//1362 1430//1359 
f 1236//1358 1268//1360 1429//1357 
f 1237//1356 1236//1358 1428//1355 
f 1300//1354 1237//1356 1427//1353 
f 1301//1352 1300//1354 1426//1351 
f 1238//1350 1301//1352 1425//1349 
f 1239//1348 1238//1350 1424//1347 
f 1218//1346 1239//1348 1423//1345 
f 1219//1344 1218//1346 1422//1343 
f 1220//1342 1219//1344 1421//1341 
f 1221//1340 1220//1342 1420//1339 
f 1269//1338 1221//1340 1419//1337 
f 1270//1336 1269//1338 1418//1335 
f 1302//1334 1270//1336 1417//1333 
f 1303//1332 1302//1334 1416//1331 
f 1271//1330 1303//1332 1415//1329 
f 1240//1328 1271//1330 1414//1327 
f 1241//1326 1240//1328 1413//1325 
f 1272//1324 1241//1326 1412//1323 
f 1273//1322 1272//1324 1411//1321 
f 1242//1320 1273//1322 1410//1319 
f 1243//1318 1242//1320 1409//1317 
f 1244//1316 1243//1318 1408//1315 
f 1222//1314 1244//1316 1407//1313 
f 1223//1312 1222//1314 1406//1311 
f 1245//1310 1223//1312 1405//1309 
f 1224//1308 1245//1310 1404//1307 
f 1225//1306 1224//1308 1403//1305 
f 1274//1304 1225//1306 1402//1303 
f 1246//1302 1274//1304 1401//1301 
f 1247//1300 1246//1302 1400//1299 
f 1248//1298 1247//1300 1399//1297 
f 1226//1296 1248//1298 1398//1295 
f 1227//1294 1226//1296 1397//1293 
f 1275//1292 1227//1294 1396//1291 
f 1276//1290 1275//1292 1395//1289 
f 1207//1288 1276//1290 1394//1287 
f 1208//1286 1207//1288 1393//1285 
f 1228//1284 1208//1286 1392//1283 
f 1249//1282 1228//1284 1391//1281 
f 1277//1280 1249//1282 1390//1279 
f 1278//1278 1277//1280 1389//1277 
f 1279//1276 1278//1278 1388//1275 
f 1304//1274 1279//1276 1387//1273 
f 1305//1272 1304//1274 1386//1271 
f 1329//1270 1305//1272 1385//1269 
f 1330//1268 1329//1270 1384//1267 
f 1306//1266 1330//1268 1383//1265 
f 1307//1264 1306//1266 1382//1263 
f 1319//1262 1307//1264 1381//1261 
f 1320//1260 1319//1262 1380//1259 
f 1321//1258 1320//1260 1379//1257 
f 1322//1256 1321//1258 1378//1255 
f 1308//1254 1322//1256 1377//1253 
f 1309//1252 1308//1254 1376//1251 
f 1326//1250 1309//1252 1375//1249 
f 1250//1248 1326//1250 1374//1247 
f 1251//1246 1250//1248 1373//1245 
f 1252//1244 1251//1246 1372//1243 
f 1229//1242 1252//1244 1371//1241 
f 1230//1240 1229//1242 1370//1239 
f 1253//1238 1230//1240 1369//1237 
f 1231//1236 1253//1238 1368//1235 
f 1232//1234 1231//1236 1367//1233 
f 1280//1232 1232//1234 1366//1231 
f 1281//1230 1280//1232 1365//1229 
f 1282//1228 1281//1230 1364//1227 
f 1283//1226 1282//1228 1363//1225 
f 1284//1224 1283//1226 1362//1223 
f 1323//1222 1284//1224 1361//1221 
f 1310//1220 1323//1222 1360//1219 
f 1254//1218 1310//1220 1359//1217 
f 1255//1216 1254//1218 1358//1215 
f 1285//1214 1255//1216 1357//1213 
f 1256//1212 1285//1214 1356//1211 
f 1257//1210 1256//1212 1355//1209 
f 1258//1208 1257//1210 1354//1207 
f 1259//1206 1258//1208 1353//1205 
f 1286//1204 1259//1206 1352//1203 
f 1287//1202 1286//1204 1351//1201 
f 1311//1200 1287//1202 1350//1199 
f 1312//1198 1311//1200 1349//1197 
f 1209//1196 1312//1198 1348//1195 
f 1210//1194 1209//1196 1347//1193 
f 1192//1192 1210//1194 1346//1191 
f 1193//1190 1192//1192 1345//1189 
f 1194//1188 1193//1190 1344//1187 
f 1195//1186 1194//1188 1343//1185 
f 1260//1184 1195//1186 1342//1183 
f 1261//1182 1260//1184 1341//1181 
f 1262//1180 1261//1182 1340//1179 
f 1288//1178 1262//1180 1339//1177 
f 1289//1176 1288//1178 1338//1175 
f 1290//1174 1289//1176 1337//1173 
f 1291//1172 1290//1174 1336//1171 
f 1263//1170 1291//1172 1335//1169 
f 1264//1168 1263//1170 1334//1167 
f 1265//1166 1264//1168 1333//1165 
f 1266//1164 1265//1166 1331//1163 
o mesh28
f 1475//1449 927//1449 925//1449 
f 1476//1449 903//1449 901//1449 
f 925//1449 1476//1449 1475//1449 
f 1475//1449 931//1449 929//1449 
f 901//1449 1186//1449 1476//1449 
f 929//1449 927//1449 1475//1449 
f 1475//1449 935//1449 933//1449 
f 1477//1449 1478//1449 1479//1449 
f 1476//1449 1179//1449 1177//1449 
f 1476//1449 905//1449 903//1449 
f 1476//1449 909//1449 907//1449 
f 933//1449 931//1449 1475//1449 
f 1480//1449 975//1449 973//1449 
f 1477//1449 1481//1449 1478//1449 
f 1482//1449 1483//1449 1484//1449 
f 1482//1449 1485//1449 1486//1449 
f 1476//1449 1181//1449 1179//1449 
f 1476//1449 1185//1449 1183//1449 
f 907//1449 905//1449 1476//1449 
f 1476//1449 913//1449 911//1449 
f 1476//1449 921//1449 919//1449 
f 925//1449 923//1449 1476//1449 
f 1475//1449 947//1449 945//1449 
f 1475//1449 951//1449 949//1449 
f 973//1449 1475//1449 1480//1449 
f 1480//1449 981//1449 979//1449 
f 1487//1449 1488//1449 1489//1449 
f 1477//1449 1490//1449 1481//1449 
f 1477//1449 1484//1449 1491//1449 
f 1482//1449 1492//1449 1483//1449 
f 1486//1449 1493//1449 1482//1449 
f 1482//1449 1494//1449 1495//1449 
f 1482//1449 1496//1449 1497//1449 
f 1482//1449 1498//1449 1499//1449 
f 1183//1449 1181//1449 1476//1449 
f 911//1449 909//1449 1476//1449 
f 1476//1449 917//1449 915//1449 
f 923//1449 921//1449 1476//1449 
f 1475//1449 943//1449 941//1449 
f 949//1449 947//1449 1475//1449 
f 1475//1449 957//1449 955//1449 
f 973//1449 971//1449 1475//1449 
f 1480//1449 983//1449 981//1449 
f 1480//1449 987//1449 985//1449 
f 1487//1449 1500//1449 1488//1449 
f 1487//1449 1501//1449 1502//1449 
f 1491//1449 1490//1449 1477//1449 
f 1493//1449 1492//1449 1482//1449 
f 1482//1449 1503//1449 1504//1449 
f 1482//1449 1505//1449 1506//1449 
f 1495//1449 1507//1449 1482//1449 
f 1499//1449 1496//1449 1482//1449 
f 1482//1449 1508//1449 1509//1449 
f 1186//1449 1185//1449 1476//1449 
f 919//1449 917//1449 1476//1449 
f 1475//1449 939//1449 937//1449 
f 945//1449 943//1449 1475//1449 
f 955//1449 953//1449 1475//1449 
f 1475//1449 965//1449 963//1449 
f 1475//1449 969//1449 967//1449 
f 1480//1449 977//1449 975//1449 
f 985//1449 983//1449 1480//1449 
f 1487//1449 1510//1449 1500//1449 
f 1502//1449 1511//1449 1487//1449 
f 1151//1449 1512//1449 1513//1449 
f 1484//1449 1477//1449 1482//1449 
f 1506//1449 1503//1449 1482//1449 
f 1497//1449 1494//1449 1482//1449 
f 1482//1449 1514//1449 1508//1449 
f 1482//1449 1515//1449 1516//1449 
f 915//1449 913//1449 1476//1449 
f 941//1449 939//1449 1475//1449 
f 1475//1449 959//1449 957//1449 
f 967//1449 965//1449 1475//1449 
f 979//1449 977//1449 1480//1449 
f 1480//1449 993//1449 991//1449 
f 1480//1449 1005//1449 1003//1449 
f 1517//1449 1027//1449 1025//1449 
f 1511//1449 1510//1449 1487//1449 
f 1487//1449 1518//1449 1519//1449 
f 1513//1449 1476//1449 1151//1449 
f 1504//1449 1485//1449 1482//1449 
f 1509//1449 1498//1449 1482//1449 
f 1482//1449 1520//1449 1521//1449 
f 1516//1449 1522//1449 1482//1449 
f 1476//1449 1161//1449 1159//1449 
f 1476//1449 1165//1449 1163//1449 
f 1476//1449 1171//1449 1169//1449 
f 1476//1449 1175//1449 1173//1449 
f 937//1449 935//1449 1475//1449 
f 1475//1449 961//1449 959//1449 
f 971//1449 969//1449 1475//1449 
f 1480//1449 995//1449 993//1449 
f 1480//1449 999//1449 997//1449 
f 1003//1449 1001//1449 1480//1449 
f 1480//1449 1517//1449 1021//1449 
f 1025//1449 1023//1449 1517//1449 
f 1517//1449 1035//1449 1033//1449 
f 1523//1449 1067//1449 1065//1449 
f 1523//1449 1081//1449 1079//1449 
f 1523//1449 1085//1449 1083//1449 
f 1524//1449 1107//1449 1105//1449 
f 1111//1449 1524//1449 1525//1449 
f 1525//1449 1129//1449 1127//1449 
f 1519//1449 1501//1449 1487//1449 
f 1487//1449 1513//1449 1526//1449 
f 1513//1449 1487//1449 1476//1449 
f 1477//1449 1527//1449 1528//1449 
f 1507//1449 1505//1449 1482//1449 
f 1521//1449 1529//1449 1482//1449 
f 1522//1449 1530//1449 1482//1449 
f 1476//1449 1157//1449 1155//1449 
f 1163//1449 1161//1449 1476//1449 
f 1169//1449 1167//1449 1476//1449 
f 1177//1449 1175//1449 1476//1449 
f 963//1449 961//1449 1475//1449 
f 991//1449 989//1449 1480//1449 
f 1001//1449 999//1449 1480//1449 
f 1023//1449 1021//1449 1517//1449 
f 1517//1449 1037//1449 1035//1449 
f 1517//1449 1041//1449 1039//1449 
f 1523//1449 1063//1449 1061//1449 
f 1523//1449 1069//1449 1067//1449 
f 1523//1449 1077//1449 1075//1449 
f 1083//1449 1081//1449 1523//1449 
f 1524//1449 1109//1449 1107//1449 
f 1525//1449 1113//1449 1111//1449 
f 1127//1449 1125//1449 1525//1449 
f 1525//1449 1135//1449 1133//1449 
f 1489//1449 1531//1449 1487//1449 
f 1151//1449 1149//1449 1512//1449 
f 1477//1449 1532//1449 1533//1449 
f 1477//1449 1534//1449 1527//1449 
f 1529//1449 1514//1449 1482//1449 
f 1530//1449 1535//1449 1482//1449 
f 1155//1449 1153//1449 1476//1449 
f 1167//1449 1165//1449 1476//1449 
f 953//1449 951//1449 1475//1449 
f 997//1449 995//1449 1480//1449 
f 1480//1449 1017//1449 1015//1449 
f 1021//1449 1019//1449 1480//1449 
f 1517//1449 1031//1449 1029//1449 
f 1039//1449 1037//1449 1517//1449 
f 1523//1449 1053//1449 1051//1449 
f 1065//1449 1063//1449 1523//1449 
f 1523//1449 1073//1449 1071//1449 
f 1079//1449 1077//1449 1523//1449 
f 1523//1449 1089//1449 1087//1449 
f 1524//1449 1097//1449 1095//1449 
f 1524//1449 1103//1449 1101//1449 
f 1111//1449 1109//1449 1524//1449 
f 1525//1449 1119//1449 1117//1449 
f 1125//1449 1123//1449 1525//1449 
f 1133//1449 1131//1449 1525//1449 
f 1525//1449 1139//1449 1137//1449 
f 1512//1449 1141//1449 1139//1449 
f 1512//1449 1145//1449 1143//1449 
f 1526//1449 1518//1449 1487//1449 
f 1528//1449 1532//1449 1477//1449 
f 1535//1449 1520//1449 1482//1449 
f 1482//1449 1536//1449 1537//1449 
f 1159//1449 1157//1449 1476//1449 
f 989//1449 987//1449 1480//1449 
f 1480//1449 1013//1449 1011//1449 
f 1019//1449 1017//1449 1480//1449 
f 1033//1449 1031//1449 1517//1449 
f 1517//1449 1045//1449 1043//1449 
f 1523//1449 1055//1449 1053//1449 
f 1523//1449 1059//1449 1057//1449 
f 1071//1449 1069//1449 1523//1449 
f 1087//1449 1085//1449 1523//1449 
f 1524//1449 1093//1449 1091//1449 
f 1524//1449 1099//1449 1097//1449 
f 1105//1449 1103//1449 1524//1449 
f 1525//1449 1121//1449 1119//1449 
f 1131//1449 1129//1449 1525//1449 
f 1139//1449 1525//1449 1512//1449 
f 1512//1449 1147//1449 1145//1449 
f 1531//1449 1482//1449 1487//1449 
f 1477//1449 1538//1449 1539//1449 
f 1477//1449 1540//1449 1541//1449 
f 1479//1449 1534//1449 1477//1449 
f 1482//1449 1531//1449 1536//1449 
f 1173//1449 1171//1449 1476//1449 
f 1480//1449 1009//1449 1007//1449 
f 1015//1449 1013//1449 1480//1449 
f 1043//1449 1041//1449 1517//1449 
f 1523//1449 1049//1449 1047//1449 
f 1057//1449 1055//1449 1523//1449 
f 1075//1449 1073//1449 1523//1449 
f 1091//1449 1523//1449 1524//1449 
f 1101//1449 1099//1449 1524//1449 
f 1117//1449 1115//1449 1525//1449 
f 1137//1449 1135//1449 1525//1449 
f 1149//1449 1147//1449 1512//1449 
f 1542//1449 1543//1449 1544//1449 
f 1542//1449 1477//1449 1545//1449 
f 1539//1449 1546//1449 1477//1449 
f 1541//1449 1547//1449 1477//1449 
f 1482//1449 1548//1449 1515//1449 
f 1537//1449 1549//1449 1482//1449 
f 1007//1449 1005//1449 1480//1449 
f 1029//1449 1027//1449 1517//1449 
f 1051//1449 1049//1449 1523//1449 
f 1091//1449 1089//1449 1523//1449 
f 1115//1449 1113//1449 1525//1449 
f 1143//1449 1141//1449 1512//1449 
f 1542//1449 1550//1449 1551//1449 
f 1542//1449 1552//1449 1543//1449 
f 1477//1449 1553//1449 1545//1449 
f 1477//1449 1554//1449 1555//1449 
f 1547//1449 1538//1449 1477//1449 
f 1549//1449 1548//1449 1482//1449 
f 1011//1449 1009//1449 1480//1449 
f 1061//1449 1059//1449 1523//1449 
f 1123//1449 1121//1449 1525//1449 
f 1542//1449 1556//1449 1550//1449 
f 1544//1449 1557//1449 1542//1449 
f 1555//1449 1553//1449 1477//1449 
f 1533//1449 1540//1449 1477//1449 
f 1153//1449 1151//1449 1476//1449 
f 1095//1449 1093//1449 1524//1449 
f 1557//1449 1556//1449 1542//1449 
f 1546//1449 1554//1449 1477//1449 
f 1047//1449 1045//1449 1523//1449 
f 1545//1449 1552//1449 1542//1449 
f 1551//1449 1558//1449 1542//1449 
f 1517//1449 1523//1449 1045//1449 
o mesh29
f 1559//1450 1477//1450 1542//1450 
f 1542//1450 1560//1450 1559//1450 
o mesh30
f 1561//1451 1482//1451 1477//1451 
f 1477//1451 1559//1451 1561//1451 
o mesh31
f 1562//1450 1487//1450 1482//1450 
f 1482//1450 1561//1450 1562//1450 
o mesh32
f 1563//1451 1476//1451 1487//1451 
f 1487//1451 1562//1451 1563//1451 
o mesh33
f 1564//1450 1475//1450 1476//1450 
f 1476//1450 1563//1450 1564//1450 
o mesh34
f 1565//1451 1480//1451 1475//1451 
f 1475//1451 1564//1451 1565//1451 
o mesh35
f 1565//1452 1566//1452 1517//1452 
f 1517//1452 1480//1452 1565//1452 
o mesh36
f 1523//1452 1567//1452 1568//1452 
f 1568//1452 1524//1452 1523//1452 
o mesh37
f 1525//1453 1524//1453 1568//1453 
f 1568//1453 1569//1453 1525//1453 
o mesh38
f 1517//1454 1566//1454 1567//1454 
f 1567//1454 1523//1454 1517//1454 
o mesh39
f 1570//1455 1571//1456 1558//1456 
f 1572//1457 1570//1455 1551//1458 
f 1573//1459 1572//1457 1550//1460 
f 1574//1461 1573//1459 1556//1462 
f 1575//1463 1574//1461 1557//1464 
f 1576//1465 1575//1463 1544//1466 
f 1577//1467 1576//1465 1543//1468 
f 1578//1469 1577//1467 1552//1470 
f 1579//1471 1578//1469 1545//1472 
f 1580//1473 1579//1471 1553//1474 
f 1581//1475 1580//1473 1555//1476 
f 1582//1477 1581//1475 1554//1478 
f 1583//1479 1582//1477 1546//1480 
f 1584//1481 1583//1479 1539//1482 
f 1585//1483 1584//1481 1538//1484 
f 1586//1485 1585//1483 1547//1486 
f 1587//1487 1586//1485 1541//1488 
f 1588//1489 1587//1487 1540//1490 
f 1589//1491 1588//1489 1533//1492 
f 1590//1493 1589//1491 1532//1494 
f 1591//1495 1590//1493 1528//1496 
f 1592//1497 1591//1495 1527//1498 
f 1593//1499 1592//1497 1534//1500 
f 1594//1501 1593//1499 1479//1502 
f 1595//1503 1594//1501 1478//1504 
f 1596//1505 1595//1503 1481//1506 
f 1597//1507 1596//1505 1490//1508 
f 1598//1509 1597//1507 1491//1510 
f 1599//1511 1598//1509 1484//1512 
f 1600//1513 1599//1511 1483//1514 
f 1601//1515 1600//1513 1492//1516 
f 1602//1517 1601//1515 1493//1518 
f 1603//1519 1602//1517 1486//1520 
f 1604//1521 1603//1519 1485//1522 
f 1605//1523 1604//1521 1504//1524 
f 1606//1525 1605//1523 1503//1526 
f 1607//1527 1606//1525 1506//1528 
f 1608//1529 1607//1527 1505//1530 
f 1609//1531 1608//1529 1507//1532 
f 1610//1533 1609//1531 1495//1534 
f 1611//1535 1610//1533 1494//1536 
f 1612//1537 1611//1535 1497//1538 
f 1613//1539 1612//1537 1496//1540 
f 1614//1541 1613//1539 1499//1542 
f 1615//1543 1614//1541 1498//1544 
f 1616//1545 1615//1543 1509//1546 
f 1617//1547 1616//1545 1508//1548 
f 1618//1549 1617//1547 1514//1550 
f 1619//1551 1618//1549 1529//1552 
f 1620//1553 1619//1551 1521//1554 
f 1621//1555 1620//1553 1520//1556 
f 1622//1557 1621//1555 1535//1558 
f 1623//1559 1622//1557 1530//1560 
f 1624//1561 1623//1559 1522//1562 
f 1625//1563 1624//1561 1516//1564 
f 1626//1565 1625//1563 1515//1566 
f 1627//1567 1626//1565 1548//1568 
f 1628//1569 1627//1567 1549//1570 
f 1629//1571 1628//1569 1537//1572 
f 1630//1573 1629//1571 1536//1574 
f 1631//1575 1630//1573 1531//1576 
f 1632//1577 1631//1575 1489//1578 
f 1633//1579 1632//1577 1488//1580 
f 1634//1581 1633//1579 1500//1582 
f 1635//1583 1634//1581 1510//1584 
f 1636//1585 1635//1583 1511//1586 
f 1637//1587 1636//1585 1502//1588 
f 1638//1589 1637//1587 1501//1590 
f 1639//1591 1638//1589 1519//1592 
f 1640//1593 1639//1591 1518//1594 
f 1641//1595 1640//1593 1526//1596 
f 1642//1597 1641//1595 1513//1598 
f 1513//1598 1512//1597 1642//1597 
f 1526//1596 1513//1598 1641//1595 
f 1518//1594 1526//1596 1640//1593 
f 1519//1592 1518//1594 1639//1591 
f 1501//1590 1519//1592 1638//1589 
f 1502//1588 1501//1590 1637//1587 
f 1511//1586 1502//1588 1636//1585 
f 1510//1584 1511//1586 1635//1583 
f 1500//1582 1510//1584 1634//1581 
f 1488//1580 1500//1582 1633//1579 
f 1489//1578 1488//1580 1632//1577 
f 1531//1576 1489//1578 1631//1575 
f 1536//1574 1531//1576 1630//1573 
f 1537//1572 1536//1574 1629//1571 
f 1549//1570 1537//1572 1628//1569 
f 1548//1568 1549//1570 1627//1567 
f 1515//1566 1548//1568 1626//1565 
f 1516//1564 1515//1566 1625//1563 
f 1522//1562 1516//1564 1624//1561 
f 1530//1560 1522//1562 1623//1559 
f 1535//1558 1530//1560 1622//1557 
f 1520//1556 1535//1558 1621//1555 
f 1521//1554 1520//1556 1620//1553 
f 1529//1552 1521//1554 1619//1551 
f 1514//1550 1529//1552 1618//1549 
f 1508//1548 1514//1550 1617//1547 
f 1509//1546 1508//1548 1616//1545 
f 1498//1544 1509//1546 1615//1543 
f 1499//1542 1498//1544 1614//1541 
f 1496//1540 1499//1542 1613//1539 
f 1497//1538 1496//1540 1612//1537 
f 1494//1536 1497//1538 1611//1535 
f 1495//1534 1494//1536 1610//1533 
f 1507//1532 1495//1534 1609//1531 
f 1505//1530 1507//1532 1608//1529 
f 1506//1528 1505//1530 1607//1527 
f 1503//1526 1506//1528 1606//1525 
f 1504//1524 1503//1526 1605//1523 
f 1485//1522 1504//1524 1604//1521 
f 1486//1520 1485//1522 1603//1519 
f 1493//1518 1486//1520 1602//1517 
f 1492//1516 1493//1518 1601//1515 
f 1483//1514 1492//1516 1600//1513 
f 1484//1512 1483//1514 1599//1511 
f 1491//1510 1484//1512 1598//1509 
f 1490//1508 1491//1510 1597//1507 
f 1481//1506 1490//1508 1596//1505 
f 1478//1504 1481//1506 1595//1503 
f 1479//1502 1478//1504 1594//1501 
f 1534//1500 1479//1502 1593//1499 
f 1527//1498 1534//1500 1592//1497 
f 1528//1496 1527//1498 1591//1495 
f 1532//1494 1528//1496 1590//1493 
f 1533//1492 1532//1494 1589//1491 
f 1540//1490 1533//1492 1588//1489 
f 1541//1488 1540//1490 1587//1487 
f 1547//1486 1541//1488 1586//1485 
f 1538//1484 1547//1486 1585//1483 
f 1539//1482 1538//1484 1584//1481 
f 1546//1480 1539//1482 1583//1479 
f 1554//1478 1546//1480 1582//1477 
f 1555//1476 1554//1478 1581//1475 
f 1553//1474 1555//1476 1580//1473 
f 1545//1472 1553//1474 1579//1471 
f 1552//1470 1545//1472 1578//1469 
f 1543//1468 1552//1470 1577//1467 
f 1544//1466 1543//1468 1576//1465 
f 1557//1464 1544//1466 1575//1463 
f 1556//1462 1557//1464 1574//1461 
f 1550//1460 1556//1462 1573//1459 
f 1551//1458 1550//1460 1572//1457 
f 1558//1456 1551//1458 1570//1455 
o mesh40
f 1560//1599 1542//1599 1643//1599 
f 1558//1599 1571//1599 1643//1599 
f 1643//1599 1542//1599 1558//1599 
f 1643//1599 1644//1599 1560//1599 
o mesh41
f 1512//1599 1525//1599 1645//1599 
f 1569//1599 1646//1599 1645//1599 
f 1645//1599 1525//1599 1569//1599 
f 1645//1599 1642//1599 1512//1599 
o mesh42
f 1647//1600 1648//1600 1588//1600 
f 1648//1600 1649//1600 1587//1600 
f 1650//1600 1619//1600 1620//1600 
f 1651//1600 1618//1600 1619//1600 
f 1652//1600 1653//1600 1591//1600 
f 1653//1600 1654//1600 1590//1600 
f 1654//1600 1647//1600 1589//1600 
f 1587//1600 1588//1600 1648//1600 
f 1655//1600 1628//1600 1629//1600 
f 1656//1600 1627//1600 1628//1600 
f 1657//1600 1623//1600 1624//1600 
f 1658//1600 1622//1600 1623//1600 
f 1659//1600 1620//1600 1621//1600 
f 1619//1600 1650//1600 1651//1600 
f 1660//1600 1613//1600 1614//1600 
f 1661//1600 1612//1600 1613//1600 
f 1662//1600 1663//1600 1604//1600 
f 1663//1600 1664//1600 1603//1600 
f 1665//1600 1666//1600 1596//1600 
f 1666//1600 1667//1600 1595//1600 
f 1667//1600 1668//1600 1594//1600 
f 1668//1600 1669//1600 1593//1600 
f 1590//1600 1591//1600 1653//1600 
f 1588//1600 1589//1600 1647//1600 
f 1670//1600 1629//1600 1630//1600 
f 1628//1600 1655//1600 1656//1600 
f 1671//1600 1624//1600 1625//1600 
f 1623//1600 1657//1600 1658//1600 
f 1672//1600 1621//1600 1622//1600 
f 1620//1600 1659//1600 1650//1600 
f 1673//1600 1617//1600 1618//1600 
f 1674//1600 1616//1600 1617//1600 
f 1675//1600 1615//1600 1616//1600 
f 1676//1600 1614//1600 1615//1600 
f 1613//1600 1660//1600 1661//1600 
f 1677//1600 1611//1600 1612//1600 
f 1603//1600 1604//1600 1663//1600 
f 1664//1600 1678//1600 1602//1600 
f 1595//1600 1596//1600 1666//1600 
f 1593//1600 1594//1600 1668//1600 
f 1669//1600 1652//1600 1592//1600 
f 1589//1600 1590//1600 1654//1600 
f 1629//1600 1670//1600 1655//1600 
f 1679//1600 1626//1600 1627//1600 
f 1680//1600 1625//1600 1626//1600 
f 1624//1600 1671//1600 1657//1600 
f 1621//1600 1672//1600 1659//1600 
f 1617//1600 1673//1600 1674//1600 
f 1615//1600 1675//1600 1676//1600 
f 1612//1600 1661//1600 1677//1600 
f 1602//1600 1603//1600 1664//1600 
f 1678//1600 1681//1600 1601//1600 
f 1681//1600 1682//1600 1600//1600 
f 1682//1600 1683//1600 1599//1600 
f 1683//1600 1684//1600 1598//1600 
f 1684//1600 1665//1600 1597//1600 
f 1594//1600 1595//1600 1667//1600 
f 1591//1600 1592//1600 1652//1600 
f 1685//1600 1631//1600 1632//1600 
f 1686//1600 1630//1600 1631//1600 
f 1627//1600 1656//1600 1679//1600 
f 1625//1600 1680//1600 1671//1600 
f 1618//1600 1651//1600 1673//1600 
f 1614//1600 1676//1600 1660//1600 
f 1687//1600 1610//1600 1611//1600 
f 1688//1600 1609//1600 1610//1600 
f 1689//1600 1608//1600 1609//1600 
f 1690//1600 1607//1600 1608//1600 
f 1601//1600 1602//1600 1678//1600 
f 1599//1600 1600//1600 1682//1600 
f 1597//1600 1598//1600 1684//1600 
f 1592//1600 1593//1600 1669//1600 
f 1691//1600 1632//1600 1633//1600 
f 1631//1600 1685//1600 1686//1600 
f 1626//1600 1679//1600 1680//1600 
f 1616//1600 1674//1600 1675//1600 
f 1610//1600 1687//1600 1688//1600 
f 1608//1600 1689//1600 1690//1600 
f 1692//1600 1606//1600 1607//1600 
f 1692//1600 1662//1600 1605//1600 
f 1600//1600 1601//1600 1681//1600 
f 1596//1600 1597//1600 1665//1600 
f 1693//1600 1633//1600 1634//1600 
f 1632//1600 1691//1600 1685//1600 
f 1622//1600 1658//1600 1672//1600 
f 1609//1600 1688//1600 1689//1600 
f 1605//1600 1606//1600 1692//1600 
f 1598//1600 1599//1600 1683//1600 
f 1649//1600 1694//1600 1586//1600 
f 1694//1600 1695//1600 1585//1600 
f 1696//1600 1636//1600 1637//1600 
f 1697//1600 1635//1600 1636//1600 
f 1698//1600 1634//1600 1635//1600 
f 1633//1600 1693//1600 1691//1600 
f 1611//1600 1677//1600 1687//1600 
f 1604//1600 1605//1600 1662//1600 
f 1585//1600 1586//1600 1694//1600 
f 1695//1600 1699//1600 1584//1600 
f 1699//1600 1700//1600 1583//1600 
f 1700//1600 1701//1600 1582//1600 
f 1702//1600 1703//1600 1575//1600 
f 1703//1600 1704//1600 1574//1600 
f 1705//1600 1638//1600 1639//1600 
f 1706//1600 1637//1600 1638//1600 
f 1636//1600 1696//1600 1697//1600 
f 1634//1600 1698//1600 1693//1600 
f 1607//1600 1690//1600 1692//1600 
f 1584//1600 1585//1600 1695//1600 
f 1582//1600 1583//1600 1700//1600 
f 1701//1600 1707//1600 1581//1600 
f 1708//1600 1702//1600 1576//1600 
f 1574//1600 1575//1600 1703//1600 
f 1709//1600 1710//1600 1570//1600 
f 1710//1600 1643//1600 1571//1600 
f 1711//1600 1641//1600 1642//1600 
f 1712//1600 1640//1600 1641//1600 
f 1638//1600 1705//1600 1706//1600 
f 1635//1600 1697//1600 1698//1600 
f 1586//1600 1587//1600 1649//1600 
f 1581//1600 1582//1600 1701//1600 
f 1707//1600 1713//1600 1580//1600 
f 1713//1600 1714//1600 1579//1600 
f 1714//1600 1715//1600 1578//1600 
f 1715//1600 1708//1600 1577//1600 
f 1575//1600 1576//1600 1702//1600 
f 1704//1600 1716//1600 1573//1600 
f 1716//1600 1709//1600 1572//1600 
f 1571//1600 1570//1600 1710//1600 
f 1641//1600 1711//1600 1712//1600 
f 1717//1600 1639//1600 1640//1600 
f 1637//1600 1706//1600 1696//1600 
f 1583//1600 1584//1600 1699//1600 
f 1579//1600 1580//1600 1713//1600 
f 1577//1600 1578//1600 1715//1600 
f 1573//1600 1574//1600 1704//1600 
f 1570//1600 1572//1600 1709//1600 
f 1640//1600 1712//1600 1717//1600 
f 1630//1600 1686//1600 1670//1600 
f 1578//1600 1579//1600 1714//1600 
f 1572//1600 1573//1600 1716//1600 
f 1639//1600 1717//1600 1705//1600 
f 1576//1600 1577//1600 1708//1600 
f 1580//1600 1581//1600 1707//1600 
f 1642//1600 1645//1600 1711//1600 
o mesh43
f 1718//1601 1644//1602 1643//1602 
f 1719//1603 1718//1601 1710//1604 
f 1720//1605 1719//1603 1709//1606 
f 1721//1607 1720//1605 1716//1608 
f 1722//1609 1721//1607 1704//1610 
f 1723//1611 1722//1609 1703//1612 
f 1724//1613 1723//1611 1702//1614 
f 1725//1615 1724//1613 1708//1616 
f 1726//1617 1725//1615 1715//1618 
f 1727//1619 1726//1617 1714//1620 
f 1728//1621 1727//1619 1713//1622 
f 1729//1623 1728//1621 1707//1624 
f 1730//1625 1729//1623 1701//1626 
f 1731//1627 1730//1625 1700//1628 
f 1732//1629 1731//1627 1699//1630 
f 1733//1631 1732//1629 1695//1632 
f 1734//1633 1733//1631 1694//1634 
f 1735//1635 1734//1633 1649//1636 
f 1736//1637 1735//1635 1648//1638 
f 1737//1639 1736//1637 1647//1640 
f 1738//1641 1737//1639 1654//1642 
f 1739//1643 1738//1641 1653//1644 
f 1740//1645 1739//1643 1652//1646 
f 1741//1647 1740//1645 1669//1648 
f 1742//1649 1741//1647 1668//1650 
f 1743//1651 1742//1649 1667//1652 
f 1744//1653 1743//1651 1666//1654 
f 1745//1655 1744//1653 1665//1656 
f 1746//1657 1745//1655 1684//1658 
f 1747//1659 1746//1657 1683//1660 
f 1748//1661 1747//1659 1682//1662 
f 1749//1663 1748//1661 1681//1664 
f 1750//1665 1749//1663 1678//1666 
f 1751//1667 1750//1665 1664//1668 
f 1752//1669 1751//1667 1663//1670 
f 1753//1671 1752//1669 1662//1672 
f 1754//1673 1753//1671 1692//1674 
f 1755//1675 1754//1673 1690//1676 
f 1756//1677 1755//1675 1689//1678 
f 1757//1679 1756//1677 1688//1680 
f 1758//1681 1757//1679 1687//1682 
f 1759//1683 1758//1681 1677//1684 
f 1760//1685 1759//1683 1661//1686 
f 1761//1687 1760//1685 1660//1688 
f 1762//1689 1761//1687 1676//1690 
f 1763//1691 1762//1689 1675//1692 
f 1764//1693 1763//1691 1674//1694 
f 1765//1695 1764//1693 1673//1696 
f 1766//1697 1765//1695 1651//1698 
f 1767//1699 1766//1697 1650//1700 
f 1768//1701 1767//1699 1659//1702 
f 1769//1703 1768//1701 1672//1704 
f 1770//1705 1769//1703 1658//1706 
f 1771//1707 1770//1705 1657//1708 
f 1772//1709 1771//1707 1671//1710 
f 1773//1711 1772//1709 1680//1712 
f 1774//1713 1773//1711 1679//1714 
f 1775//1715 1774//1713 1656//1716 
f 1776//1717 1775//1715 1655//1718 
f 1777//1719 1776//1717 1670//1720 
f 1778//1721 1777//1719 1686//1722 
f 1779//1723 1778//1721 1685//1724 
f 1780//1725 1779//1723 1691//1726 
f 1781//1727 1780//1725 1693//1728 
f 1782//1729 1781//1727 1698//1730 
f 1783//1731 1782//1729 1697//1732 
f 1784//1733 1783//1731 1696//1734 
f 1785//1735 1784//1733 1706//1736 
f 1786//1737 1785//1735 1705//1738 
f 1787//1739 1786//1737 1717//1740 
f 1788//1741 1787//1739 1712//1742 
f 1646//1743 1788//1741 1711//1744 
f 1711//1744 1645//1743 1646//1743 
f 1712//1742 1711//1744 1788//1741 
f 1717//1740 1712//1742 1787//1739 
f 1705//1738 1717//1740 1786//1737 
f 1706//1736 1705//1738 1785//1735 
f 1696//1734 1706//1736 1784//1733 
f 1697//1732 1696//1734 1783//1731 
f 1698//1730 1697//1732 1782//1729 
f 1693//1728 1698//1730 1781//1727 
f 1691//1726 1693//1728 1780//1725 
f 1685//1724 1691//1726 1779//1723 
f 1686//1722 1685//1724 1778//1721 
f 1670//1720 1686//1722 1777//1719 
f 1655//1718 1670//1720 1776//1717 
f 1656//1716 1655//1718 1775//1715 
f 1679//1714 1656//1716 1774//1713 
f 1680//1712 1679//1714 1773//1711 
f 1671//1710 1680//1712 1772//1709 
f 1657//1708 1671//1710 1771//1707 
f 1658//1706 1657//1708 1770//1705 
f 1672//1704 1658//1706 1769//1703 
f 1659//1702 1672//1704 1768//1701 
f 1650//1700 1659//1702 1767//1699 
f 1651//1698 1650//1700 1766//1697 
f 1673//1696 1651//1698 1765//1695 
f 1674//1694 1673//1696 1764//1693 
f 1675//1692 1674//1694 1763//1691 
f 1676//1690 1675//1692 1762//1689 
f 1660//1688 1676//1690 1761//1687 
f 1661//1686 1660//1688 1760//1685 
f 1677//1684 1661//1686 1759//1683 
f 1687//1682 1677//1684 1758//1681 
f 1688//1680 1687//1682 1757//1679 
f 1689//1678 1688//1680 1756//1677 
f 1690//1676 1689//1678 1755//1675 
f 1692//1674 1690//1676 1754//1673 
f 1662//1672 1692//1674 1753//1671 
f 1663//1670 1662//1672 1752//1669 
f 1664//1668 1663//1670 1751//1667 
f 1678//1666 1664//1668 1750//1665 
f 1681//1664 1678//1666 1749//1663 
f 1682//1662 1681//1664 1748//1661 
f 1683//1660 1682//1662 1747//1659 
f 1684//1658 1683//1660 1746//1657 
f 1665//1656 1684//1658 1745//1655 
f 1666//1654 1665//1656 1744//1653 
f 1667//1652 1666//1654 1743//1651 
f 1668//1650 1667//1652 1742//1649 
f 1669//1648 1668//1650 1741//1647 
f 1652//1646 1669//1648 1740//1645 
f 1653//1644 1652//1646 1739//1643 
f 1654//1642 1653//1644 1738//1641 
f 1647//1640 1654//1642 1737//1639 
f 1648//1638 1647//1640 1736//1637 
f 1649//1636 1648//1638 1735//1635 
f 1694//1634 1649//1636 1734//1633 
f 1695//1632 1694//1634 1733//1631 
f 1699//1630 1695//1632 1732//1629 
f 1700//1628 1699//1630 1731//1627 
f 1701//1626 1700//1628 1730//1625 
f 1707//1624 1701//1626 1729//1623 
f 1713//1622 1707//1624 1728//1621 
f 1714//1620 1713//1622 1727//1619 
f 1715//1618 1714//1620 1726//1617 
f 1708//1616 1715//1618 1725//1615 
f 1702//1614 1708//1616 1724//1613 
f 1703//1612 1702//1614 1723//1611 
f 1704//1610 1703//1612 1722//1609 
f 1716//1608 1704//1610 1721//1607 
f 1709//1606 1716//1608 1720//1605 
f 1710//1604 1709//1606 1719//1603 
f 1643//1602 1710//1604 1718//1601 
o mesh44
f 1561//1745 1559//1745 1746//1745 
f 1565//1745 1390//1745 1391//1745 
f 1559//1745 1745//1745 1746//1745 
f 1559//1745 1743//1745 1744//1745 
f 1566//1745 1565//1745 1392//1745 
f 1565//1745 1389//1745 1390//1745 
f 1564//1745 1356//1745 1357//1745 
f 1789//1745 1764//1745 1765//1745 
f 1561//1745 1759//1745 1760//1745 
f 1561//1745 1756//1745 1757//1745 
f 1561//1745 1754//1745 1755//1745 
f 1561//1745 1752//1745 1753//1745 
f 1744//1745 1745//1745 1559//1745 
f 1391//1745 1392//1745 1565//1745 
f 1565//1745 1385//1745 1386//1745 
f 1565//1745 1383//1745 1384//1745 
f 1565//1745 1564//1745 1367//1745 
f 1357//1745 1358//1745 1564//1745 
f 1563//1745 1341//1745 1342//1745 
f 1789//1745 1766//1745 1767//1745 
f 1789//1745 1763//1745 1764//1745 
f 1561//1745 1758//1745 1759//1745 
f 1755//1745 1756//1745 1561//1745 
f 1561//1745 1751//1745 1752//1745 
f 1561//1745 1749//1745 1750//1745 
f 1561//1745 1747//1745 1748//1745 
f 1559//1745 1742//1745 1743//1745 
f 1566//1745 1393//1745 1394//1745 
f 1565//1745 1388//1745 1389//1745 
f 1386//1745 1387//1745 1565//1745 
f 1565//1745 1382//1745 1383//1745 
f 1565//1745 1379//1745 1380//1745 
f 1564//1745 1366//1745 1367//1745 
f 1564//1745 1363//1745 1364//1745 
f 1564//1745 1361//1745 1362//1745 
f 1358//1745 1359//1745 1564//1745 
f 1563//1745 1340//1745 1341//1745 
f 1765//1745 1766//1745 1789//1745 
f 1561//1745 1761//1745 1762//1745 
f 1757//1745 1758//1745 1561//1745 
f 1750//1745 1751//1745 1561//1745 
f 1746//1745 1747//1745 1561//1745 
f 1559//1745 1740//1745 1741//1745 
f 1559//1745 1727//1745 1728//1745 
f 1790//1745 1411//1745 1412//1745 
f 1790//1745 1567//1745 1409//1745 
f 1567//1745 1407//1745 1408//1745 
f 1562//1745 1471//1745 1472//1745 
f 1561//1745 1465//1745 1466//1745 
f 1561//1745 1462//1745 1463//1745 
f 1561//1745 1456//1745 1457//1745 
f 1394//1745 1395//1745 1566//1745 
f 1387//1745 1388//1745 1565//1745 
f 1565//1745 1381//1745 1382//1745 
f 1565//1745 1378//1745 1379//1745 
f 1565//1745 1375//1745 1376//1745 
f 1565//1745 1372//1745 1373//1745 
f 1367//1745 1368//1745 1565//1745 
f 1362//1745 1363//1745 1564//1745 
f 1359//1745 1360//1745 1564//1745 
f 1563//1745 1339//1745 1340//1745 
f 1789//1745 1771//1745 1772//1745 
f 1789//1745 1769//1745 1770//1745 
f 1767//1745 1768//1745 1789//1745 
f 1762//1745 1789//1745 1561//1745 
f 1753//1745 1754//1745 1561//1745 
f 1741//1745 1742//1745 1559//1745 
f 1559//1745 1737//1745 1738//1745 
f 1559//1745 1732//1745 1733//1745 
f 1559//1745 1730//1745 1731//1745 
f 1728//1745 1729//1745 1559//1745 
f 1790//1745 1414//1745 1415//1745 
f 1790//1745 1410//1745 1411//1745 
f 1408//1745 1409//1745 1567//1745 
f 1567//1745 1402//1745 1403//1745 
f 1472//1745 1473//1745 1562//1745 
f 1561//1745 1469//1745 1470//1745 
f 1466//1745 1467//1745 1561//1745 
f 1463//1745 1464//1745 1561//1745 
f 1561//1745 1459//1745 1460//1745 
f 1561//1745 1455//1745 1456//1745 
f 1789//1745 1449//1745 1450//1745 
f 1395//1745 1396//1745 1566//1745 
f 1384//1745 1385//1745 1565//1745 
f 1565//1745 1377//1745 1378//1745 
f 1565//1745 1374//1745 1375//1745 
f 1565//1745 1371//1745 1372//1745 
f 1565//1745 1369//1745 1370//1745 
f 1564//1745 1365//1745 1366//1745 
f 1360//1745 1361//1745 1564//1745 
f 1563//1745 1338//1745 1339//1745 
f 1770//1745 1771//1745 1789//1745 
f 1762//1745 1763//1745 1789//1745 
f 1748//1745 1749//1745 1561//1745 
f 1738//1745 1739//1745 1559//1745 
f 1559//1745 1735//1745 1736//1745 
f 1733//1745 1734//1745 1559//1745 
f 1729//1745 1730//1745 1559//1745 
f 1790//1745 1419//1745 1420//1745 
f 1790//1745 1413//1745 1414//1745 
f 1409//1745 1410//1745 1790//1745 
f 1403//1745 1404//1745 1567//1745 
f 1473//1745 1474//1745 1562//1745 
f 1470//1745 1562//1745 1561//1745 
f 1464//1745 1465//1745 1561//1745 
f 1460//1745 1461//1745 1561//1745 
f 1457//1745 1458//1745 1561//1745 
f 1561//1745 1453//1745 1454//1745 
f 1450//1745 1561//1745 1789//1745 
f 1789//1745 1447//1745 1448//1745 
f 1789//1745 1445//1745 1446//1745 
f 1392//1745 1393//1745 1566//1745 
f 1376//1745 1377//1745 1565//1745 
f 1370//1745 1371//1745 1565//1745 
f 1364//1745 1365//1745 1564//1745 
f 1342//1745 1564//1745 1563//1745 
f 1789//1745 1784//1745 1785//1745 
f 1789//1745 1775//1745 1776//1745 
f 1772//1745 1773//1745 1789//1745 
f 1760//1745 1761//1745 1561//1745 
f 1736//1745 1737//1745 1559//1745 
f 1731//1745 1732//1745 1559//1745 
f 1560//1745 1718//1745 1719//1745 
f 1791//1745 1426//1745 1427//1745 
f 1791//1745 1424//1745 1425//1745 
f 1422//1745 1423//1745 1791//1745 
f 1420//1745 1421//1745 1790//1745 
f 1412//1745 1413//1745 1790//1745 
f 1567//1745 1405//1745 1406//1745 
f 1567//1745 1401//1745 1402//1745 
f 1401//1745 1567//1745 1566//1745 
f 1470//1745 1471//1745 1562//1745 
f 1467//1745 1468//1745 1561//1745 
f 1458//1745 1459//1745 1561//1745 
f 1561//1745 1452//1745 1453//1745 
f 1450//1745 1451//1745 1561//1745 
f 1446//1745 1447//1745 1789//1745 
f 1789//1745 1439//1745 1440//1745 
f 1789//1745 1437//1745 1438//1745 
f 1566//1745 1397//1745 1398//1745 
f 1380//1745 1381//1745 1565//1745 
f 1368//1745 1369//1745 1565//1745 
f 1564//1745 1354//1745 1355//1745 
f 1564//1745 1352//1745 1353//1745 
f 1564//1745 1350//1745 1351//1745 
f 1563//1745 1337//1745 1338//1745 
f 1563//1745 1335//1745 1336//1745 
f 1789//1745 1787//1745 1788//1745 
f 1785//1745 1786//1745 1789//1745 
f 1789//1745 1781//1745 1782//1745 
f 1776//1745 1777//1745 1789//1745 
f 1773//1745 1774//1745 1789//1745 
f 1739//1745 1740//1745 1559//1745 
f 1559//1745 1726//1745 1727//1745 
f 1559//1745 1724//1745 1725//1745 
f 1560//1745 1723//1745 1724//1745 
f 1560//1745 1721//1745 1722//1745 
f 1719//1745 1720//1745 1560//1745 
f 1427//1745 1428//1745 1791//1745 
f 1791//1745 1423//1745 1424//1745 
f 1421//1745 1422//1745 1790//1745 
f 1790//1745 1416//1745 1417//1745 
f 1406//1745 1407//1745 1567//1745 
f 1566//1745 1400//1745 1401//1745 
f 1468//1745 1469//1745 1561//1745 
f 1454//1745 1455//1745 1561//1745 
f 1448//1745 1449//1745 1789//1745 
f 1789//1745 1443//1745 1444//1745 
f 1789//1745 1441//1745 1442//1745 
f 1438//1745 1439//1745 1789//1745 
f 1431//1745 1789//1745 1791//1745 
f 1396//1745 1397//1745 1566//1745 
f 1355//1745 1356//1745 1564//1745 
f 1351//1745 1352//1745 1564//1745 
f 1564//1745 1343//1745 1344//1745 
f 1336//1745 1337//1745 1563//1745 
f 1563//1745 1333//1745 1334//1745 
f 1786//1745 1787//1745 1789//1745 
f 1782//1745 1783//1745 1789//1745 
f 1789//1745 1778//1745 1779//1745 
f 1774//1745 1775//1745 1789//1745 
f 1734//1745 1735//1745 1559//1745 
f 1724//1745 1559//1745 1560//1745 
f 1720//1745 1721//1745 1560//1745 
f 1569//1745 1568//1745 1792//1745 
f 1428//1745 1429//1745 1791//1745 
f 1791//1745 1790//1745 1422//1745 
f 1417//1745 1418//1745 1790//1745 
f 1404//1745 1405//1745 1567//1745 
f 1461//1745 1462//1745 1561//1745 
f 1444//1745 1445//1745 1789//1745 
f 1440//1745 1441//1745 1789//1745 
f 1789//1745 1435//1745 1436//1745 
f 1791//1745 1430//1745 1431//1745 
f 1398//1745 1399//1745 1566//1745 
f 1353//1745 1354//1745 1564//1745 
f 1564//1745 1346//1745 1347//1745 
f 1344//1745 1345//1745 1564//1745 
f 1334//1745 1335//1745 1563//1745 
f 1563//1745 1332//1745 1331//1745 
f 1783//1745 1784//1745 1789//1745 
f 1779//1745 1780//1745 1789//1745 
f 1768//1745 1769//1745 1789//1745 
f 1722//1745 1723//1745 1560//1745 
f 1789//1745 1646//1745 1569//1745 
f 1568//1745 1567//1745 1790//1745 
f 1425//1745 1426//1745 1791//1745 
f 1415//1745 1416//1745 1790//1745 
f 1451//1745 1452//1745 1561//1745 
f 1436//1745 1437//1745 1789//1745 
f 1789//1745 1433//1745 1434//1745 
f 1431//1745 1432//1745 1789//1745 
f 1373//1745 1374//1745 1565//1745 
f 1564//1745 1348//1745 1349//1745 
f 1345//1745 1346//1745 1564//1745 
f 1331//1745 1333//1745 1563//1745 
f 1780//1745 1781//1745 1789//1745 
f 1725//1745 1726//1745 1559//1745 
f 1790//1745 1792//1745 1568//1745 
f 1418//1745 1419//1745 1790//1745 
f 1442//1745 1443//1745 1789//1745 
f 1432//1745 1433//1745 1789//1745 
f 1349//1745 1350//1745 1564//1745 
f 1342//1745 1343//1745 1564//1745 
f 1777//1745 1778//1745 1789//1745 
f 1429//1745 1430//1745 1791//1745 
f 1434//1745 1435//1745 1789//1745 
f 1347//1745 1348//1745 1564//1745 
f 1560//1745 1644//1745 1718//1745 
f 1474//1745 1332//1745 1562//1745 
f 1399//1745 1400//1745 1566//1745 
f 1792//1745 1789//1745 1569//1745 
f 1788//1745 1646//1745 1789//1745 
f 1563//1745 1562//1745 1332//1745 
o mesh45
f 1793//1746 1789//1746 1792//1746 
f 1792//1746 1794//1746 1793//1746 
o mesh46
f 1795//1747 1791//1747 1789//1747 
f 1789//1747 1793//1747 1795//1747 
o mesh47
f 1796//1748 1790//1748 1791//1748 
f 1791//1748 1795//1748 1796//1748 
o mesh48
f 1794//1749 1792//1749 1790//1749 
f 1790//1749 1796//1749 1794//1749 
o mesh49
f 1795//1750 1793//1750 1794//1750 
f 1794//1750 1796//1750 1795//1750 
