# OBJ generated by ONSHAPE BY PTC INC, 1.215 Units = meters
mtllib face-cap-B.mtl
g Part 1
v -0.0166374 -0.06604 0.0301018 
v -0.01651 -0.06604 0.030099 
v -0.01651 -0.064135 0.030099 
v -0.0167646 -0.06604 0.0301101 
v -0.0166374 -0.064135 0.0301018 
v -0.0168913 -0.06604 0.030124 
v -0.0167646 -0.064135 0.0301101 
v -0.0170172 -0.06604 0.0301434 
v -0.0168913 -0.064135 0.030124 
v -0.0171422 -0.06604 0.0301682 
v -0.0170172 -0.064135 0.0301434 
v -0.017266 -0.06604 0.0301985 
v -0.0171422 -0.064135 0.0301682 
v -0.0173884 -0.06604 0.0302342 
v -0.017266 -0.064135 0.0301985 
v -0.017509 -0.06604 0.0302752 
v -0.0173884 -0.064135 0.0302342 
v -0.0176278 -0.06604 0.0303213 
v -0.017509 -0.064135 0.0302752 
v -0.0177445 -0.06604 0.0303727 
v -0.0176278 -0.064135 0.0303213 
v -0.0178588 -0.06604 0.030429 
v -0.0177445 -0.064135 0.0303727 
v -0.0179705 -0.06604 0.0304903 
v -0.0178588 -0.064135 0.030429 
v -0.0180795 -0.06604 0.0305565 
v -0.0179705 -0.064135 0.0304903 
v -0.0181854 -0.06604 0.0306273 
v -0.0180795 -0.064135 0.0305565 
v -0.0182882 -0.06604 0.0307026 
v -0.0181854 -0.064135 0.0306273 
v -0.0183876 -0.06604 0.0307824 
v -0.0182882 -0.064135 0.0307026 
v -0.0184834 -0.06604 0.0308664 
v -0.0183876 -0.064135 0.0307824 
v -0.0185755 -0.06604 0.0309545 
v -0.0184834 -0.064135 0.0308664 
v -0.0186636 -0.06604 0.0310466 
v -0.0185755 -0.064135 0.0309545 
v -0.0187476 -0.06604 0.0311424 
v -0.0186636 -0.064135 0.0310466 
v -0.0188274 -0.06604 0.0312418 
v -0.0187476 -0.064135 0.0311424 
v -0.0189027 -0.06604 0.0313446 
v -0.0188274 -0.064135 0.0312418 
v -0.0189735 -0.06604 0.0314505 
v -0.0189027 -0.064135 0.0313446 
v -0.0190397 -0.06604 0.0315595 
v -0.0189735 -0.064135 0.0314505 
v -0.019101 -0.06604 0.0316712 
v -0.0190397 -0.064135 0.0315595 
v -0.0191573 -0.06604 0.0317855 
v -0.019101 -0.064135 0.0316712 
v -0.0192087 -0.06604 0.0319022 
v -0.0191573 -0.064135 0.0317855 
v -0.0192548 -0.06604 0.032021 
v -0.0192087 -0.064135 0.0319022 
v -0.0192958 -0.06604 0.0321416 
v -0.0192548 -0.064135 0.032021 
v -0.0193315 -0.06604 0.032264 
v -0.0192958 -0.064135 0.0321416 
v -0.0193618 -0.06604 0.0323878 
v -0.0193315 -0.064135 0.032264 
v -0.0193866 -0.06604 0.0325128 
v -0.0193618 -0.064135 0.0323878 
v -0.019406 -0.06604 0.0326387 
v -0.0193866 -0.064135 0.0325128 
v -0.0194199 -0.06604 0.0327654 
v -0.019406 -0.064135 0.0326387 
v -0.0194282 -0.06604 0.0328926 
v -0.0194199 -0.064135 0.0327654 
v -0.019431 -0.06604 0.03302 
v -0.0194282 -0.064135 0.0328926 
v -0.0194282 -0.06604 0.0331474 
v -0.019431 -0.064135 0.03302 
v -0.0194199 -0.06604 0.0332746 
v -0.0194282 -0.064135 0.0331474 
v -0.019406 -0.06604 0.0334013 
v -0.0194199 -0.064135 0.0332746 
v -0.0193866 -0.06604 0.0335272 
v -0.019406 -0.064135 0.0334013 
v -0.0193618 -0.06604 0.0336522 
v -0.0193866 -0.064135 0.0335272 
v -0.0193315 -0.06604 0.033776 
v -0.0193618 -0.064135 0.0336522 
v -0.0192958 -0.06604 0.0338984 
v -0.0193315 -0.064135 0.033776 
v -0.0192548 -0.06604 0.034019 
v -0.0192958 -0.064135 0.0338984 
v -0.0192087 -0.06604 0.0341378 
v -0.0192548 -0.064135 0.034019 
v -0.0191573 -0.06604 0.0342545 
v -0.0192087 -0.064135 0.0341378 
v -0.019101 -0.06604 0.0343688 
v -0.0191573 -0.064135 0.0342545 
v -0.0190397 -0.06604 0.0344805 
v -0.019101 -0.064135 0.0343688 
v -0.0189735 -0.06604 0.0345895 
v -0.0190397 -0.064135 0.0344805 
v -0.0189027 -0.06604 0.0346954 
v -0.0189735 -0.064135 0.0345895 
v -0.0188274 -0.06604 0.0347982 
v -0.0189027 -0.064135 0.0346954 
v -0.0187476 -0.06604 0.0348976 
v -0.0188274 -0.064135 0.0347982 
v -0.0186636 -0.06604 0.0349934 
v -0.0187476 -0.064135 0.0348976 
v -0.0185755 -0.06604 0.0350855 
v -0.0186636 -0.064135 0.0349934 
v -0.0184834 -0.06604 0.0351736 
v -0.0185755 -0.064135 0.0350855 
v -0.0183876 -0.06604 0.0352576 
v -0.0184834 -0.064135 0.0351736 
v -0.0182882 -0.06604 0.0353374 
v -0.0183876 -0.064135 0.0352576 
v -0.0181854 -0.06604 0.0354127 
v -0.0182882 -0.064135 0.0353374 
v -0.0180795 -0.06604 0.0354835 
v -0.0181854 -0.064135 0.0354127 
v -0.0179705 -0.06604 0.0355497 
v -0.0180795 -0.064135 0.0354835 
v -0.0178588 -0.06604 0.035611 
v -0.0179705 -0.064135 0.0355497 
v -0.0177445 -0.06604 0.0356673 
v -0.0178588 -0.064135 0.035611 
v -0.0176278 -0.06604 0.0357187 
v -0.0177445 -0.064135 0.0356673 
v -0.017509 -0.06604 0.0357648 
v -0.0176278 -0.064135 0.0357187 
v -0.0173884 -0.06604 0.0358058 
v -0.017509 -0.064135 0.0357648 
v -0.017266 -0.06604 0.0358415 
v -0.0173884 -0.064135 0.0358058 
v -0.0171422 -0.06604 0.0358718 
v -0.017266 -0.064135 0.0358415 
v -0.0170172 -0.06604 0.0358966 
v -0.0171422 -0.064135 0.0358718 
v -0.0168913 -0.06604 0.035916 
v -0.0170172 -0.064135 0.0358966 
v -0.0167646 -0.06604 0.0359299 
v -0.0168913 -0.064135 0.035916 
v -0.0166374 -0.06604 0.0359382 
v -0.0167646 -0.064135 0.0359299 
v -0.01651 -0.06604 0.035941 
v -0.0166374 -0.064135 0.0359382 
v -0.0163826 -0.06604 0.0359382 
v -0.01651 -0.064135 0.035941 
v -0.0162554 -0.06604 0.0359299 
v -0.0163826 -0.064135 0.0359382 
v -0.0161287 -0.06604 0.035916 
v -0.0162554 -0.064135 0.0359299 
v -0.0160028 -0.06604 0.0358966 
v -0.0161287 -0.064135 0.035916 
v -0.0158778 -0.06604 0.0358718 
v -0.0160028 -0.064135 0.0358966 
v -0.015754 -0.06604 0.0358415 
v -0.0158778 -0.064135 0.0358718 
v -0.0156316 -0.06604 0.0358058 
v -0.015754 -0.064135 0.0358415 
v -0.015511 -0.06604 0.0357648 
v -0.0156316 -0.064135 0.0358058 
v -0.0153922 -0.06604 0.0357187 
v -0.015511 -0.064135 0.0357648 
v -0.0152755 -0.06604 0.0356673 
v -0.0153922 -0.064135 0.0357187 
v -0.0151612 -0.06604 0.035611 
v -0.0152755 -0.064135 0.0356673 
v -0.0150495 -0.06604 0.0355497 
v -0.0151612 -0.064135 0.035611 
v -0.0149405 -0.06604 0.0354835 
v -0.0150495 -0.064135 0.0355497 
v -0.0148346 -0.06604 0.0354127 
v -0.0149405 -0.064135 0.0354835 
v -0.0147318 -0.06604 0.0353374 
v -0.0148346 -0.064135 0.0354127 
v -0.0146324 -0.06604 0.0352576 
v -0.0147318 -0.064135 0.0353374 
v -0.0145366 -0.06604 0.0351736 
v -0.0146324 -0.064135 0.0352576 
v -0.0144445 -0.06604 0.0350855 
v -0.0145366 -0.064135 0.0351736 
v -0.0143564 -0.06604 0.0349934 
v -0.0144445 -0.064135 0.0350855 
v -0.0142724 -0.06604 0.0348976 
v -0.0143564 -0.064135 0.0349934 
v -0.0141926 -0.06604 0.0347982 
v -0.0142724 -0.064135 0.0348976 
v -0.0141173 -0.06604 0.0346954 
v -0.0141926 -0.064135 0.0347982 
v -0.0140465 -0.06604 0.0345895 
v -0.0141173 -0.064135 0.0346954 
v -0.0139803 -0.06604 0.0344805 
v -0.0140465 -0.064135 0.0345895 
v -0.013919 -0.06604 0.0343688 
v -0.0139803 -0.064135 0.0344805 
v -0.0138627 -0.06604 0.0342545 
v -0.013919 -0.064135 0.0343688 
v -0.0138113 -0.06604 0.0341378 
v -0.0138627 -0.064135 0.0342545 
v -0.0137652 -0.06604 0.034019 
v -0.0138113 -0.064135 0.0341378 
v -0.0137242 -0.06604 0.0338984 
v -0.0137652 -0.064135 0.034019 
v -0.0136885 -0.06604 0.033776 
v -0.0137242 -0.064135 0.0338984 
v -0.0136582 -0.06604 0.0336522 
v -0.0136885 -0.064135 0.033776 
v -0.0136334 -0.06604 0.0335272 
v -0.0136582 -0.064135 0.0336522 
v -0.013614 -0.06604 0.0334013 
v -0.0136334 -0.064135 0.0335272 
v -0.0136001 -0.06604 0.0332746 
v -0.013614 -0.064135 0.0334013 
v -0.0135918 -0.06604 0.0331474 
v -0.0136001 -0.064135 0.0332746 
v -0.013589 -0.06604 0.03302 
v -0.0135918 -0.064135 0.0331474 
v -0.0135918 -0.06604 0.0328926 
v -0.013589 -0.064135 0.03302 
v -0.0136001 -0.06604 0.0327654 
v -0.0135918 -0.064135 0.0328926 
v -0.013614 -0.06604 0.0326387 
v -0.0136001 -0.064135 0.0327654 
v -0.0136334 -0.06604 0.0325128 
v -0.013614 -0.064135 0.0326387 
v -0.0136582 -0.06604 0.0323878 
v -0.0136334 -0.064135 0.0325128 
v -0.0136885 -0.06604 0.032264 
v -0.0136582 -0.064135 0.0323878 
v -0.0137242 -0.06604 0.0321416 
v -0.0136885 -0.064135 0.032264 
v -0.0137652 -0.06604 0.032021 
v -0.0137242 -0.064135 0.0321416 
v -0.0138113 -0.06604 0.0319022 
v -0.0137652 -0.064135 0.032021 
v -0.0138627 -0.06604 0.0317855 
v -0.0138113 -0.064135 0.0319022 
v -0.013919 -0.06604 0.0316712 
v -0.0138627 -0.064135 0.0317855 
v -0.0139803 -0.06604 0.0315595 
v -0.013919 -0.064135 0.0316712 
v -0.0140465 -0.06604 0.0314505 
v -0.0139803 -0.064135 0.0315595 
v -0.0141173 -0.06604 0.0313446 
v -0.0140465 -0.064135 0.0314505 
v -0.0141926 -0.06604 0.0312418 
v -0.0141173 -0.064135 0.0313446 
v -0.0142724 -0.06604 0.0311424 
v -0.0141926 -0.064135 0.0312418 
v -0.0143564 -0.06604 0.0310466 
v -0.0142724 -0.064135 0.0311424 
v -0.0144445 -0.06604 0.0309545 
v -0.0143564 -0.064135 0.0310466 
v -0.0145366 -0.06604 0.0308664 
v -0.0144445 -0.064135 0.0309545 
v -0.0146324 -0.06604 0.0307824 
v -0.0145366 -0.064135 0.0308664 
v -0.0147318 -0.06604 0.0307026 
v -0.0146324 -0.064135 0.0307824 
v -0.0148346 -0.06604 0.0306273 
v -0.0147318 -0.064135 0.0307026 
v -0.0149405 -0.06604 0.0305565 
v -0.0148346 -0.064135 0.0306273 
v -0.0150495 -0.06604 0.0304903 
v -0.0149405 -0.064135 0.0305565 
v -0.0151612 -0.06604 0.030429 
v -0.0150495 -0.064135 0.0304903 
v -0.0152755 -0.06604 0.0303727 
v -0.0151612 -0.064135 0.030429 
v -0.0153922 -0.06604 0.0303213 
v -0.0152755 -0.064135 0.0303727 
v -0.015511 -0.06604 0.0302752 
v -0.0153922 -0.064135 0.0303213 
v -0.0156316 -0.06604 0.0302342 
v -0.015511 -0.064135 0.0302752 
v -0.015754 -0.06604 0.0301985 
v -0.0156316 -0.064135 0.0302342 
v -0.0158778 -0.06604 0.0301682 
v -0.015754 -0.064135 0.0301985 
v -0.0160028 -0.06604 0.0301434 
v -0.0158778 -0.064135 0.0301682 
v -0.0161287 -0.06604 0.030124 
v -0.0160028 -0.064135 0.0301434 
v -0.0162554 -0.06604 0.0301101 
v -0.0161287 -0.064135 0.030124 
v -0.0163826 -0.06604 0.0301018 
v -0.0162554 -0.064135 0.0301101 
v -0.0163826 -0.064135 0.0301018 
v -0.0146122 -0.064135 0.032854 
v -0.0146213 -0.064135 0.0327713 
v -0.0146068 -0.064135 0.0329369 
v -0.0146122 -0.064135 0.033186 
v -0.0146068 -0.064135 0.0331031 
v -0.0146213 -0.064135 0.0332687 
v -0.0146699 -0.064135 0.0325269 
v -0.0146932 -0.064135 0.0324472 
v -0.0146502 -0.064135 0.0326077 
v -0.0146339 -0.064135 0.0326892 
v -0.014605 -0.064135 0.03302 
v -0.01475 -0.064135 0.032291 
v -0.0147835 -0.064135 0.0322149 
v -0.0147199 -0.064135 0.0323685 
v -0.0146339 -0.064135 0.0333508 
v -0.0146502 -0.064135 0.0334323 
v -0.0146699 -0.064135 0.0335131 
v -0.0146932 -0.064135 0.0335928 
v -0.01475 -0.064135 0.033749 
v -0.0147199 -0.064135 0.0336715 
v -0.0147835 -0.064135 0.0338251 
v -0.0148202 -0.064135 0.0321404 
v -0.0149033 -0.064135 0.0319964 
v -0.0149495 -0.064135 0.0319273 
v -0.0148602 -0.064135 0.0320675 
v -0.0148202 -0.064135 0.0338996 
v -0.0149033 -0.064135 0.0340436 
v -0.0148602 -0.064135 0.0339725 
v -0.0149495 -0.064135 0.0341127 
v -0.0149987 -0.064135 0.0341797 
v -0.0150507 -0.064135 0.0342445 
v -0.0151055 -0.064135 0.034307 
v -0.015163 -0.064135 0.034367 
v -0.015223 -0.064135 0.0344245 
v -0.0152855 -0.064135 0.0344793 
v -0.0151055 -0.064135 0.031733 
v -0.015163 -0.064135 0.031673 
v -0.0150507 -0.064135 0.0317955 
v -0.0149987 -0.064135 0.0318603 
v -0.0153503 -0.064135 0.0315087 
v -0.0154173 -0.064135 0.0314595 
v -0.0152855 -0.064135 0.0315607 
v -0.015223 -0.064135 0.0316155 
v -0.0160977 -0.064135 0.0311602 
v -0.0161792 -0.064135 0.0311439 
v -0.0160169 -0.064135 0.0311799 
v -0.0154864 -0.064135 0.0314133 
v -0.0155575 -0.064135 0.0313702 
v -0.0153503 -0.064135 0.0345313 
v -0.0154173 -0.064135 0.0345805 
v -0.0157049 -0.064135 0.0347465 
v -0.0156304 -0.064135 0.0347098 
v -0.015781 -0.064135 0.03478 
v -0.0183001 -0.064135 0.0323685 
v -0.0183268 -0.064135 0.0324472 
v -0.01827 -0.064135 0.032291 
v -0.0181598 -0.064135 0.0320675 
v -0.0181998 -0.064135 0.0321404 
v -0.0181167 -0.064135 0.0319964 
v -0.0179693 -0.064135 0.0317955 
v -0.0180213 -0.064135 0.0318603 
v -0.0179145 -0.064135 0.031733 
v -0.0162613 -0.064135 0.0311313 
v -0.016344 -0.064135 0.0311222 
v -0.0159372 -0.064135 0.0312032 
v -0.0157049 -0.064135 0.0312935 
v -0.015781 -0.064135 0.03126 
v -0.0156304 -0.064135 0.0313302 
v -0.0154864 -0.064135 0.0346267 
v -0.0155575 -0.064135 0.0346698 
v -0.0158585 -0.064135 0.0348101 
v -0.01651 -0.064135 0.034925 
v -0.0164269 -0.064135 0.0349232 
v -0.0165931 -0.064135 0.0349232 
v -0.017239 -0.064135 0.03478 
v -0.0171615 -0.064135 0.0348101 
v -0.0173151 -0.064135 0.0347465 
v -0.0175336 -0.064135 0.0346267 
v -0.0174625 -0.064135 0.0346698 
v -0.0176027 -0.064135 0.0345805 
v -0.017797 -0.064135 0.0344245 
v -0.0177345 -0.064135 0.0344793 
v -0.017857 -0.064135 0.034367 
v -0.0181998 -0.064135 0.0338996 
v -0.0181598 -0.064135 0.0339725 
v -0.0182365 -0.064135 0.0338251 
v -0.01827 -0.064135 0.033749 
v -0.0183001 -0.064135 0.0336715 
v -0.0183698 -0.064135 0.0334323 
v -0.0183501 -0.064135 0.0335131 
v -0.0183861 -0.064135 0.0333508 
v -0.0183987 -0.064135 0.0332687 
v -0.0184078 -0.064135 0.033186 
v -0.0183698 -0.064135 0.0326077 
v -0.0183861 -0.064135 0.0326892 
v -0.0183501 -0.064135 0.0325269 
v -0.0180705 -0.064135 0.0319273 
v -0.017857 -0.064135 0.031673 
v -0.017797 -0.064135 0.0316155 
v -0.0177345 -0.064135 0.0315607 
v -0.0170828 -0.064135 0.0312032 
v -0.0171615 -0.064135 0.0312299 
v -0.0170031 -0.064135 0.0311799 
v -0.0158585 -0.064135 0.0312299 
v -0.0159372 -0.064135 0.0348368 
v -0.0160169 -0.064135 0.0348601 
v -0.0160977 -0.064135 0.0348798 
v -0.016676 -0.064135 0.0349178 
v -0.0167587 -0.064135 0.0349087 
v -0.0168408 -0.064135 0.0348961 
v -0.0169223 -0.064135 0.0348798 
v -0.0170031 -0.064135 0.0348601 
v -0.0170828 -0.064135 0.0348368 
v -0.0173896 -0.064135 0.0347098 
v -0.0176697 -0.064135 0.0345313 
v -0.0183268 -0.064135 0.0335928 
v -0.0183987 -0.064135 0.0327713 
v -0.0184078 -0.064135 0.032854 
v -0.0176697 -0.064135 0.0315087 
v -0.0176027 -0.064135 0.0314595 
v -0.0175336 -0.064135 0.0314133 
v -0.0174625 -0.064135 0.0313702 
v -0.017239 -0.064135 0.03126 
v -0.0169223 -0.064135 0.0311602 
v -0.0168408 -0.064135 0.0311439 
v -0.0164269 -0.064135 0.0311168 
v -0.01651 -0.064135 0.031115 
v -0.0161792 -0.064135 0.0348961 
v -0.0162613 -0.064135 0.0349087 
v -0.016344 -0.064135 0.0349178 
v -0.0180705 -0.064135 0.0341127 
v -0.0180213 -0.064135 0.0341797 
v -0.0181167 -0.064135 0.0340436 
v -0.0184132 -0.064135 0.0331031 
v -0.018415 -0.064135 0.03302 
v -0.0182365 -0.064135 0.0322149 
v -0.0173151 -0.064135 0.0312935 
v -0.0173896 -0.064135 0.0313302 
v -0.0167587 -0.064135 0.0311313 
v -0.016676 -0.064135 0.0311222 
v -0.0179145 -0.064135 0.034307 
v -0.0184132 -0.064135 0.0329369 
v -0.0165931 -0.064135 0.0311168 
v -0.0179693 -0.064135 0.0342445 
v -0.01651 -0.06223 0.031115 
v -0.0165931 -0.06223 0.0311168 
v -0.016676 -0.06223 0.0311222 
v -0.0167587 -0.06223 0.0311313 
v -0.0168408 -0.06223 0.0311439 
v -0.0169223 -0.06223 0.0311602 
v -0.0170031 -0.06223 0.0311799 
v -0.0170828 -0.06223 0.0312032 
v -0.0171615 -0.06223 0.0312299 
v -0.017239 -0.06223 0.03126 
v -0.0173151 -0.06223 0.0312935 
v -0.0173896 -0.06223 0.0313302 
v -0.0174625 -0.06223 0.0313702 
v -0.0175336 -0.06223 0.0314133 
v -0.0176027 -0.06223 0.0314595 
v -0.0176697 -0.06223 0.0315087 
v -0.0177345 -0.06223 0.0315607 
v -0.017797 -0.06223 0.0316155 
v -0.017857 -0.06223 0.031673 
v -0.0179145 -0.06223 0.031733 
v -0.0179693 -0.06223 0.0317955 
v -0.0180213 -0.06223 0.0318603 
v -0.0180705 -0.06223 0.0319273 
v -0.0181167 -0.06223 0.0319964 
v -0.0181598 -0.06223 0.0320675 
v -0.0181998 -0.06223 0.0321404 
v -0.0182365 -0.06223 0.0322149 
v -0.01827 -0.06223 0.032291 
v -0.0183001 -0.06223 0.0323685 
v -0.0183268 -0.06223 0.0324472 
v -0.0183501 -0.06223 0.0325269 
v -0.0183698 -0.06223 0.0326077 
v -0.0183861 -0.06223 0.0326892 
v -0.0183987 -0.06223 0.0327713 
v -0.0184078 -0.06223 0.032854 
v -0.0184132 -0.06223 0.0329369 
v -0.018415 -0.06223 0.03302 
v -0.0184132 -0.06223 0.0331031 
v -0.0184078 -0.06223 0.033186 
v -0.0183987 -0.06223 0.0332687 
v -0.0183861 -0.06223 0.0333508 
v -0.0183698 -0.06223 0.0334323 
v -0.0183501 -0.06223 0.0335131 
v -0.0183268 -0.06223 0.0335928 
v -0.0183001 -0.06223 0.0336715 
v -0.01827 -0.06223 0.033749 
v -0.0182365 -0.06223 0.0338251 
v -0.0181998 -0.06223 0.0338996 
v -0.0181598 -0.06223 0.0339725 
v -0.0181167 -0.06223 0.0340436 
v -0.0180705 -0.06223 0.0341127 
v -0.0180213 -0.06223 0.0341797 
v -0.0179693 -0.06223 0.0342445 
v -0.0179145 -0.06223 0.034307 
v -0.017857 -0.06223 0.034367 
v -0.017797 -0.06223 0.0344245 
v -0.0177345 -0.06223 0.0344793 
v -0.0176697 -0.06223 0.0345313 
v -0.0176027 -0.06223 0.0345805 
v -0.0175336 -0.06223 0.0346267 
v -0.0174625 -0.06223 0.0346698 
v -0.0173896 -0.06223 0.0347098 
v -0.0173151 -0.06223 0.0347465 
v -0.017239 -0.06223 0.03478 
v -0.0171615 -0.06223 0.0348101 
v -0.0170828 -0.06223 0.0348368 
v -0.0170031 -0.06223 0.0348601 
v -0.0169223 -0.06223 0.0348798 
v -0.0168408 -0.06223 0.0348961 
v -0.0167587 -0.06223 0.0349087 
v -0.016676 -0.06223 0.0349178 
v -0.0165931 -0.06223 0.0349232 
v -0.01651 -0.06223 0.034925 
v -0.0164269 -0.06223 0.0349232 
v -0.016344 -0.06223 0.0349178 
v -0.0162613 -0.06223 0.0349087 
v -0.0161792 -0.06223 0.0348961 
v -0.0160977 -0.06223 0.0348798 
v -0.0160169 -0.06223 0.0348601 
v -0.0159372 -0.06223 0.0348368 
v -0.0158585 -0.06223 0.0348101 
v -0.015781 -0.06223 0.03478 
v -0.0157049 -0.06223 0.0347465 
v -0.0156304 -0.06223 0.0347098 
v -0.0155575 -0.06223 0.0346698 
v -0.0154864 -0.06223 0.0346267 
v -0.0154173 -0.06223 0.0345805 
v -0.0153503 -0.06223 0.0345313 
v -0.0152855 -0.06223 0.0344793 
v -0.015223 -0.06223 0.0344245 
v -0.015163 -0.06223 0.034367 
v -0.0151055 -0.06223 0.034307 
v -0.0150507 -0.06223 0.0342445 
v -0.0149987 -0.06223 0.0341797 
v -0.0149495 -0.06223 0.0341127 
v -0.0149033 -0.06223 0.0340436 
v -0.0148602 -0.06223 0.0339725 
v -0.0148202 -0.06223 0.0338996 
v -0.0147835 -0.06223 0.0338251 
v -0.01475 -0.06223 0.033749 
v -0.0147199 -0.06223 0.0336715 
v -0.0146932 -0.06223 0.0335928 
v -0.0146699 -0.06223 0.0335131 
v -0.0146502 -0.06223 0.0334323 
v -0.0146339 -0.06223 0.0333508 
v -0.0146213 -0.06223 0.0332687 
v -0.0146122 -0.06223 0.033186 
v -0.0146068 -0.06223 0.0331031 
v -0.014605 -0.06223 0.03302 
v -0.0146068 -0.06223 0.0329369 
v -0.0146122 -0.06223 0.032854 
v -0.0146213 -0.06223 0.0327713 
v -0.0146339 -0.06223 0.0326892 
v -0.0146502 -0.06223 0.0326077 
v -0.0146699 -0.06223 0.0325269 
v -0.0146932 -0.06223 0.0324472 
v -0.0147199 -0.06223 0.0323685 
v -0.01475 -0.06223 0.032291 
v -0.0147835 -0.06223 0.0322149 
v -0.0148202 -0.06223 0.0321404 
v -0.0148602 -0.06223 0.0320675 
v -0.0149033 -0.06223 0.0319964 
v -0.0149495 -0.06223 0.0319273 
v -0.0149987 -0.06223 0.0318603 
v -0.0150507 -0.06223 0.0317955 
v -0.0151055 -0.06223 0.031733 
v -0.015163 -0.06223 0.031673 
v -0.015223 -0.06223 0.0316155 
v -0.0152855 -0.06223 0.0315607 
v -0.0153503 -0.06223 0.0315087 
v -0.0154173 -0.06223 0.0314595 
v -0.0154864 -0.06223 0.0314133 
v -0.0155575 -0.06223 0.0313702 
v -0.0156304 -0.06223 0.0313302 
v -0.0157049 -0.06223 0.0312935 
v -0.015781 -0.06223 0.03126 
v -0.0158585 -0.06223 0.0312299 
v -0.0159372 -0.06223 0.0312032 
v -0.0160169 -0.06223 0.0311799 
v -0.0160977 -0.06223 0.0311602 
v -0.0161792 -0.06223 0.0311439 
v -0.0162613 -0.06223 0.0311313 
v -0.016344 -0.06223 0.0311222 
v -0.0164269 -0.06223 0.0311168 
v 0 -0.06223 0.04064 
v 0 -0.06223 -0.028448 
v -0.031733 -0.06223 -0.0260425 
v -0.031673 -0.06223 -0.025985 
v -0.0319964 -0.06223 -0.0262447 
v -0.0319273 -0.06223 -0.0261985 
v -0.0321404 -0.06223 -0.0263278 
v -0.0320675 -0.06223 -0.0262878 
v -0.0317955 -0.06223 -0.0260973 
v -0.0324472 -0.06223 -0.0264548 
v -0.0323685 -0.06223 -0.0264281 
v -0.03683 -0.06223 -0.028448 
v -0.0326892 -0.06223 -0.0265141 
v -0.0316155 -0.06223 -0.025925 
v -0.0318603 -0.06223 -0.0261493 
v -0.032291 -0.06223 -0.026398 
v -0.0326077 -0.06223 -0.0264978 
v -0.0315607 -0.06223 -0.0258625 
v -0.0315087 -0.06223 -0.0257977 
v -0.0322149 -0.06223 -0.0263645 
v -0.0325269 -0.06223 -0.0264781 
v -0.0334323 -0.06223 -0.0264978 
v -0.0333508 -0.06223 -0.0265141 
v -0.0336715 -0.06223 -0.0264281 
v -0.0335928 -0.06223 -0.0264548 
v -0.0311439 -0.06223 -0.0243072 
v -0.0311602 -0.06223 -0.0242257 
v -0.0311799 -0.06223 -0.0251311 
v -0.0311602 -0.06223 -0.0250503 
v -0.0312032 -0.06223 -0.0252108 
v -0.0314595 -0.06223 -0.0257307 
v -0.0314133 -0.06223 -0.0256616 
v -0.032854 -0.06223 -0.0265358 
v -0.0327713 -0.06223 -0.0265267 
v -0.0335131 -0.06223 -0.0264781 
v -0.033749 -0.06223 -0.026398 
v -0.0349232 -0.06223 -0.0245549 
v -0.034925 -0.06223 -0.024638 
v -0.0348368 -0.06223 -0.0240652 
v -0.0348601 -0.06223 -0.0241449 
v -0.0347465 -0.06223 -0.0238329 
v -0.03478 -0.06223 -0.023909 
v -0.03683 -0.06223 0.03683 
v -0.0347098 -0.06223 -0.0237584 
v -0.0341127 -0.06223 -0.0230775 
v -0.0341797 -0.06223 -0.0231267 
v -0.0338251 -0.06223 -0.0229115 
v -0.0338996 -0.06223 -0.0229482 
v -0.0315607 -0.06223 -0.0234135 
v -0.0316155 -0.06223 -0.023351 
v -0.0311799 -0.06223 -0.0241449 
v -0.0311222 -0.06223 -0.024472 
v -0.0311313 -0.06223 -0.0243893 
v -0.0313702 -0.06223 -0.0236855 
v -0.0348961 -0.06223 -0.0249688 
v -0.0348798 -0.06223 -0.0250503 
v -0.0349178 -0.06223 -0.024804 
v -0.0349087 -0.06223 -0.0248867 
v -0.0349232 -0.06223 -0.0247211 
v -0.0348961 -0.06223 -0.0243072 
v -0.0349087 -0.06223 -0.0243893 
v -0.0348798 -0.06223 -0.0242257 
v -0.0348101 -0.06223 -0.0239865 
v -0.0346698 -0.06223 -0.0236855 
v -0.0342445 -0.06223 -0.0231787 
v -0.033749 -0.06223 -0.022878 
v -0.0335131 -0.06223 -0.0227979 
v -0.0335928 -0.06223 -0.0228212 
v -0.0333508 -0.06223 -0.0227619 
v -0.0334323 -0.06223 -0.0227782 
v -0.0319964 -0.06223 -0.0230313 
v -0.0320675 -0.06223 -0.0229882 
v -0.031673 -0.06223 -0.023291 
v -0.0311439 -0.06223 -0.0249688 
v -0.0311313 -0.06223 -0.0248867 
v -0.03126 -0.06223 -0.025367 
v -0.0312299 -0.06223 -0.0252895 
v -0.03302 -0.06223 -0.026543 
v -0.0329369 -0.06223 -0.0265412 
v -0.033186 -0.06223 -0.0265358 
v -0.0331031 -0.06223 -0.0265412 
v -0.0332687 -0.06223 -0.0265267 
v -0.0340436 -0.06223 -0.0262447 
v -0.0339725 -0.06223 -0.0262878 
v -0.0341797 -0.06223 -0.0261493 
v -0.0341127 -0.06223 -0.0261985 
v -0.034307 -0.06223 -0.0260425 
v -0.0342445 -0.06223 -0.0260973 
v -0.0344793 -0.06223 -0.0258625 
v -0.0344245 -0.06223 -0.025925 
v -0.0346698 -0.06223 -0.0255905 
v -0.0346267 -0.06223 -0.0256616 
v -0.03478 -0.06223 -0.025367 
v -0.0347465 -0.06223 -0.0254431 
v -0.0348601 -0.06223 -0.0251311 
v -0.0348368 -0.06223 -0.0252108 
v -0.0349178 -0.06223 -0.024472 
v -0.034307 -0.06223 -0.0232335 
v -0.0336715 -0.06223 -0.0228479 
v -0.033186 -0.06223 -0.0227402 
v -0.0332687 -0.06223 -0.0227493 
v -0.03302 -0.06223 -0.022733 
v -0.0331031 -0.06223 -0.0227348 
v -0.0325269 -0.06223 -0.0227979 
v -0.0326077 -0.06223 -0.0227782 
v -0.0323685 -0.06223 -0.0228479 
v -0.0324472 -0.06223 -0.0228212 
v -0.0321404 -0.06223 -0.0229482 
v -0.0322149 -0.06223 -0.0229115 
v -0.0319273 -0.06223 -0.0230775 
v -0.031733 -0.06223 -0.0232335 
v -0.0314595 -0.06223 -0.0235453 
v -0.0315087 -0.06223 -0.0234783 
v -0.0312032 -0.06223 -0.0240652 
v -0.031115 -0.06223 -0.024638 
v -0.0311168 -0.06223 -0.0245549 
v -0.034367 -0.06223 -0.025985 
v -0.0345313 -0.06223 -0.0257977 
v -0.0345805 -0.06223 -0.0257307 
v -0.0347098 -0.06223 -0.0255176 
v -0.0348101 -0.06223 -0.0252895 
v -0.0345805 -0.06223 -0.0235453 
v -0.0346267 -0.06223 -0.0236144 
v -0.0344793 -0.06223 -0.0234135 
v -0.0345313 -0.06223 -0.0234783 
v -0.034367 -0.06223 -0.023291 
v -0.0326892 -0.06223 -0.0227619 
v -0.0327713 -0.06223 -0.0227493 
v -0.0317955 -0.06223 -0.0231787 
v -0.0318603 -0.06223 -0.0231267 
v -0.0127 -0.06223 0.03683 
v -0.0312935 -0.06223 -0.0238329 
v -0.0313302 -0.06223 -0.0237584 
v -0.0312299 -0.06223 -0.0239865 
v -0.03126 -0.06223 -0.023909 
v -0.0311222 -0.06223 -0.024804 
v -0.0311168 -0.06223 -0.0247211 
v -0.0313302 -0.06223 -0.0255176 
v -0.0312935 -0.06223 -0.0254431 
v -0.0338996 -0.06223 -0.0263278 
v -0.0338251 -0.06223 -0.0263645 
v -0.0344245 -0.06223 -0.023351 
v -0.0339725 -0.06223 -0.0229882 
v -0.0340436 -0.06223 -0.0230313 
v -0.032854 -0.06223 -0.0227402 
v -0.0329369 -0.06223 -0.0227348 
v -0.032291 -0.06223 -0.022878 
v -0.0314133 -0.06223 -0.0236144 
v -0.0313702 -0.06223 -0.0255905 
v -0.0127 -0.06223 0.04064 
v -0.0127 -0.06604 0.03683 
v -0.0127 -0.06604 0.04064 
v -0.03683 -0.06604 0.03683 
v 0 -0.06604 0.04064 
v 0 -0.039624 -0.028448 
v -0.03683 -0.039624 -0.028448 
v -0.03683 -0.039624 -0.032258 
v -0.03683 -0.06604 -0.032258 
v 0 -0.06604 -0.032258 
v 0 -0.039624 -0.032258 
v -0.0327654 -0.06604 -0.0217281 
v -0.0326387 -0.06604 -0.021742 
v -0.0335272 -0.06604 -0.0217614 
v -0.0309545 -0.06604 -0.0267035 
v -0.0310466 -0.06604 -0.0267916 
v -0.0307824 -0.06604 -0.0265156 
v -0.0308664 -0.06604 -0.0266114 
v -0.0306273 -0.06604 -0.0263134 
v -0.0307026 -0.06604 -0.0264162 
v -0.0304903 -0.06604 -0.0260985 
v -0.0305565 -0.06604 -0.0262075 
v -0.0301985 -0.06604 -0.025394 
v -0.0323878 -0.06604 -0.0217862 
v -0.032264 -0.06604 -0.0218165 
v -0.0325128 -0.06604 -0.0217614 
v -0.0357648 -0.06604 -0.023639 
v -0.0357187 -0.06604 -0.0235202 
v -0.0311424 -0.06604 -0.0268756 
v -0.0312418 -0.06604 -0.0269554 
v -0.0303727 -0.06604 -0.0258725 
v -0.030429 -0.06604 -0.0259868 
v -0.0302342 -0.06604 -0.0255164 
v -0.0331474 -0.06604 -0.0217198 
v -0.03302 -0.06604 -0.021717 
v -0.0334013 -0.06604 -0.021742 
v -0.0343688 -0.06604 -0.022047 
v -0.0342545 -0.06604 -0.0219907 
v -0.0352576 -0.06604 -0.0227604 
v -0.0351736 -0.06604 -0.0226646 
v -0.0356673 -0.06604 -0.0234035 
v -0.0358415 -0.06604 -0.023882 
v -0.0358058 -0.06604 -0.0237596 
v -0.0359299 -0.06604 -0.0248926 
v -0.0359382 -0.06604 -0.0247654 
v -0.0302752 -0.06604 -0.025637 
v -0.0303213 -0.06604 -0.0257558 
v -0.0321416 -0.06604 -0.0218522 
v -0.0328926 -0.06604 -0.0217198 
v -0.0332746 -0.06604 -0.0217281 
v -0.0341378 -0.06604 -0.0219393 
v -0.0350855 -0.06604 -0.0225725 
v -0.0359382 -0.06604 -0.0245106 
v -0.035941 -0.06604 -0.024638 
v -0.0302752 -0.06604 -0.023639 
v -0.0302342 -0.06604 -0.0237596 
v -0.030429 -0.06604 -0.0232892 
v -0.0303727 -0.06604 -0.0234035 
v -0.0305565 -0.06604 -0.0230685 
v -0.0304903 -0.06604 -0.0231775 
v -0.034019 -0.06604 -0.0218932 
v -0.0345895 -0.06604 -0.0221745 
v -0.0344805 -0.06604 -0.0221083 
v -0.0348976 -0.06604 -0.0224004 
v -0.0347982 -0.06604 -0.0223206 
v -0.0349934 -0.06604 -0.0224844 
v -0.0354127 -0.06604 -0.0229626 
v -0.0353374 -0.06604 -0.0228598 
v -0.0355497 -0.06604 -0.0231775 
v -0.0354835 -0.06604 -0.0230685 
v -0.035611 -0.06604 -0.0232892 
v -0.0358966 -0.06604 -0.0241308 
v -0.0358718 -0.06604 -0.0240058 
v -0.0359299 -0.06604 -0.0243834 
v -0.035916 -0.06604 -0.0242567 
v -0.0358966 -0.06604 -0.0251452 
v -0.035916 -0.06604 -0.0250193 
v -0.0358415 -0.06604 -0.025394 
v -0.0358718 -0.06604 -0.0252702 
v -0.0301985 -0.06604 -0.023882 
v -0.0308664 -0.06604 -0.0226646 
v -0.0307824 -0.06604 -0.0227604 
v -0.0313446 -0.06604 -0.0270307 
v -0.0314505 -0.06604 -0.0271015 
v -0.032021 -0.06604 -0.0218932 
v -0.033776 -0.06604 -0.0218165 
v -0.0336522 -0.06604 -0.0217862 
v -0.0338984 -0.06604 -0.0218522 
v -0.0346954 -0.06604 -0.0222453 
v -0.035611 -0.06604 -0.0259868 
v -0.0356673 -0.06604 -0.0258725 
v -0.0348976 -0.06604 -0.0268756 
v -0.0349934 -0.06604 -0.0267916 
v -0.0346954 -0.06604 -0.0270307 
v -0.0347982 -0.06604 -0.0269554 
v -0.0301682 -0.06604 -0.0240058 
v -0.0303213 -0.06604 -0.0235202 
v -0.0307026 -0.06604 -0.0228598 
v -0.0310466 -0.06604 -0.0224844 
v -0.0309545 -0.06604 -0.0225725 
v -0.0314505 -0.06604 -0.0221745 
v -0.0313446 -0.06604 -0.0222453 
v -0.0357648 -0.06604 -0.025637 
v -0.0358058 -0.06604 -0.0255164 
v -0.0357187 -0.06604 -0.0257558 
v -0.0353374 -0.06604 -0.0264162 
v -0.0354127 -0.06604 -0.0263134 
v -0.0351736 -0.06604 -0.0266114 
v -0.0352576 -0.06604 -0.0265156 
v -0.0301018 -0.06604 -0.0245106 
v -0.030099 -0.06604 -0.024638 
v -0.0306273 -0.06604 -0.0229626 
v -0.0311424 -0.06604 -0.0224004 
v -0.0312418 -0.06604 -0.0223206 
v -0.0354835 -0.06604 -0.0262075 
v -0.0355497 -0.06604 -0.0260985 
v -0.0350855 -0.06604 -0.0267035 
v -0.0343688 -0.06604 -0.027229 
v -0.0344805 -0.06604 -0.0271677 
v -0.0301434 -0.06604 -0.0251452 
v -0.0301682 -0.06604 -0.0252702 
v -0.0301101 -0.06604 -0.0248926 
v -0.030124 -0.06604 -0.0250193 
v -0.0301018 -0.06604 -0.0247654 
v -0.0316712 -0.06604 -0.027229 
v -0.0317855 -0.06604 -0.0272853 
v -0.0345895 -0.06604 -0.0271015 
v -0.0301101 -0.06604 -0.0243834 
v -0.0301434 -0.06604 -0.0241308 
v -0.030124 -0.06604 -0.0242567 
v -0.0319022 -0.06604 -0.0273367 
v -0.0319022 -0.06604 -0.0219393 
v -0.0317855 -0.06604 -0.0219907 
v -0.0316712 -0.06604 -0.022047 
v -0.032021 -0.06604 -0.0273828 
v -0.0315595 -0.06604 -0.0271677 
v -0.0315595 -0.06604 -0.0221083 
v -0.0341378 -0.06604 -0.0273367 
v -0.0342545 -0.06604 -0.0272853 
v -0.0327654 -0.06604 -0.0275479 
v -0.0328926 -0.06604 -0.0275562 
v -0.0325128 -0.06604 -0.0275146 
v -0.0326387 -0.06604 -0.027534 
v -0.0321416 -0.06604 -0.0274238 
v -0.032264 -0.06604 -0.0274595 
v -0.034019 -0.06604 -0.0273828 
v -0.0332746 -0.06604 -0.0275479 
v -0.0334013 -0.06604 -0.027534 
v -0.0323878 -0.06604 -0.0274898 
v -0.0338984 -0.06604 -0.0274238 
v -0.0335272 -0.06604 -0.0275146 
v -0.03302 -0.06604 -0.027559 
v -0.0331474 -0.06604 -0.0275562 
v -0.0336522 -0.06604 -0.0274898 
v -0.033776 -0.06604 -0.0274595 
v -0.03302 -0.064135 -0.027559 
v -0.0331474 -0.064135 -0.0275562 
v -0.0332746 -0.064135 -0.0275479 
v -0.0334013 -0.064135 -0.027534 
v -0.0335272 -0.064135 -0.0275146 
v -0.0336522 -0.064135 -0.0274898 
v -0.033776 -0.064135 -0.0274595 
v -0.0338984 -0.064135 -0.0274238 
v -0.034019 -0.064135 -0.0273828 
v -0.0341378 -0.064135 -0.0273367 
v -0.0342545 -0.064135 -0.0272853 
v -0.0343688 -0.064135 -0.027229 
v -0.0344805 -0.064135 -0.0271677 
v -0.0345895 -0.064135 -0.0271015 
v -0.0346954 -0.064135 -0.0270307 
v -0.0347982 -0.064135 -0.0269554 
v -0.0348976 -0.064135 -0.0268756 
v -0.0349934 -0.064135 -0.0267916 
v -0.0350855 -0.064135 -0.0267035 
v -0.0351736 -0.064135 -0.0266114 
v -0.0352576 -0.064135 -0.0265156 
v -0.0353374 -0.064135 -0.0264162 
v -0.0354127 -0.064135 -0.0263134 
v -0.0354835 -0.064135 -0.0262075 
v -0.0355497 -0.064135 -0.0260985 
v -0.035611 -0.064135 -0.0259868 
v -0.0356673 -0.064135 -0.0258725 
v -0.0357187 -0.064135 -0.0257558 
v -0.0357648 -0.064135 -0.025637 
v -0.0358058 -0.064135 -0.0255164 
v -0.0358415 -0.064135 -0.025394 
v -0.0358718 -0.064135 -0.0252702 
v -0.0358966 -0.064135 -0.0251452 
v -0.035916 -0.064135 -0.0250193 
v -0.0359299 -0.064135 -0.0248926 
v -0.0359382 -0.064135 -0.0247654 
v -0.035941 -0.064135 -0.024638 
v -0.0359382 -0.064135 -0.0245106 
v -0.0359299 -0.064135 -0.0243834 
v -0.035916 -0.064135 -0.0242567 
v -0.0358966 -0.064135 -0.0241308 
v -0.0358718 -0.064135 -0.0240058 
v -0.0358415 -0.064135 -0.023882 
v -0.0358058 -0.064135 -0.0237596 
v -0.0357648 -0.064135 -0.023639 
v -0.0357187 -0.064135 -0.0235202 
v -0.0356673 -0.064135 -0.0234035 
v -0.035611 -0.064135 -0.0232892 
v -0.0355497 -0.064135 -0.0231775 
v -0.0354835 -0.064135 -0.0230685 
v -0.0354127 -0.064135 -0.0229626 
v -0.0353374 -0.064135 -0.0228598 
v -0.0352576 -0.064135 -0.0227604 
v -0.0351736 -0.064135 -0.0226646 
v -0.0350855 -0.064135 -0.0225725 
v -0.0349934 -0.064135 -0.0224844 
v -0.0348976 -0.064135 -0.0224004 
v -0.0347982 -0.064135 -0.0223206 
v -0.0346954 -0.064135 -0.0222453 
v -0.0345895 -0.064135 -0.0221745 
v -0.0344805 -0.064135 -0.0221083 
v -0.0343688 -0.064135 -0.022047 
v -0.0342545 -0.064135 -0.0219907 
v -0.0341378 -0.064135 -0.0219393 
v -0.034019 -0.064135 -0.0218932 
v -0.0338984 -0.064135 -0.0218522 
v -0.033776 -0.064135 -0.0218165 
v -0.0336522 -0.064135 -0.0217862 
v -0.0335272 -0.064135 -0.0217614 
v -0.0334013 -0.064135 -0.021742 
v -0.0332746 -0.064135 -0.0217281 
v -0.0331474 -0.064135 -0.0217198 
v -0.03302 -0.064135 -0.021717 
v -0.0328926 -0.064135 -0.0217198 
v -0.0327654 -0.064135 -0.0217281 
v -0.0326387 -0.064135 -0.021742 
v -0.0325128 -0.064135 -0.0217614 
v -0.0323878 -0.064135 -0.0217862 
v -0.032264 -0.064135 -0.0218165 
v -0.0321416 -0.064135 -0.0218522 
v -0.032021 -0.064135 -0.0218932 
v -0.0319022 -0.064135 -0.0219393 
v -0.0317855 -0.064135 -0.0219907 
v -0.0316712 -0.064135 -0.022047 
v -0.0315595 -0.064135 -0.0221083 
v -0.0314505 -0.064135 -0.0221745 
v -0.0313446 -0.064135 -0.0222453 
v -0.0312418 -0.064135 -0.0223206 
v -0.0311424 -0.064135 -0.0224004 
v -0.0310466 -0.064135 -0.0224844 
v -0.0309545 -0.064135 -0.0225725 
v -0.0308664 -0.064135 -0.0226646 
v -0.0307824 -0.064135 -0.0227604 
v -0.0307026 -0.064135 -0.0228598 
v -0.0306273 -0.064135 -0.0229626 
v -0.0305565 -0.064135 -0.0230685 
v -0.0304903 -0.064135 -0.0231775 
v -0.030429 -0.064135 -0.0232892 
v -0.0303727 -0.064135 -0.0234035 
v -0.0303213 -0.064135 -0.0235202 
v -0.0302752 -0.064135 -0.023639 
v -0.0302342 -0.064135 -0.0237596 
v -0.0301985 -0.064135 -0.023882 
v -0.0301682 -0.064135 -0.0240058 
v -0.0301434 -0.064135 -0.0241308 
v -0.030124 -0.064135 -0.0242567 
v -0.0301101 -0.064135 -0.0243834 
v -0.0301018 -0.064135 -0.0245106 
v -0.030099 -0.064135 -0.024638 
v -0.0301018 -0.064135 -0.0247654 
v -0.0301101 -0.064135 -0.0248926 
v -0.030124 -0.064135 -0.0250193 
v -0.0301434 -0.064135 -0.0251452 
v -0.0301682 -0.064135 -0.0252702 
v -0.0301985 -0.064135 -0.025394 
v -0.0302342 -0.064135 -0.0255164 
v -0.0302752 -0.064135 -0.025637 
v -0.0303213 -0.064135 -0.0257558 
v -0.0303727 -0.064135 -0.0258725 
v -0.030429 -0.064135 -0.0259868 
v -0.0304903 -0.064135 -0.0260985 
v -0.0305565 -0.064135 -0.0262075 
v -0.0306273 -0.064135 -0.0263134 
v -0.0307026 -0.064135 -0.0264162 
v -0.0307824 -0.064135 -0.0265156 
v -0.0308664 -0.064135 -0.0266114 
v -0.0309545 -0.064135 -0.0267035 
v -0.0310466 -0.064135 -0.0267916 
v -0.0311424 -0.064135 -0.0268756 
v -0.0312418 -0.064135 -0.0269554 
v -0.0313446 -0.064135 -0.0270307 
v -0.0314505 -0.064135 -0.0271015 
v -0.0315595 -0.064135 -0.0271677 
v -0.0316712 -0.064135 -0.027229 
v -0.0317855 -0.064135 -0.0272853 
v -0.0319022 -0.064135 -0.0273367 
v -0.032021 -0.064135 -0.0273828 
v -0.0321416 -0.064135 -0.0274238 
v -0.032264 -0.064135 -0.0274595 
v -0.0323878 -0.064135 -0.0274898 
v -0.0325128 -0.064135 -0.0275146 
v -0.0326387 -0.064135 -0.027534 
v -0.0327654 -0.064135 -0.0275479 
v -0.0328926 -0.064135 -0.0275562 
v -0.0316155 -0.064135 -0.023351 
v -0.031673 -0.064135 -0.023291 
v -0.031733 -0.064135 -0.0232335 
v -0.0317955 -0.064135 -0.0231787 
v -0.0318603 -0.064135 -0.0231267 
v -0.0319273 -0.064135 -0.0230775 
v -0.0320675 -0.064135 -0.0229882 
v -0.0319964 -0.064135 -0.0230313 
v -0.0321404 -0.064135 -0.0229482 
v -0.032291 -0.064135 -0.022878 
v -0.0322149 -0.064135 -0.0229115 
v -0.0323685 -0.064135 -0.0228479 
v -0.0326077 -0.064135 -0.0227782 
v -0.0325269 -0.064135 -0.0227979 
v -0.0326892 -0.064135 -0.0227619 
v -0.0327713 -0.064135 -0.0227493 
v -0.032854 -0.064135 -0.0227402 
v -0.0334323 -0.064135 -0.0227782 
v -0.0333508 -0.064135 -0.0227619 
v -0.0335131 -0.064135 -0.0227979 
v -0.0335928 -0.064135 -0.0228212 
v -0.0336715 -0.064135 -0.0228479 
v -0.0338996 -0.064135 -0.0229482 
v -0.0339725 -0.064135 -0.0229882 
v -0.0315087 -0.064135 -0.0234783 
v -0.0314595 -0.064135 -0.0235453 
v -0.0315607 -0.064135 -0.0234135 
v -0.0324472 -0.064135 -0.0228212 
v -0.0332687 -0.064135 -0.0227493 
v -0.033186 -0.064135 -0.0227402 
v -0.0338251 -0.064135 -0.0229115 
v -0.033749 -0.064135 -0.022878 
v -0.0320675 -0.064135 -0.0262878 
v -0.0321404 -0.064135 -0.0263278 
v -0.0319964 -0.064135 -0.0262447 
v -0.0319273 -0.064135 -0.0261985 
v -0.0318603 -0.064135 -0.0261493 
v -0.0316155 -0.064135 -0.025925 
v -0.031673 -0.064135 -0.025985 
v -0.0315607 -0.064135 -0.0258625 
v -0.0329369 -0.064135 -0.0227348 
v -0.03302 -0.064135 -0.022733 
v -0.0341797 -0.064135 -0.0231267 
v -0.0341127 -0.064135 -0.0230775 
v -0.0342445 -0.064135 -0.0231787 
v -0.03478 -0.064135 -0.023909 
v -0.0347465 -0.064135 -0.0238329 
v -0.0348101 -0.064135 -0.0239865 
v -0.0348601 -0.064135 -0.0241449 
v -0.0348368 -0.064135 -0.0240652 
v -0.0348798 -0.064135 -0.0242257 
v -0.034925 -0.064135 -0.024638 
v -0.0349232 -0.064135 -0.0245549 
v -0.0349232 -0.064135 -0.0247211 
v -0.0323685 -0.064135 -0.0264281 
v -0.0324472 -0.064135 -0.0264548 
v -0.032291 -0.064135 -0.026398 
v -0.031733 -0.064135 -0.0260425 
v -0.0331031 -0.064135 -0.0227348 
v -0.034307 -0.064135 -0.0232335 
v -0.0347098 -0.064135 -0.0237584 
v -0.0346698 -0.064135 -0.0236855 
v -0.0348961 -0.064135 -0.0243072 
v -0.0349087 -0.064135 -0.0243893 
v -0.0349178 -0.064135 -0.024472 
v -0.0349178 -0.064135 -0.024804 
v -0.0349087 -0.064135 -0.0248867 
v -0.0348961 -0.064135 -0.0249688 
v -0.0348798 -0.064135 -0.0250503 
v -0.0348601 -0.064135 -0.0251311 
v -0.0326077 -0.064135 -0.0264978 
v -0.0326892 -0.064135 -0.0265141 
v -0.0325269 -0.064135 -0.0264781 
v -0.0322149 -0.064135 -0.0263645 
v -0.0317955 -0.064135 -0.0260973 
v -0.0311602 -0.064135 -0.0242257 
v -0.0311439 -0.064135 -0.0243072 
v -0.0311799 -0.064135 -0.0241449 
v -0.03126 -0.064135 -0.023909 
v -0.0312299 -0.064135 -0.0239865 
v -0.0312935 -0.064135 -0.0238329 
v -0.0313302 -0.064135 -0.0237584 
v -0.0313702 -0.064135 -0.0236855 
v -0.034367 -0.064135 -0.023291 
v -0.0344245 -0.064135 -0.023351 
v -0.0344793 -0.064135 -0.0234135 
v -0.0345313 -0.064135 -0.0234783 
v -0.0345805 -0.064135 -0.0235453 
v -0.0346267 -0.064135 -0.0236144 
v -0.0348368 -0.064135 -0.0252108 
v -0.0348101 -0.064135 -0.0252895 
v -0.0347465 -0.064135 -0.0254431 
v -0.03478 -0.064135 -0.025367 
v -0.0347098 -0.064135 -0.0255176 
v -0.0335928 -0.064135 -0.0264548 
v -0.0336715 -0.064135 -0.0264281 
v -0.0335131 -0.064135 -0.0264781 
v -0.0333508 -0.064135 -0.0265141 
v -0.0334323 -0.064135 -0.0264978 
v -0.0332687 -0.064135 -0.0265267 
v -0.0315087 -0.064135 -0.0257977 
v -0.0314595 -0.064135 -0.0257307 
v -0.0311313 -0.064135 -0.0243893 
v -0.0311222 -0.064135 -0.024472 
v -0.0312032 -0.064135 -0.0240652 
v -0.0340436 -0.064135 -0.0230313 
v -0.0346698 -0.064135 -0.0255905 
v -0.0346267 -0.064135 -0.0256616 
v -0.0345805 -0.064135 -0.0257307 
v -0.0344245 -0.064135 -0.025925 
v -0.034367 -0.064135 -0.025985 
v -0.0342445 -0.064135 -0.0260973 
v -0.034307 -0.064135 -0.0260425 
v -0.0341797 -0.064135 -0.0261493 
v -0.0341127 -0.064135 -0.0261985 
v -0.0340436 -0.064135 -0.0262447 
v -0.0339725 -0.064135 -0.0262878 
v -0.0338996 -0.064135 -0.0263278 
v -0.033749 -0.064135 -0.026398 
v -0.0327713 -0.064135 -0.0265267 
v -0.032854 -0.064135 -0.0265358 
v -0.0314133 -0.064135 -0.0256616 
v -0.0313702 -0.064135 -0.0255905 
v -0.0311602 -0.064135 -0.0250503 
v -0.0311799 -0.064135 -0.0251311 
v -0.0311439 -0.064135 -0.0249688 
v -0.0345313 -0.064135 -0.0257977 
v -0.0344793 -0.064135 -0.0258625 
v -0.0312032 -0.064135 -0.0252108 
v -0.0311313 -0.064135 -0.0248867 
v -0.0311222 -0.064135 -0.024804 
v -0.0311168 -0.064135 -0.0245549 
v -0.031115 -0.064135 -0.024638 
v -0.033186 -0.064135 -0.0265358 
v -0.0331031 -0.064135 -0.0265412 
v -0.03302 -0.064135 -0.026543 
v -0.0329369 -0.064135 -0.0265412 
v -0.0312935 -0.064135 -0.0254431 
v -0.0313302 -0.064135 -0.0255176 
v -0.03126 -0.064135 -0.025367 
v -0.0312299 -0.064135 -0.0252895 
v -0.0311168 -0.064135 -0.0247211 
v -0.0338251 -0.064135 -0.0263645 
v -0.0314133 -0.064135 -0.0236144 
v -0.03048 -0.039624 -0.032258 
v -0.00635 -0.039624 -0.032258 
v -0.00635 -0.037719 -0.032258 
v -0.03048 -0.037719 -0.032258 
v -0.03048 -0.039624 -0.029718 
v -0.00635 -0.039624 -0.029718 
v -0.00635 -0.037719 -0.029718 
v -0.03048 -0.037719 -0.029718 
vn 0.0436194 0 0.999048 
vn 2.44929e-16 0 1 
vn 0.0871557 0 0.996195 
vn 0.0436194 0 0.999048 
vn 0.130526 0 0.991445 
vn 0.0871557 0 0.996195 
vn 0.173648 0 0.984808 
vn 0.130526 0 0.991445 
vn 0.21644 0 0.976296 
vn 0.173648 0 0.984808 
vn 0.258819 0 0.965926 
vn 0.21644 0 0.976296 
vn 0.300706 0 0.953717 
vn 0.258819 0 0.965926 
vn 0.34202 0 0.939693 
vn 0.300706 0 0.953717 
vn 0.382683 0 0.92388 
vn 0.34202 0 0.939693 
vn 0.422618 0 0.906308 
vn 0.382683 0 0.92388 
vn 0.461749 0 0.887011 
vn 0.422618 0 0.906308 
vn 0.5 0 0.866025 
vn 0.461749 0 0.887011 
vn 0.5373 0 0.843391 
vn 0.5 0 0.866025 
vn 0.573576 0 0.819152 
vn 0.5373 0 0.843391 
vn 0.608761 0 0.793353 
vn 0.573576 0 0.819152 
vn 0.642788 0 0.766044 
vn 0.608761 0 0.793353 
vn 0.67559 0 0.737277 
vn 0.642788 0 0.766044 
vn 0.707107 0 0.707107 
vn 0.67559 0 0.737277 
vn 0.737277 0 0.67559 
vn 0.707107 0 0.707107 
vn 0.766044 0 0.642788 
vn 0.737277 0 0.67559 
vn 0.793353 0 0.608761 
vn 0.766044 0 0.642788 
vn 0.819152 0 0.573576 
vn 0.793353 0 0.608761 
vn 0.843391 0 0.5373 
vn 0.819152 0 0.573576 
vn 0.866025 0 0.5 
vn 0.843391 0 0.5373 
vn 0.887011 0 0.461749 
vn 0.866025 0 0.5 
vn 0.906308 0 0.422618 
vn 0.887011 0 0.461749 
vn 0.92388 0 0.382683 
vn 0.906308 0 0.422618 
vn 0.939693 0 0.34202 
vn 0.92388 0 0.382683 
vn 0.953717 0 0.300706 
vn 0.939693 0 0.34202 
vn 0.965926 0 0.258819 
vn 0.953717 0 0.300706 
vn 0.976296 0 0.21644 
vn 0.965926 0 0.258819 
vn 0.984808 0 0.173648 
vn 0.976296 0 0.21644 
vn 0.991445 0 0.130526 
vn 0.984808 0 0.173648 
vn 0.996195 0 0.0871557 
vn 0.991445 0 0.130526 
vn 0.999048 0 0.0436194 
vn 0.996195 0 0.0871557 
vn 1 0 -1.83697e-16 
vn 0.999048 0 0.0436194 
vn 0.999048 0 -0.0436194 
vn 1 0 -1.83697e-16 
vn 0.996195 0 -0.0871557 
vn 0.999048 0 -0.0436194 
vn 0.991445 0 -0.130526 
vn 0.996195 0 -0.0871557 
vn 0.984808 0 -0.173648 
vn 0.991445 0 -0.130526 
vn 0.976296 0 -0.21644 
vn 0.984808 0 -0.173648 
vn 0.965926 0 -0.258819 
vn 0.976296 0 -0.21644 
vn 0.953717 0 -0.300706 
vn 0.965926 0 -0.258819 
vn 0.939693 0 -0.34202 
vn 0.953717 0 -0.300706 
vn 0.92388 0 -0.382683 
vn 0.939693 0 -0.34202 
vn 0.906308 0 -0.422618 
vn 0.92388 0 -0.382683 
vn 0.887011 0 -0.461749 
vn 0.906308 0 -0.422618 
vn 0.866025 0 -0.5 
vn 0.887011 0 -0.461749 
vn 0.843391 0 -0.5373 
vn 0.866025 0 -0.5 
vn 0.819152 0 -0.573576 
vn 0.843391 0 -0.5373 
vn 0.793353 0 -0.608761 
vn 0.819152 0 -0.573576 
vn 0.766044 0 -0.642788 
vn 0.793353 0 -0.608761 
vn 0.737277 0 -0.67559 
vn 0.766044 0 -0.642788 
vn 0.707107 0 -0.707107 
vn 0.737277 0 -0.67559 
vn 0.67559 0 -0.737277 
vn 0.707107 0 -0.707107 
vn 0.642788 0 -0.766044 
vn 0.67559 0 -0.737277 
vn 0.608761 0 -0.793353 
vn 0.642788 0 -0.766044 
vn 0.573576 0 -0.819152 
vn 0.608761 0 -0.793353 
vn 0.5373 0 -0.843391 
vn 0.573576 0 -0.819152 
vn 0.5 0 -0.866025 
vn 0.5373 0 -0.843391 
vn 0.461749 0 -0.887011 
vn 0.5 0 -0.866025 
vn 0.422618 0 -0.906308 
vn 0.461749 0 -0.887011 
vn 0.382683 0 -0.92388 
vn 0.422618 0 -0.906308 
vn 0.34202 0 -0.939693 
vn 0.382683 0 -0.92388 
vn 0.300706 0 -0.953717 
vn 0.34202 0 -0.939693 
vn 0.258819 0 -0.965926 
vn 0.300706 0 -0.953717 
vn 0.21644 0 -0.976296 
vn 0.258819 0 -0.965926 
vn 0.173648 0 -0.984808 
vn 0.21644 0 -0.976296 
vn 0.130526 0 -0.991445 
vn 0.173648 0 -0.984808 
vn 0.0871557 0 -0.996195 
vn 0.130526 0 -0.991445 
vn 0.0436194 0 -0.999048 
vn 0.0871557 0 -0.996195 
vn -1.22465e-16 0 -1 
vn 0.0436194 0 -0.999048 
vn -0.0436194 0 -0.999048 
vn -1.22465e-16 0 -1 
vn -0.0871557 0 -0.996195 
vn -0.0436194 0 -0.999048 
vn -0.130526 0 -0.991445 
vn -0.0871557 0 -0.996195 
vn -0.173648 0 -0.984808 
vn -0.130526 0 -0.991445 
vn -0.21644 0 -0.976296 
vn -0.173648 0 -0.984808 
vn -0.258819 0 -0.965926 
vn -0.21644 0 -0.976296 
vn -0.300706 0 -0.953717 
vn -0.258819 0 -0.965926 
vn -0.34202 0 -0.939693 
vn -0.300706 0 -0.953717 
vn -0.382683 0 -0.92388 
vn -0.34202 0 -0.939693 
vn -0.422618 0 -0.906308 
vn -0.382683 0 -0.92388 
vn -0.461749 0 -0.887011 
vn -0.422618 0 -0.906308 
vn -0.5 0 -0.866025 
vn -0.461749 0 -0.887011 
vn -0.5373 0 -0.843391 
vn -0.5 0 -0.866025 
vn -0.573576 0 -0.819152 
vn -0.5373 0 -0.843391 
vn -0.608761 0 -0.793353 
vn -0.573576 0 -0.819152 
vn -0.642788 0 -0.766044 
vn -0.608761 0 -0.793353 
vn -0.67559 0 -0.737277 
vn -0.642788 0 -0.766044 
vn -0.707107 0 -0.707107 
vn -0.67559 0 -0.737277 
vn -0.737277 0 -0.67559 
vn -0.707107 0 -0.707107 
vn -0.766044 0 -0.642788 
vn -0.737277 0 -0.67559 
vn -0.793353 0 -0.608761 
vn -0.766044 0 -0.642788 
vn -0.819152 0 -0.573576 
vn -0.793353 0 -0.608761 
vn -0.843391 0 -0.5373 
vn -0.819152 0 -0.573576 
vn -0.866025 0 -0.5 
vn -0.843391 0 -0.5373 
vn -0.887011 0 -0.461749 
vn -0.866025 0 -0.5 
vn -0.906308 0 -0.422618 
vn -0.887011 0 -0.461749 
vn -0.92388 0 -0.382683 
vn -0.906308 0 -0.422618 
vn -0.939693 0 -0.34202 
vn -0.92388 0 -0.382683 
vn -0.953717 0 -0.300706 
vn -0.939693 0 -0.34202 
vn -0.965926 0 -0.258819 
vn -0.953717 0 -0.300706 
vn -0.976296 0 -0.21644 
vn -0.965926 0 -0.258819 
vn -0.984808 0 -0.173648 
vn -0.976296 0 -0.21644 
vn -0.991445 0 -0.130526 
vn -0.984808 0 -0.173648 
vn -0.996195 0 -0.0871557 
vn -0.991445 0 -0.130526 
vn -0.999048 0 -0.0436194 
vn -0.996195 0 -0.0871557 
vn -1 0 6.12323e-17 
vn -0.999048 0 -0.0436194 
vn -0.999048 0 0.0436194 
vn -1 0 6.12323e-17 
vn -0.996195 0 0.0871557 
vn -0.999048 0 0.0436194 
vn -0.991445 0 0.130526 
vn -0.996195 0 0.0871557 
vn -0.984808 0 0.173648 
vn -0.991445 0 0.130526 
vn -0.976296 0 0.21644 
vn -0.984808 0 0.173648 
vn -0.965926 0 0.258819 
vn -0.976296 0 0.21644 
vn -0.953717 0 0.300706 
vn -0.965926 0 0.258819 
vn -0.939693 0 0.34202 
vn -0.953717 0 0.300706 
vn -0.92388 0 0.382683 
vn -0.939693 0 0.34202 
vn -0.906308 0 0.422618 
vn -0.92388 0 0.382683 
vn -0.887011 0 0.461749 
vn -0.906308 0 0.422618 
vn -0.866025 0 0.5 
vn -0.887011 0 0.461749 
vn -0.843391 0 0.5373 
vn -0.866025 0 0.5 
vn -0.819152 0 0.573576 
vn -0.843391 0 0.5373 
vn -0.793353 0 0.608761 
vn -0.819152 0 0.573576 
vn -0.766044 0 0.642788 
vn -0.793353 0 0.608761 
vn -0.737277 0 0.67559 
vn -0.766044 0 0.642788 
vn -0.707107 0 0.707107 
vn -0.737277 0 0.67559 
vn -0.67559 0 0.737277 
vn -0.707107 0 0.707107 
vn -0.642788 0 0.766044 
vn -0.67559 0 0.737277 
vn -0.608761 0 0.793353 
vn -0.642788 0 0.766044 
vn -0.573576 0 0.819152 
vn -0.608761 0 0.793353 
vn -0.5373 0 0.843391 
vn -0.573576 0 0.819152 
vn -0.5 0 0.866025 
vn -0.5373 0 0.843391 
vn -0.461749 0 0.887011 
vn -0.5 0 0.866025 
vn -0.422618 0 0.906308 
vn -0.461749 0 0.887011 
vn -0.382683 0 0.92388 
vn -0.422618 0 0.906308 
vn -0.34202 0 0.939693 
vn -0.382683 0 0.92388 
vn -0.300706 0 0.953717 
vn -0.34202 0 0.939693 
vn -0.258819 0 0.965926 
vn -0.300706 0 0.953717 
vn -0.21644 0 0.976296 
vn -0.258819 0 0.965926 
vn -0.173648 0 0.984808 
vn -0.21644 0 0.976296 
vn -0.130526 0 0.991445 
vn -0.173648 0 0.984808 
vn -0.0871557 0 0.996195 
vn -0.130526 0 0.991445 
vn -0.0436194 0 0.999048 
vn -0.0871557 0 0.996195 
vn 0 -1 0 
vn 0.0436194 0 0.999048 
vn 2.44929e-16 0 1 
vn 0.0871557 0 0.996195 
vn 0.0436194 0 0.999048 
vn 0.130526 0 0.991445 
vn 0.0871557 0 0.996195 
vn 0.173648 0 0.984808 
vn 0.130526 0 0.991445 
vn 0.21644 0 0.976296 
vn 0.173648 0 0.984808 
vn 0.258819 0 0.965926 
vn 0.21644 0 0.976296 
vn 0.300706 0 0.953717 
vn 0.258819 0 0.965926 
vn 0.34202 0 0.939693 
vn 0.300706 0 0.953717 
vn 0.382683 0 0.92388 
vn 0.34202 0 0.939693 
vn 0.422618 0 0.906308 
vn 0.382683 0 0.92388 
vn 0.461749 0 0.887011 
vn 0.422618 0 0.906308 
vn 0.5 0 0.866025 
vn 0.461749 0 0.887011 
vn 0.5373 0 0.843391 
vn 0.5 0 0.866025 
vn 0.573576 0 0.819152 
vn 0.5373 0 0.843391 
vn 0.608761 0 0.793353 
vn 0.573576 0 0.819152 
vn 0.642788 0 0.766044 
vn 0.608761 0 0.793353 
vn 0.67559 0 0.737277 
vn 0.642788 0 0.766044 
vn 0.707107 0 0.707107 
vn 0.67559 0 0.737277 
vn 0.737277 0 0.67559 
vn 0.707107 0 0.707107 
vn 0.766044 0 0.642788 
vn 0.737277 0 0.67559 
vn 0.793353 0 0.608761 
vn 0.766044 0 0.642788 
vn 0.819152 0 0.573576 
vn 0.793353 0 0.608761 
vn 0.843391 0 0.5373 
vn 0.819152 0 0.573576 
vn 0.866025 0 0.5 
vn 0.843391 0 0.5373 
vn 0.887011 0 0.461749 
vn 0.866025 0 0.5 
vn 0.906308 0 0.422618 
vn 0.887011 0 0.461749 
vn 0.92388 0 0.382683 
vn 0.906308 0 0.422618 
vn 0.939693 0 0.34202 
vn 0.92388 0 0.382683 
vn 0.953717 0 0.300706 
vn 0.939693 0 0.34202 
vn 0.965926 0 0.258819 
vn 0.953717 0 0.300706 
vn 0.976296 0 0.21644 
vn 0.965926 0 0.258819 
vn 0.984808 0 0.173648 
vn 0.976296 0 0.21644 
vn 0.991445 0 0.130526 
vn 0.984808 0 0.173648 
vn 0.996195 0 0.0871557 
vn 0.991445 0 0.130526 
vn 0.999048 0 0.0436194 
vn 0.996195 0 0.0871557 
vn 1 0 -1.83697e-16 
vn 0.999048 0 0.0436194 
vn 0.999048 0 -0.0436194 
vn 1 0 -1.83697e-16 
vn 0.996195 0 -0.0871557 
vn 0.999048 0 -0.0436194 
vn 0.991445 0 -0.130526 
vn 0.996195 0 -0.0871557 
vn 0.984808 0 -0.173648 
vn 0.991445 0 -0.130526 
vn 0.976296 0 -0.21644 
vn 0.984808 0 -0.173648 
vn 0.965926 0 -0.258819 
vn 0.976296 0 -0.21644 
vn 0.953717 0 -0.300706 
vn 0.965926 0 -0.258819 
vn 0.939693 0 -0.34202 
vn 0.953717 0 -0.300706 
vn 0.92388 0 -0.382683 
vn 0.939693 0 -0.34202 
vn 0.906308 0 -0.422618 
vn 0.92388 0 -0.382683 
vn 0.887011 0 -0.461749 
vn 0.906308 0 -0.422618 
vn 0.866025 0 -0.5 
vn 0.887011 0 -0.461749 
vn 0.843391 0 -0.5373 
vn 0.866025 0 -0.5 
vn 0.819152 0 -0.573576 
vn 0.843391 0 -0.5373 
vn 0.793353 0 -0.608761 
vn 0.819152 0 -0.573576 
vn 0.766044 0 -0.642788 
vn 0.793353 0 -0.608761 
vn 0.737277 0 -0.67559 
vn 0.766044 0 -0.642788 
vn 0.707107 0 -0.707107 
vn 0.737277 0 -0.67559 
vn 0.67559 0 -0.737277 
vn 0.707107 0 -0.707107 
vn 0.642788 0 -0.766044 
vn 0.67559 0 -0.737277 
vn 0.608761 0 -0.793353 
vn 0.642788 0 -0.766044 
vn 0.573576 0 -0.819152 
vn 0.608761 0 -0.793353 
vn 0.5373 0 -0.843391 
vn 0.573576 0 -0.819152 
vn 0.5 0 -0.866025 
vn 0.5373 0 -0.843391 
vn 0.461749 0 -0.887011 
vn 0.5 0 -0.866025 
vn 0.422618 0 -0.906308 
vn 0.461749 0 -0.887011 
vn 0.382683 0 -0.92388 
vn 0.422618 0 -0.906308 
vn 0.34202 0 -0.939693 
vn 0.382683 0 -0.92388 
vn 0.300706 0 -0.953717 
vn 0.34202 0 -0.939693 
vn 0.258819 0 -0.965926 
vn 0.300706 0 -0.953717 
vn 0.21644 0 -0.976296 
vn 0.258819 0 -0.965926 
vn 0.173648 0 -0.984808 
vn 0.21644 0 -0.976296 
vn 0.130526 0 -0.991445 
vn 0.173648 0 -0.984808 
vn 0.0871557 0 -0.996195 
vn 0.130526 0 -0.991445 
vn 0.0436194 0 -0.999048 
vn 0.0871557 0 -0.996195 
vn -1.22465e-16 0 -1 
vn 0.0436194 0 -0.999048 
vn -0.0436194 0 -0.999048 
vn -1.22465e-16 0 -1 
vn -0.0871557 0 -0.996195 
vn -0.0436194 0 -0.999048 
vn -0.130526 0 -0.991445 
vn -0.0871557 0 -0.996195 
vn -0.173648 0 -0.984808 
vn -0.130526 0 -0.991445 
vn -0.21644 0 -0.976296 
vn -0.173648 0 -0.984808 
vn -0.258819 0 -0.965926 
vn -0.21644 0 -0.976296 
vn -0.300706 0 -0.953717 
vn -0.258819 0 -0.965926 
vn -0.34202 0 -0.939693 
vn -0.300706 0 -0.953717 
vn -0.382683 0 -0.92388 
vn -0.34202 0 -0.939693 
vn -0.422618 0 -0.906308 
vn -0.382683 0 -0.92388 
vn -0.461749 0 -0.887011 
vn -0.422618 0 -0.906308 
vn -0.5 0 -0.866025 
vn -0.461749 0 -0.887011 
vn -0.5373 0 -0.843391 
vn -0.5 0 -0.866025 
vn -0.573576 0 -0.819152 
vn -0.5373 0 -0.843391 
vn -0.608761 0 -0.793353 
vn -0.573576 0 -0.819152 
vn -0.642788 0 -0.766044 
vn -0.608761 0 -0.793353 
vn -0.67559 0 -0.737277 
vn -0.642788 0 -0.766044 
vn -0.707107 0 -0.707107 
vn -0.67559 0 -0.737277 
vn -0.737277 0 -0.67559 
vn -0.707107 0 -0.707107 
vn -0.766044 0 -0.642788 
vn -0.737277 0 -0.67559 
vn -0.793353 0 -0.608761 
vn -0.766044 0 -0.642788 
vn -0.819152 0 -0.573576 
vn -0.793353 0 -0.608761 
vn -0.843391 0 -0.5373 
vn -0.819152 0 -0.573576 
vn -0.866025 0 -0.5 
vn -0.843391 0 -0.5373 
vn -0.887011 0 -0.461749 
vn -0.866025 0 -0.5 
vn -0.906308 0 -0.422618 
vn -0.887011 0 -0.461749 
vn -0.92388 0 -0.382683 
vn -0.906308 0 -0.422618 
vn -0.939693 0 -0.34202 
vn -0.92388 0 -0.382683 
vn -0.953717 0 -0.300706 
vn -0.939693 0 -0.34202 
vn -0.965926 0 -0.258819 
vn -0.953717 0 -0.300706 
vn -0.976296 0 -0.21644 
vn -0.965926 0 -0.258819 
vn -0.984808 0 -0.173648 
vn -0.976296 0 -0.21644 
vn -0.991445 0 -0.130526 
vn -0.984808 0 -0.173648 
vn -0.996195 0 -0.0871557 
vn -0.991445 0 -0.130526 
vn -0.999048 0 -0.0436194 
vn -0.996195 0 -0.0871557 
vn -1 0 6.12323e-17 
vn -0.999048 0 -0.0436194 
vn -0.999048 0 0.0436194 
vn -1 0 6.12323e-17 
vn -0.996195 0 0.0871557 
vn -0.999048 0 0.0436194 
vn -0.991445 0 0.130526 
vn -0.996195 0 0.0871557 
vn -0.984808 0 0.173648 
vn -0.991445 0 0.130526 
vn -0.976296 0 0.21644 
vn -0.984808 0 0.173648 
vn -0.965926 0 0.258819 
vn -0.976296 0 0.21644 
vn -0.953717 0 0.300706 
vn -0.965926 0 0.258819 
vn -0.939693 0 0.34202 
vn -0.953717 0 0.300706 
vn -0.92388 0 0.382683 
vn -0.939693 0 0.34202 
vn -0.906308 0 0.422618 
vn -0.92388 0 0.382683 
vn -0.887011 0 0.461749 
vn -0.906308 0 0.422618 
vn -0.866025 0 0.5 
vn -0.887011 0 0.461749 
vn -0.843391 0 0.5373 
vn -0.866025 0 0.5 
vn -0.819152 0 0.573576 
vn -0.843391 0 0.5373 
vn -0.793353 0 0.608761 
vn -0.819152 0 0.573576 
vn -0.766044 0 0.642788 
vn -0.793353 0 0.608761 
vn -0.737277 0 0.67559 
vn -0.766044 0 0.642788 
vn -0.707107 0 0.707107 
vn -0.737277 0 0.67559 
vn -0.67559 0 0.737277 
vn -0.707107 0 0.707107 
vn -0.642788 0 0.766044 
vn -0.67559 0 0.737277 
vn -0.608761 0 0.793353 
vn -0.642788 0 0.766044 
vn -0.573576 0 0.819152 
vn -0.608761 0 0.793353 
vn -0.5373 0 0.843391 
vn -0.573576 0 0.819152 
vn -0.5 0 0.866025 
vn -0.5373 0 0.843391 
vn -0.461749 0 0.887011 
vn -0.5 0 0.866025 
vn -0.422618 0 0.906308 
vn -0.461749 0 0.887011 
vn -0.382683 0 0.92388 
vn -0.422618 0 0.906308 
vn -0.34202 0 0.939693 
vn -0.382683 0 0.92388 
vn -0.300706 0 0.953717 
vn -0.34202 0 0.939693 
vn -0.258819 0 0.965926 
vn -0.300706 0 0.953717 
vn -0.21644 0 0.976296 
vn -0.258819 0 0.965926 
vn -0.173648 0 0.984808 
vn -0.21644 0 0.976296 
vn -0.130526 0 0.991445 
vn -0.173648 0 0.984808 
vn -0.0871557 0 0.996195 
vn -0.130526 0 0.991445 
vn -0.0436194 0 0.999048 
vn -0.0871557 0 0.996195 
vn 0 1 0 
vn -1 0 0 
vn 0 0 1 
vn 1 0 0 
vn 0 -1 0 
vn 0.0436194 0 0.999048 
vn 2.44929e-16 0 1 
vn 0.0871557 0 0.996195 
vn 0.0436194 0 0.999048 
vn 0.130526 0 0.991445 
vn 0.0871557 0 0.996195 
vn 0.173648 0 0.984808 
vn 0.130526 0 0.991445 
vn 0.21644 0 0.976296 
vn 0.173648 0 0.984808 
vn 0.258819 0 0.965926 
vn 0.21644 0 0.976296 
vn 0.300706 0 0.953717 
vn 0.258819 0 0.965926 
vn 0.34202 0 0.939693 
vn 0.300706 0 0.953717 
vn 0.382683 0 0.92388 
vn 0.34202 0 0.939693 
vn 0.422618 0 0.906308 
vn 0.382683 0 0.92388 
vn 0.461749 0 0.887011 
vn 0.422618 0 0.906308 
vn 0.5 0 0.866025 
vn 0.461749 0 0.887011 
vn 0.5373 0 0.843391 
vn 0.5 0 0.866025 
vn 0.573576 0 0.819152 
vn 0.5373 0 0.843391 
vn 0.608761 0 0.793353 
vn 0.573576 0 0.819152 
vn 0.642788 0 0.766044 
vn 0.608761 0 0.793353 
vn 0.67559 0 0.737277 
vn 0.642788 0 0.766044 
vn 0.707107 0 0.707107 
vn 0.67559 0 0.737277 
vn 0.737277 0 0.67559 
vn 0.707107 0 0.707107 
vn 0.766044 0 0.642788 
vn 0.737277 0 0.67559 
vn 0.793353 0 0.608761 
vn 0.766044 0 0.642788 
vn 0.819152 0 0.573576 
vn 0.793353 0 0.608761 
vn 0.843391 0 0.5373 
vn 0.819152 0 0.573576 
vn 0.866025 0 0.5 
vn 0.843391 0 0.5373 
vn 0.887011 0 0.461749 
vn 0.866025 0 0.5 
vn 0.906308 0 0.422618 
vn 0.887011 0 0.461749 
vn 0.92388 0 0.382683 
vn 0.906308 0 0.422618 
vn 0.939693 0 0.34202 
vn 0.92388 0 0.382683 
vn 0.953717 0 0.300706 
vn 0.939693 0 0.34202 
vn 0.965926 0 0.258819 
vn 0.953717 0 0.300706 
vn 0.976296 0 0.21644 
vn 0.965926 0 0.258819 
vn 0.984808 0 0.173648 
vn 0.976296 0 0.21644 
vn 0.991445 0 0.130526 
vn 0.984808 0 0.173648 
vn 0.996195 0 0.0871557 
vn 0.991445 0 0.130526 
vn 0.999048 0 0.0436194 
vn 0.996195 0 0.0871557 
vn 1 0 -1.83697e-16 
vn 0.999048 0 0.0436194 
vn 0.999048 0 -0.0436194 
vn 1 0 -1.83697e-16 
vn 0.996195 0 -0.0871557 
vn 0.999048 0 -0.0436194 
vn 0.991445 0 -0.130526 
vn 0.996195 0 -0.0871557 
vn 0.984808 0 -0.173648 
vn 0.991445 0 -0.130526 
vn 0.976296 0 -0.21644 
vn 0.984808 0 -0.173648 
vn 0.965926 0 -0.258819 
vn 0.976296 0 -0.21644 
vn 0.953717 0 -0.300706 
vn 0.965926 0 -0.258819 
vn 0.939693 0 -0.34202 
vn 0.953717 0 -0.300706 
vn 0.92388 0 -0.382683 
vn 0.939693 0 -0.34202 
vn 0.906308 0 -0.422618 
vn 0.92388 0 -0.382683 
vn 0.887011 0 -0.461749 
vn 0.906308 0 -0.422618 
vn 0.866025 0 -0.5 
vn 0.887011 0 -0.461749 
vn 0.843391 0 -0.5373 
vn 0.866025 0 -0.5 
vn 0.819152 0 -0.573576 
vn 0.843391 0 -0.5373 
vn 0.793353 0 -0.608761 
vn 0.819152 0 -0.573576 
vn 0.766044 0 -0.642788 
vn 0.793353 0 -0.608761 
vn 0.737277 0 -0.67559 
vn 0.766044 0 -0.642788 
vn 0.707107 0 -0.707107 
vn 0.737277 0 -0.67559 
vn 0.67559 0 -0.737277 
vn 0.707107 0 -0.707107 
vn 0.642788 0 -0.766044 
vn 0.67559 0 -0.737277 
vn 0.608761 0 -0.793353 
vn 0.642788 0 -0.766044 
vn 0.573576 0 -0.819152 
vn 0.608761 0 -0.793353 
vn 0.5373 0 -0.843391 
vn 0.573576 0 -0.819152 
vn 0.5 0 -0.866025 
vn 0.5373 0 -0.843391 
vn 0.461749 0 -0.887011 
vn 0.5 0 -0.866025 
vn 0.422618 0 -0.906308 
vn 0.461749 0 -0.887011 
vn 0.382683 0 -0.92388 
vn 0.422618 0 -0.906308 
vn 0.34202 0 -0.939693 
vn 0.382683 0 -0.92388 
vn 0.300706 0 -0.953717 
vn 0.34202 0 -0.939693 
vn 0.258819 0 -0.965926 
vn 0.300706 0 -0.953717 
vn 0.21644 0 -0.976296 
vn 0.258819 0 -0.965926 
vn 0.173648 0 -0.984808 
vn 0.21644 0 -0.976296 
vn 0.130526 0 -0.991445 
vn 0.173648 0 -0.984808 
vn 0.0871557 0 -0.996195 
vn 0.130526 0 -0.991445 
vn 0.0436194 0 -0.999048 
vn 0.0871557 0 -0.996195 
vn -1.22465e-16 0 -1 
vn 0.0436194 0 -0.999048 
vn -0.0436194 0 -0.999048 
vn -1.22465e-16 0 -1 
vn -0.0871557 0 -0.996195 
vn -0.0436194 0 -0.999048 
vn -0.130526 0 -0.991445 
vn -0.0871557 0 -0.996195 
vn -0.173648 0 -0.984808 
vn -0.130526 0 -0.991445 
vn -0.21644 0 -0.976296 
vn -0.173648 0 -0.984808 
vn -0.258819 0 -0.965926 
vn -0.21644 0 -0.976296 
vn -0.300706 0 -0.953717 
vn -0.258819 0 -0.965926 
vn -0.34202 0 -0.939693 
vn -0.300706 0 -0.953717 
vn -0.382683 0 -0.92388 
vn -0.34202 0 -0.939693 
vn -0.422618 0 -0.906308 
vn -0.382683 0 -0.92388 
vn -0.461749 0 -0.887011 
vn -0.422618 0 -0.906308 
vn -0.5 0 -0.866025 
vn -0.461749 0 -0.887011 
vn -0.5373 0 -0.843391 
vn -0.5 0 -0.866025 
vn -0.573576 0 -0.819152 
vn -0.5373 0 -0.843391 
vn -0.608761 0 -0.793353 
vn -0.573576 0 -0.819152 
vn -0.642788 0 -0.766044 
vn -0.608761 0 -0.793353 
vn -0.67559 0 -0.737277 
vn -0.642788 0 -0.766044 
vn -0.707107 0 -0.707107 
vn -0.67559 0 -0.737277 
vn -0.737277 0 -0.67559 
vn -0.707107 0 -0.707107 
vn -0.766044 0 -0.642788 
vn -0.737277 0 -0.67559 
vn -0.793353 0 -0.608761 
vn -0.766044 0 -0.642788 
vn -0.819152 0 -0.573576 
vn -0.793353 0 -0.608761 
vn -0.843391 0 -0.5373 
vn -0.819152 0 -0.573576 
vn -0.866025 0 -0.5 
vn -0.843391 0 -0.5373 
vn -0.887011 0 -0.461749 
vn -0.866025 0 -0.5 
vn -0.906308 0 -0.422618 
vn -0.887011 0 -0.461749 
vn -0.92388 0 -0.382683 
vn -0.906308 0 -0.422618 
vn -0.939693 0 -0.34202 
vn -0.92388 0 -0.382683 
vn -0.953717 0 -0.300706 
vn -0.939693 0 -0.34202 
vn -0.965926 0 -0.258819 
vn -0.953717 0 -0.300706 
vn -0.976296 0 -0.21644 
vn -0.965926 0 -0.258819 
vn -0.984808 0 -0.173648 
vn -0.976296 0 -0.21644 
vn -0.991445 0 -0.130526 
vn -0.984808 0 -0.173648 
vn -0.996195 0 -0.0871557 
vn -0.991445 0 -0.130526 
vn -0.999048 0 -0.0436194 
vn -0.996195 0 -0.0871557 
vn -1 0 6.12323e-17 
vn -0.999048 0 -0.0436194 
vn -0.999048 0 0.0436194 
vn -1 0 6.12323e-17 
vn -0.996195 0 0.0871557 
vn -0.999048 0 0.0436194 
vn -0.991445 0 0.130526 
vn -0.996195 0 0.0871557 
vn -0.984808 0 0.173648 
vn -0.991445 0 0.130526 
vn -0.976296 0 0.21644 
vn -0.984808 0 0.173648 
vn -0.965926 0 0.258819 
vn -0.976296 0 0.21644 
vn -0.953717 0 0.300706 
vn -0.965926 0 0.258819 
vn -0.939693 0 0.34202 
vn -0.953717 0 0.300706 
vn -0.92388 0 0.382683 
vn -0.939693 0 0.34202 
vn -0.906308 0 0.422618 
vn -0.92388 0 0.382683 
vn -0.887011 0 0.461749 
vn -0.906308 0 0.422618 
vn -0.866025 0 0.5 
vn -0.887011 0 0.461749 
vn -0.843391 0 0.5373 
vn -0.866025 0 0.5 
vn -0.819152 0 0.573576 
vn -0.843391 0 0.5373 
vn -0.793353 0 0.608761 
vn -0.819152 0 0.573576 
vn -0.766044 0 0.642788 
vn -0.793353 0 0.608761 
vn -0.737277 0 0.67559 
vn -0.766044 0 0.642788 
vn -0.707107 0 0.707107 
vn -0.737277 0 0.67559 
vn -0.67559 0 0.737277 
vn -0.707107 0 0.707107 
vn -0.642788 0 0.766044 
vn -0.67559 0 0.737277 
vn -0.608761 0 0.793353 
vn -0.642788 0 0.766044 
vn -0.573576 0 0.819152 
vn -0.608761 0 0.793353 
vn -0.5373 0 0.843391 
vn -0.573576 0 0.819152 
vn -0.5 0 0.866025 
vn -0.5373 0 0.843391 
vn -0.461749 0 0.887011 
vn -0.5 0 0.866025 
vn -0.422618 0 0.906308 
vn -0.461749 0 0.887011 
vn -0.382683 0 0.92388 
vn -0.422618 0 0.906308 
vn -0.34202 0 0.939693 
vn -0.382683 0 0.92388 
vn -0.300706 0 0.953717 
vn -0.34202 0 0.939693 
vn -0.258819 0 0.965926 
vn -0.300706 0 0.953717 
vn -0.21644 0 0.976296 
vn -0.258819 0 0.965926 
vn -0.173648 0 0.984808 
vn -0.21644 0 0.976296 
vn -0.130526 0 0.991445 
vn -0.173648 0 0.984808 
vn -0.0871557 0 0.996195 
vn -0.130526 0 0.991445 
vn -0.0436194 0 0.999048 
vn -0.0871557 0 0.996195 
vn 0 -1 0 
vn 0.0436194 0 0.999048 
vn 2.44929e-16 0 1 
vn 0.0871557 0 0.996195 
vn 0.0436194 0 0.999048 
vn 0.130526 0 0.991445 
vn 0.0871557 0 0.996195 
vn 0.173648 0 0.984808 
vn 0.130526 0 0.991445 
vn 0.21644 0 0.976296 
vn 0.173648 0 0.984808 
vn 0.258819 0 0.965926 
vn 0.21644 0 0.976296 
vn 0.300706 0 0.953717 
vn 0.258819 0 0.965926 
vn 0.34202 0 0.939693 
vn 0.300706 0 0.953717 
vn 0.382683 0 0.92388 
vn 0.34202 0 0.939693 
vn 0.422618 0 0.906308 
vn 0.382683 0 0.92388 
vn 0.461749 0 0.887011 
vn 0.422618 0 0.906308 
vn 0.5 0 0.866025 
vn 0.461749 0 0.887011 
vn 0.5373 0 0.843391 
vn 0.5 0 0.866025 
vn 0.573576 0 0.819152 
vn 0.5373 0 0.843391 
vn 0.608761 0 0.793353 
vn 0.573576 0 0.819152 
vn 0.642788 0 0.766044 
vn 0.608761 0 0.793353 
vn 0.67559 0 0.737277 
vn 0.642788 0 0.766044 
vn 0.707107 0 0.707107 
vn 0.67559 0 0.737277 
vn 0.737277 0 0.67559 
vn 0.707107 0 0.707107 
vn 0.766044 0 0.642788 
vn 0.737277 0 0.67559 
vn 0.793353 0 0.608761 
vn 0.766044 0 0.642788 
vn 0.819152 0 0.573576 
vn 0.793353 0 0.608761 
vn 0.843391 0 0.5373 
vn 0.819152 0 0.573576 
vn 0.866025 0 0.5 
vn 0.843391 0 0.5373 
vn 0.887011 0 0.461749 
vn 0.866025 0 0.5 
vn 0.906308 0 0.422618 
vn 0.887011 0 0.461749 
vn 0.92388 0 0.382683 
vn 0.906308 0 0.422618 
vn 0.939693 0 0.34202 
vn 0.92388 0 0.382683 
vn 0.953717 0 0.300706 
vn 0.939693 0 0.34202 
vn 0.965926 0 0.258819 
vn 0.953717 0 0.300706 
vn 0.976296 0 0.21644 
vn 0.965926 0 0.258819 
vn 0.984808 0 0.173648 
vn 0.976296 0 0.21644 
vn 0.991445 0 0.130526 
vn 0.984808 0 0.173648 
vn 0.996195 0 0.0871557 
vn 0.991445 0 0.130526 
vn 0.999048 0 0.0436194 
vn 0.996195 0 0.0871557 
vn 1 0 -1.83697e-16 
vn 0.999048 0 0.0436194 
vn 0.999048 0 -0.0436194 
vn 1 0 -1.83697e-16 
vn 0.996195 0 -0.0871557 
vn 0.999048 0 -0.0436194 
vn 0.991445 0 -0.130526 
vn 0.996195 0 -0.0871557 
vn 0.984808 0 -0.173648 
vn 0.991445 0 -0.130526 
vn 0.976296 0 -0.21644 
vn 0.984808 0 -0.173648 
vn 0.965926 0 -0.258819 
vn 0.976296 0 -0.21644 
vn 0.953717 0 -0.300706 
vn 0.965926 0 -0.258819 
vn 0.939693 0 -0.34202 
vn 0.953717 0 -0.300706 
vn 0.92388 0 -0.382683 
vn 0.939693 0 -0.34202 
vn 0.906308 0 -0.422618 
vn 0.92388 0 -0.382683 
vn 0.887011 0 -0.461749 
vn 0.906308 0 -0.422618 
vn 0.866025 0 -0.5 
vn 0.887011 0 -0.461749 
vn 0.843391 0 -0.5373 
vn 0.866025 0 -0.5 
vn 0.819152 0 -0.573576 
vn 0.843391 0 -0.5373 
vn 0.793353 0 -0.608761 
vn 0.819152 0 -0.573576 
vn 0.766044 0 -0.642788 
vn 0.793353 0 -0.608761 
vn 0.737277 0 -0.67559 
vn 0.766044 0 -0.642788 
vn 0.707107 0 -0.707107 
vn 0.737277 0 -0.67559 
vn 0.67559 0 -0.737277 
vn 0.707107 0 -0.707107 
vn 0.642788 0 -0.766044 
vn 0.67559 0 -0.737277 
vn 0.608761 0 -0.793353 
vn 0.642788 0 -0.766044 
vn 0.573576 0 -0.819152 
vn 0.608761 0 -0.793353 
vn 0.5373 0 -0.843391 
vn 0.573576 0 -0.819152 
vn 0.5 0 -0.866025 
vn 0.5373 0 -0.843391 
vn 0.461749 0 -0.887011 
vn 0.5 0 -0.866025 
vn 0.422618 0 -0.906308 
vn 0.461749 0 -0.887011 
vn 0.382683 0 -0.92388 
vn 0.422618 0 -0.906308 
vn 0.34202 0 -0.939693 
vn 0.382683 0 -0.92388 
vn 0.300706 0 -0.953717 
vn 0.34202 0 -0.939693 
vn 0.258819 0 -0.965926 
vn 0.300706 0 -0.953717 
vn 0.21644 0 -0.976296 
vn 0.258819 0 -0.965926 
vn 0.173648 0 -0.984808 
vn 0.21644 0 -0.976296 
vn 0.130526 0 -0.991445 
vn 0.173648 0 -0.984808 
vn 0.0871557 0 -0.996195 
vn 0.130526 0 -0.991445 
vn 0.0436194 0 -0.999048 
vn 0.0871557 0 -0.996195 
vn -1.22465e-16 0 -1 
vn 0.0436194 0 -0.999048 
vn -0.0436194 0 -0.999048 
vn -1.22465e-16 0 -1 
vn -0.0871557 0 -0.996195 
vn -0.0436194 0 -0.999048 
vn -0.130526 0 -0.991445 
vn -0.0871557 0 -0.996195 
vn -0.173648 0 -0.984808 
vn -0.130526 0 -0.991445 
vn -0.21644 0 -0.976296 
vn -0.173648 0 -0.984808 
vn -0.258819 0 -0.965926 
vn -0.21644 0 -0.976296 
vn -0.300706 0 -0.953717 
vn -0.258819 0 -0.965926 
vn -0.34202 0 -0.939693 
vn -0.300706 0 -0.953717 
vn -0.382683 0 -0.92388 
vn -0.34202 0 -0.939693 
vn -0.422618 0 -0.906308 
vn -0.382683 0 -0.92388 
vn -0.461749 0 -0.887011 
vn -0.422618 0 -0.906308 
vn -0.5 0 -0.866025 
vn -0.461749 0 -0.887011 
vn -0.5373 0 -0.843391 
vn -0.5 0 -0.866025 
vn -0.573576 0 -0.819152 
vn -0.5373 0 -0.843391 
vn -0.608761 0 -0.793353 
vn -0.573576 0 -0.819152 
vn -0.642788 0 -0.766044 
vn -0.608761 0 -0.793353 
vn -0.67559 0 -0.737277 
vn -0.642788 0 -0.766044 
vn -0.707107 0 -0.707107 
vn -0.67559 0 -0.737277 
vn -0.737277 0 -0.67559 
vn -0.707107 0 -0.707107 
vn -0.766044 0 -0.642788 
vn -0.737277 0 -0.67559 
vn -0.793353 0 -0.608761 
vn -0.766044 0 -0.642788 
vn -0.819152 0 -0.573576 
vn -0.793353 0 -0.608761 
vn -0.843391 0 -0.5373 
vn -0.819152 0 -0.573576 
vn -0.866025 0 -0.5 
vn -0.843391 0 -0.5373 
vn -0.887011 0 -0.461749 
vn -0.866025 0 -0.5 
vn -0.906308 0 -0.422618 
vn -0.887011 0 -0.461749 
vn -0.92388 0 -0.382683 
vn -0.906308 0 -0.422618 
vn -0.939693 0 -0.34202 
vn -0.92388 0 -0.382683 
vn -0.953717 0 -0.300706 
vn -0.939693 0 -0.34202 
vn -0.965926 0 -0.258819 
vn -0.953717 0 -0.300706 
vn -0.976296 0 -0.21644 
vn -0.965926 0 -0.258819 
vn -0.984808 0 -0.173648 
vn -0.976296 0 -0.21644 
vn -0.991445 0 -0.130526 
vn -0.984808 0 -0.173648 
vn -0.996195 0 -0.0871557 
vn -0.991445 0 -0.130526 
vn -0.999048 0 -0.0436194 
vn -0.996195 0 -0.0871557 
vn -1 0 6.12323e-17 
vn -0.999048 0 -0.0436194 
vn -0.999048 0 0.0436194 
vn -1 0 6.12323e-17 
vn -0.996195 0 0.0871557 
vn -0.999048 0 0.0436194 
vn -0.991445 0 0.130526 
vn -0.996195 0 0.0871557 
vn -0.984808 0 0.173648 
vn -0.991445 0 0.130526 
vn -0.976296 0 0.21644 
vn -0.984808 0 0.173648 
vn -0.965926 0 0.258819 
vn -0.976296 0 0.21644 
vn -0.953717 0 0.300706 
vn -0.965926 0 0.258819 
vn -0.939693 0 0.34202 
vn -0.953717 0 0.300706 
vn -0.92388 0 0.382683 
vn -0.939693 0 0.34202 
vn -0.906308 0 0.422618 
vn -0.92388 0 0.382683 
vn -0.887011 0 0.461749 
vn -0.906308 0 0.422618 
vn -0.866025 0 0.5 
vn -0.887011 0 0.461749 
vn -0.843391 0 0.5373 
vn -0.866025 0 0.5 
vn -0.819152 0 0.573576 
vn -0.843391 0 0.5373 
vn -0.793353 0 0.608761 
vn -0.819152 0 0.573576 
vn -0.766044 0 0.642788 
vn -0.793353 0 0.608761 
vn -0.737277 0 0.67559 
vn -0.766044 0 0.642788 
vn -0.707107 0 0.707107 
vn -0.737277 0 0.67559 
vn -0.67559 0 0.737277 
vn -0.707107 0 0.707107 
vn -0.642788 0 0.766044 
vn -0.67559 0 0.737277 
vn -0.608761 0 0.793353 
vn -0.642788 0 0.766044 
vn -0.573576 0 0.819152 
vn -0.608761 0 0.793353 
vn -0.5373 0 0.843391 
vn -0.573576 0 0.819152 
vn -0.5 0 0.866025 
vn -0.5373 0 0.843391 
vn -0.461749 0 0.887011 
vn -0.5 0 0.866025 
vn -0.422618 0 0.906308 
vn -0.461749 0 0.887011 
vn -0.382683 0 0.92388 
vn -0.422618 0 0.906308 
vn -0.34202 0 0.939693 
vn -0.382683 0 0.92388 
vn -0.300706 0 0.953717 
vn -0.34202 0 0.939693 
vn -0.258819 0 0.965926 
vn -0.300706 0 0.953717 
vn -0.21644 0 0.976296 
vn -0.258819 0 0.965926 
vn -0.173648 0 0.984808 
vn -0.21644 0 0.976296 
vn -0.130526 0 0.991445 
vn -0.173648 0 0.984808 
vn -0.0871557 0 0.996195 
vn -0.130526 0 0.991445 
vn -0.0436194 0 0.999048 
vn -0.0871557 0 0.996195 
vn -3.76807e-16 0 -1 
vn 0 1 0 
vn 1 0 0 
vn -1 0 0 
vn 0 0 1 
vn 0 1 0 
usemtl 0.615686_0.811765_0.929412_0.000000_0.000000
o mesh0
f 1//1 2//2 3//2 
f 4//3 1//1 5//4 
f 6//5 4//3 7//6 
f 8//7 6//5 9//8 
f 10//9 8//7 11//10 
f 12//11 10//9 13//12 
f 14//13 12//11 15//14 
f 16//15 14//13 17//16 
f 18//17 16//15 19//18 
f 20//19 18//17 21//20 
f 22//21 20//19 23//22 
f 24//23 22//21 25//24 
f 26//25 24//23 27//26 
f 28//27 26//25 29//28 
f 30//29 28//27 31//30 
f 32//31 30//29 33//32 
f 34//33 32//31 35//34 
f 36//35 34//33 37//36 
f 38//37 36//35 39//38 
f 40//39 38//37 41//40 
f 42//41 40//39 43//42 
f 44//43 42//41 45//44 
f 46//45 44//43 47//46 
f 48//47 46//45 49//48 
f 50//49 48//47 51//50 
f 52//51 50//49 53//52 
f 54//53 52//51 55//54 
f 56//55 54//53 57//56 
f 58//57 56//55 59//58 
f 60//59 58//57 61//60 
f 62//61 60//59 63//62 
f 64//63 62//61 65//64 
f 66//65 64//63 67//66 
f 68//67 66//65 69//68 
f 70//69 68//67 71//70 
f 72//71 70//69 73//72 
f 74//73 72//71 75//74 
f 76//75 74//73 77//76 
f 78//77 76//75 79//78 
f 80//79 78//77 81//80 
f 82//81 80//79 83//82 
f 84//83 82//81 85//84 
f 86//85 84//83 87//86 
f 88//87 86//85 89//88 
f 90//89 88//87 91//90 
f 92//91 90//89 93//92 
f 94//93 92//91 95//94 
f 96//95 94//93 97//96 
f 98//97 96//95 99//98 
f 100//99 98//97 101//100 
f 102//101 100//99 103//102 
f 104//103 102//101 105//104 
f 106//105 104//103 107//106 
f 108//107 106//105 109//108 
f 110//109 108//107 111//110 
f 112//111 110//109 113//112 
f 114//113 112//111 115//114 
f 116//115 114//113 117//116 
f 118//117 116//115 119//118 
f 120//119 118//117 121//120 
f 122//121 120//119 123//122 
f 124//123 122//121 125//124 
f 126//125 124//123 127//126 
f 128//127 126//125 129//128 
f 130//129 128//127 131//130 
f 132//131 130//129 133//132 
f 134//133 132//131 135//134 
f 136//135 134//133 137//136 
f 138//137 136//135 139//138 
f 140//139 138//137 141//140 
f 142//141 140//139 143//142 
f 144//143 142//141 145//144 
f 146//145 144//143 147//146 
f 148//147 146//145 149//148 
f 150//149 148//147 151//150 
f 152//151 150//149 153//152 
f 154//153 152//151 155//154 
f 156//155 154//153 157//156 
f 158//157 156//155 159//158 
f 160//159 158//157 161//160 
f 162//161 160//159 163//162 
f 164//163 162//161 165//164 
f 166//165 164//163 167//166 
f 168//167 166//165 169//168 
f 170//169 168//167 171//170 
f 172//171 170//169 173//172 
f 174//173 172//171 175//174 
f 176//175 174//173 177//176 
f 178//177 176//175 179//178 
f 180//179 178//177 181//180 
f 182//181 180//179 183//182 
f 184//183 182//181 185//184 
f 186//185 184//183 187//186 
f 188//187 186//185 189//188 
f 190//189 188//187 191//190 
f 192//191 190//189 193//192 
f 194//193 192//191 195//194 
f 196//195 194//193 197//196 
f 198//197 196//195 199//198 
f 200//199 198//197 201//200 
f 202//201 200//199 203//202 
f 204//203 202//201 205//204 
f 206//205 204//203 207//206 
f 208//207 206//205 209//208 
f 210//209 208//207 211//210 
f 212//211 210//209 213//212 
f 214//213 212//211 215//214 
f 216//215 214//213 217//216 
f 218//217 216//215 219//218 
f 220//219 218//217 221//220 
f 222//221 220//219 223//222 
f 224//223 222//221 225//224 
f 226//225 224//223 227//226 
f 228//227 226//225 229//228 
f 230//229 228//227 231//230 
f 232//231 230//229 233//232 
f 234//233 232//231 235//234 
f 236//235 234//233 237//236 
f 238//237 236//235 239//238 
f 240//239 238//237 241//240 
f 242//241 240//239 243//242 
f 244//243 242//241 245//244 
f 246//245 244//243 247//246 
f 248//247 246//245 249//248 
f 250//249 248//247 251//250 
f 252//251 250//249 253//252 
f 254//253 252//251 255//254 
f 256//255 254//253 257//256 
f 258//257 256//255 259//258 
f 260//259 258//257 261//260 
f 262//261 260//259 263//262 
f 264//263 262//261 265//264 
f 266//265 264//263 267//266 
f 268//267 266//265 269//268 
f 270//269 268//267 271//270 
f 272//271 270//269 273//272 
f 274//273 272//271 275//274 
f 276//275 274//273 277//276 
f 278//277 276//275 279//278 
f 280//279 278//277 281//280 
f 282//281 280//279 283//282 
f 284//283 282//281 285//284 
f 286//285 284//283 287//286 
f 2//2 286//285 288//285 
f 288//285 3//2 2//2 
f 287//286 288//285 286//285 
f 285//284 287//286 284//283 
f 283//282 285//284 282//281 
f 281//280 283//282 280//279 
f 279//278 281//280 278//277 
f 277//276 279//278 276//275 
f 275//274 277//276 274//273 
f 273//272 275//274 272//271 
f 271//270 273//272 270//269 
f 269//268 271//270 268//267 
f 267//266 269//268 266//265 
f 265//264 267//266 264//263 
f 263//262 265//264 262//261 
f 261//260 263//262 260//259 
f 259//258 261//260 258//257 
f 257//256 259//258 256//255 
f 255//254 257//256 254//253 
f 253//252 255//254 252//251 
f 251//250 253//252 250//249 
f 249//248 251//250 248//247 
f 247//246 249//248 246//245 
f 245//244 247//246 244//243 
f 243//242 245//244 242//241 
f 241//240 243//242 240//239 
f 239//238 241//240 238//237 
f 237//236 239//238 236//235 
f 235//234 237//236 234//233 
f 233//232 235//234 232//231 
f 231//230 233//232 230//229 
f 229//228 231//230 228//227 
f 227//226 229//228 226//225 
f 225//224 227//226 224//223 
f 223//222 225//224 222//221 
f 221//220 223//222 220//219 
f 219//218 221//220 218//217 
f 217//216 219//218 216//215 
f 215//214 217//216 214//213 
f 213//212 215//214 212//211 
f 211//210 213//212 210//209 
f 209//208 211//210 208//207 
f 207//206 209//208 206//205 
f 205//204 207//206 204//203 
f 203//202 205//204 202//201 
f 201//200 203//202 200//199 
f 199//198 201//200 198//197 
f 197//196 199//198 196//195 
f 195//194 197//196 194//193 
f 193//192 195//194 192//191 
f 191//190 193//192 190//189 
f 189//188 191//190 188//187 
f 187//186 189//188 186//185 
f 185//184 187//186 184//183 
f 183//182 185//184 182//181 
f 181//180 183//182 180//179 
f 179//178 181//180 178//177 
f 177//176 179//178 176//175 
f 175//174 177//176 174//173 
f 173//172 175//174 172//171 
f 171//170 173//172 170//169 
f 169//168 171//170 168//167 
f 167//166 169//168 166//165 
f 165//164 167//166 164//163 
f 163//162 165//164 162//161 
f 161//160 163//162 160//159 
f 159//158 161//160 158//157 
f 157//156 159//158 156//155 
f 155//154 157//156 154//153 
f 153//152 155//154 152//151 
f 151//150 153//152 150//149 
f 149//148 151//150 148//147 
f 147//146 149//148 146//145 
f 145//144 147//146 144//143 
f 143//142 145//144 142//141 
f 141//140 143//142 140//139 
f 139//138 141//140 138//137 
f 137//136 139//138 136//135 
f 135//134 137//136 134//133 
f 133//132 135//134 132//131 
f 131//130 133//132 130//129 
f 129//128 131//130 128//127 
f 127//126 129//128 126//125 
f 125//124 127//126 124//123 
f 123//122 125//124 122//121 
f 121//120 123//122 120//119 
f 119//118 121//120 118//117 
f 117//116 119//118 116//115 
f 115//114 117//116 114//113 
f 113//112 115//114 112//111 
f 111//110 113//112 110//109 
f 109//108 111//110 108//107 
f 107//106 109//108 106//105 
f 105//104 107//106 104//103 
f 103//102 105//104 102//101 
f 101//100 103//102 100//99 
f 99//98 101//100 98//97 
f 97//96 99//98 96//95 
f 95//94 97//96 94//93 
f 93//92 95//94 92//91 
f 91//90 93//92 90//89 
f 89//88 91//90 88//87 
f 87//86 89//88 86//85 
f 85//84 87//86 84//83 
f 83//82 85//84 82//81 
f 81//80 83//82 80//79 
f 79//78 81//80 78//77 
f 77//76 79//78 76//75 
f 75//74 77//76 74//73 
f 73//72 75//74 72//71 
f 71//70 73//72 70//69 
f 69//68 71//70 68//67 
f 67//66 69//68 66//65 
f 65//64 67//66 64//63 
f 63//62 65//64 62//61 
f 61//60 63//62 60//59 
f 59//58 61//60 58//57 
f 57//56 59//58 56//55 
f 55//54 57//56 54//53 
f 53//52 55//54 52//51 
f 51//50 53//52 50//49 
f 49//48 51//50 48//47 
f 47//46 49//48 46//45 
f 45//44 47//46 44//43 
f 43//42 45//44 42//41 
f 41//40 43//42 40//39 
f 39//38 41//40 38//37 
f 37//36 39//38 36//35 
f 35//34 37//36 34//33 
f 33//32 35//34 32//31 
f 31//30 33//32 30//29 
f 29//28 31//30 28//27 
f 27//26 29//28 26//25 
f 25//24 27//26 24//23 
f 23//22 25//24 22//21 
f 21//20 23//22 20//19 
f 19//18 21//20 18//17 
f 17//16 19//18 16//15 
f 15//14 17//16 14//13 
f 13//12 15//14 12//11 
f 11//10 13//12 10//9 
f 9//8 11//10 8//7 
f 7//6 9//8 6//5 
f 5//4 7//6 4//3 
f 3//2 5//4 1//1 
o mesh1
f 223//287 289//287 290//287 
f 223//287 221//287 291//287 
f 215//287 292//287 293//287 
f 215//287 213//287 294//287 
f 231//287 295//287 296//287 
f 229//287 297//287 295//287 
f 227//287 298//287 297//287 
f 227//287 225//287 290//287 
f 291//287 289//287 223//287 
f 221//287 219//287 299//287 
f 217//287 293//287 299//287 
f 294//287 292//287 215//287 
f 237//287 300//287 301//287 
f 237//287 235//287 302//287 
f 295//287 231//287 229//287 
f 290//287 298//287 227//287 
f 299//287 291//287 221//287 
f 293//287 217//287 215//287 
f 211//287 303//287 294//287 
f 211//287 209//287 304//287 
f 209//287 207//287 305//287 
f 207//287 205//287 306//287 
f 302//287 300//287 237//287 
f 235//287 233//287 296//287 
f 297//287 229//287 227//287 
f 299//287 219//287 217//287 
f 304//287 303//287 211//287 
f 306//287 305//287 207//287 
f 201//287 307//287 308//287 
f 201//287 199//287 309//287 
f 239//287 301//287 310//287 
f 296//287 302//287 235//287 
f 290//287 225//287 223//287 
f 305//287 304//287 209//287 
f 203//287 308//287 306//287 
f 309//287 307//287 201//287 
f 245//287 311//287 312//287 
f 245//287 243//287 313//287 
f 301//287 239//287 237//287 
f 294//287 213//287 211//287 
f 308//287 203//287 201//287 
f 199//287 197//287 314//287 
f 193//287 315//287 316//287 
f 193//287 191//287 317//287 
f 313//287 311//287 245//287 
f 243//287 241//287 310//287 
f 296//287 233//287 231//287 
f 314//287 309//287 199//287 
f 195//287 316//287 314//287 
f 317//287 315//287 193//287 
f 189//287 318//287 317//287 
f 189//287 187//287 319//287 
f 310//287 313//287 243//287 
f 306//287 205//287 203//287 
f 316//287 195//287 193//287 
f 319//287 318//287 189//287 
f 185//287 320//287 319//287 
f 183//287 321//287 320//287 
f 181//287 322//287 321//287 
f 179//287 323//287 322//287 
f 253//287 324//287 325//287 
f 253//287 251//287 326//287 
f 249//287 327//287 326//287 
f 249//287 247//287 312//287 
f 310//287 241//287 239//287 
f 317//287 191//287 189//287 
f 320//287 185//287 183//287 
f 322//287 181//287 179//287 
f 261//287 328//287 329//287 
f 261//287 259//287 330//287 
f 257//287 331//287 330//287 
f 257//287 255//287 325//287 
f 326//287 324//287 253//287 
f 312//287 327//287 249//287 
f 314//287 197//287 195//287 
f 321//287 183//287 181//287 
f 281//287 332//287 333//287 
f 281//287 279//287 334//287 
f 265//287 335//287 336//287 
f 265//287 263//287 329//287 
f 330//287 328//287 261//287 
f 325//287 331//287 257//287 
f 326//287 251//287 249//287 
f 319//287 187//287 185//287 
f 177//287 337//287 323//287 
f 177//287 175//287 338//287 
f 167//287 339//287 340//287 
f 165//287 341//287 339//287 
f 59//287 342//287 343//287 
f 59//287 57//287 344//287 
f 51//287 345//287 346//287 
f 49//287 347//287 345//287 
f 43//287 348//287 349//287 
f 41//287 350//287 348//287 
f 285//287 351//287 352//287 
f 285//287 283//287 333//287 
f 334//287 332//287 281//287 
f 279//287 277//287 353//287 
f 271//287 354//287 355//287 
f 271//287 269//287 356//287 
f 329//287 335//287 265//287 
f 330//287 259//287 257//287 
f 312//287 247//287 245//287 
f 338//287 337//287 177//287 
f 173//287 357//287 338//287 
f 173//287 171//287 358//287 
f 339//287 167//287 165//287 
f 165//287 163//287 359//287 
f 147//287 360//287 361//287 
f 147//287 145//287 362//287 
f 129//287 363//287 364//287 
f 129//287 127//287 365//287 
f 121//287 366//287 367//287 
f 121//287 119//287 368//287 
f 113//287 369//287 370//287 
f 113//287 111//287 371//287 
f 97//287 372//287 373//287 
f 95//287 374//287 372//287 
f 93//287 375//287 374//287 
f 93//287 91//287 376//287 
f 85//287 377//287 378//287 
f 85//287 83//287 379//287 
f 81//287 380//287 379//287 
f 81//287 79//287 381//287 
f 65//287 382//287 383//287 
f 65//287 63//287 384//287 
f 61//287 343//287 384//287 
f 344//287 342//287 59//287 
f 345//287 51//287 49//287 
f 49//287 47//287 385//287 
f 348//287 43//287 41//287 
f 41//287 39//287 386//287 
f 39//287 37//287 387//287 
f 37//287 35//287 388//287 
f 17//287 389//287 390//287 
f 17//287 15//287 391//287 
f 333//287 351//287 285//287 
f 353//287 334//287 279//287 
f 275//287 392//287 353//287 
f 275//287 273//287 355//287 
f 356//287 354//287 271//287 
f 269//287 267//287 336//287 
f 329//287 263//287 261//287 
f 323//287 179//287 177//287 
f 358//287 357//287 173//287 
f 171//287 169//287 340//287 
f 359//287 341//287 165//287 
f 163//287 161//287 393//287 
f 159//287 394//287 393//287 
f 159//287 157//287 395//287 
f 362//287 360//287 147//287 
f 145//287 143//287 396//287 
f 141//287 397//287 396//287 
f 141//287 139//287 398//287 
f 137//287 399//287 398//287 
f 137//287 135//287 400//287 
f 133//287 401//287 400//287 
f 131//287 364//287 401//287 
f 365//287 363//287 129//287 
f 127//287 125//287 402//287 
f 368//287 366//287 121//287 
f 119//287 117//287 403//287 
f 115//287 370//287 403//287 
f 371//287 369//287 113//287 
f 372//287 97//287 95//287 
f 376//287 375//287 93//287 
f 89//287 404//287 376//287 
f 89//287 87//287 378//287 
f 379//287 377//287 85//287 
f 381//287 380//287 81//287 
f 69//287 405//287 406//287 
f 69//287 67//287 383//287 
f 384//287 382//287 65//287 
f 343//287 61//287 59//287 
f 385//287 347//287 49//287 
f 47//287 45//287 349//287 
f 386//287 350//287 41//287 
f 388//287 387//287 37//287 
f 33//287 407//287 388//287 
f 33//287 31//287 408//287 
f 29//287 409//287 408//287 
f 29//287 27//287 410//287 
f 19//287 390//287 411//287 
f 391//287 389//287 17//287 
f 13//287 412//287 391//287 
f 13//287 11//287 413//287 
f 288//287 414//287 415//287 
f 288//287 287//287 352//287 
f 333//287 283//287 281//287 
f 355//287 392//287 275//287 
f 336//287 356//287 269//287 
f 325//287 255//287 253//287 
f 340//287 358//287 171//287 
f 393//287 359//287 163//287 
f 395//287 394//287 159//287 
f 157//287 155//287 416//287 
f 153//287 417//287 416//287 
f 153//287 151//287 418//287 
f 149//287 361//287 418//287 
f 396//287 362//287 145//287 
f 398//287 397//287 141//287 
f 400//287 399//287 137//287 
f 401//287 133//287 131//287 
f 402//287 365//287 127//287 
f 403//287 368//287 119//287 
f 370//287 115//287 113//287 
f 103//287 419//287 420//287 
f 103//287 101//287 421//287 
f 101//287 99//287 373//287 
f 374//287 95//287 93//287 
f 378//287 404//287 89//287 
f 379//287 83//287 81//287 
f 77//287 422//287 381//287 
f 77//287 75//287 423//287 
f 383//287 405//287 69//287 
f 384//287 63//287 61//287 
f 55//287 424//287 344//287 
f 55//287 53//287 346//287 
f 349//287 385//287 47//287 
f 387//287 386//287 39//287 
f 408//287 407//287 33//287 
f 410//287 409//287 29//287 
f 23//287 425//287 426//287 
f 23//287 21//287 411//287 
f 390//287 19//287 17//287 
f 413//287 412//287 13//287 
f 9//287 427//287 413//287 
f 9//287 7//287 428//287 
f 352//287 414//287 288//287 
f 353//287 277//287 275//287 
f 336//287 267//287 265//287 
f 340//287 169//287 167//287 
f 416//287 395//287 157//287 
f 418//287 417//287 153//287 
f 361//287 149//287 147//287 
f 398//287 139//287 137//287 
f 364//287 131//287 129//287 
f 125//287 123//287 367//287 
f 403//287 117//287 115//287 
f 109//287 429//287 371//287 
f 421//287 419//287 103//287 
f 373//287 99//287 97//287 
f 378//287 87//287 85//287 
f 423//287 422//287 77//287 
f 73//287 430//287 423//287 
f 73//287 71//287 406//287 
f 383//287 67//287 65//287 
f 346//287 424//287 55//287 
f 349//287 45//287 43//287 
f 408//287 31//287 29//287 
f 25//287 426//287 410//287 
f 411//287 425//287 23//287 
f 391//287 15//287 13//287 
f 428//287 427//287 9//287 
f 5//287 431//287 428//287 
f 5//287 3//287 415//287 
f 352//287 287//287 285//287 
f 338//287 175//287 173//287 
f 416//287 155//287 153//287 
f 396//287 143//287 141//287 
f 367//287 402//287 125//287 
f 371//287 111//287 109//287 
f 107//287 432//287 429//287 
f 107//287 105//287 420//287 
f 373//287 421//287 101//287 
f 381//287 79//287 77//287 
f 406//287 430//287 73//287 
f 344//287 57//287 55//287 
f 388//287 35//287 33//287 
f 426//287 25//287 23//287 
f 413//287 11//287 9//287 
f 415//287 431//287 5//287 
f 355//287 273//287 271//287 
f 418//287 151//287 149//287 
f 367//287 123//287 121//287 
f 420//287 432//287 107//287 
f 376//287 91//287 89//287 
f 406//287 71//287 69//287 
f 410//287 27//287 25//287 
f 428//287 7//287 5//287 
f 393//287 161//287 159//287 
f 429//287 109//287 107//287 
f 423//287 75//287 73//287 
f 411//287 21//287 19//287 
f 400//287 135//287 133//287 
f 346//287 53//287 51//287 
f 420//287 105//287 103//287 
f 415//287 3//287 288//287 
o mesh2
f 431//288 415//289 433//289 
f 428//290 431//288 434//291 
f 427//292 428//290 435//293 
f 413//294 427//292 436//295 
f 412//296 413//294 437//297 
f 391//298 412//296 438//299 
f 389//300 391//298 439//301 
f 390//302 389//300 440//303 
f 411//304 390//302 441//305 
f 425//306 411//304 442//307 
f 426//308 425//306 443//309 
f 410//310 426//308 444//311 
f 409//312 410//310 445//313 
f 408//314 409//312 446//315 
f 407//316 408//314 447//317 
f 388//318 407//316 448//319 
f 387//320 388//318 449//321 
f 386//322 387//320 450//323 
f 350//324 386//322 451//325 
f 348//326 350//324 452//327 
f 349//328 348//326 453//329 
f 385//330 349//328 454//331 
f 347//332 385//330 455//333 
f 345//334 347//332 456//335 
f 346//336 345//334 457//337 
f 424//338 346//336 458//339 
f 344//340 424//338 459//341 
f 342//342 344//340 460//343 
f 343//344 342//342 461//345 
f 384//346 343//344 462//347 
f 382//348 384//346 463//349 
f 383//350 382//348 464//351 
f 405//352 383//350 465//353 
f 406//354 405//352 466//355 
f 430//356 406//354 467//357 
f 423//358 430//356 468//359 
f 422//360 423//358 469//361 
f 381//362 422//360 470//363 
f 380//364 381//362 471//365 
f 379//366 380//364 472//367 
f 377//368 379//366 473//369 
f 378//370 377//368 474//371 
f 404//372 378//370 475//373 
f 376//374 404//372 476//375 
f 375//376 376//374 477//377 
f 374//378 375//376 478//379 
f 372//380 374//378 479//381 
f 373//382 372//380 480//383 
f 421//384 373//382 481//385 
f 419//386 421//384 482//387 
f 420//388 419//386 483//389 
f 432//390 420//388 484//391 
f 429//392 432//390 485//393 
f 371//394 429//392 486//395 
f 369//396 371//394 487//397 
f 370//398 369//396 488//399 
f 403//400 370//398 489//401 
f 368//402 403//400 490//403 
f 366//404 368//402 491//405 
f 367//406 366//404 492//407 
f 402//408 367//406 493//409 
f 365//410 402//408 494//411 
f 363//412 365//410 495//413 
f 364//414 363//412 496//415 
f 401//416 364//414 497//417 
f 400//418 401//416 498//419 
f 399//420 400//418 499//421 
f 398//422 399//420 500//423 
f 397//424 398//422 501//425 
f 396//426 397//424 502//427 
f 362//428 396//426 503//429 
f 360//430 362//428 504//431 
f 361//432 360//430 505//433 
f 418//434 361//432 506//435 
f 417//436 418//434 507//437 
f 416//438 417//436 508//439 
f 395//440 416//438 509//441 
f 394//442 395//440 510//443 
f 393//444 394//442 511//445 
f 359//446 393//444 512//447 
f 341//448 359//446 513//449 
f 339//450 341//448 514//451 
f 340//452 339//450 515//453 
f 358//454 340//452 516//455 
f 357//456 358//454 517//457 
f 338//458 357//456 518//459 
f 337//460 338//458 519//461 
f 323//462 337//460 520//463 
f 322//464 323//462 521//465 
f 321//466 322//464 522//467 
f 320//468 321//466 523//469 
f 319//470 320//468 524//471 
f 318//472 319//470 525//473 
f 317//474 318//472 526//475 
f 315//476 317//474 527//477 
f 316//478 315//476 528//479 
f 314//480 316//478 529//481 
f 309//482 314//480 530//483 
f 307//484 309//482 531//485 
f 308//486 307//484 532//487 
f 306//488 308//486 533//489 
f 305//490 306//488 534//491 
f 304//492 305//490 535//493 
f 303//494 304//492 536//495 
f 294//496 303//494 537//497 
f 292//498 294//496 538//499 
f 293//500 292//498 539//501 
f 299//502 293//500 540//503 
f 291//504 299//502 541//505 
f 289//506 291//504 542//507 
f 290//508 289//506 543//509 
f 298//510 290//508 544//511 
f 297//512 298//510 545//513 
f 295//514 297//512 546//515 
f 296//516 295//514 547//517 
f 302//518 296//516 548//519 
f 300//520 302//518 549//521 
f 301//522 300//520 550//523 
f 310//524 301//522 551//525 
f 313//526 310//524 552//527 
f 311//528 313//526 553//529 
f 312//530 311//528 554//531 
f 327//532 312//530 555//533 
f 326//534 327//532 556//535 
f 324//536 326//534 557//537 
f 325//538 324//536 558//539 
f 331//540 325//538 559//541 
f 330//542 331//540 560//543 
f 328//544 330//542 561//545 
f 329//546 328//544 562//547 
f 335//548 329//546 563//549 
f 336//550 335//548 564//551 
f 356//552 336//550 565//553 
f 354//554 356//552 566//555 
f 355//556 354//554 567//557 
f 392//558 355//556 568//559 
f 353//560 392//558 569//561 
f 334//562 353//560 570//563 
f 332//564 334//562 571//565 
f 333//566 332//564 572//567 
f 351//568 333//566 573//569 
f 352//570 351//568 574//571 
f 414//572 352//570 575//573 
f 415//289 414//572 576//572 
f 576//572 433//289 415//289 
f 575//573 576//572 414//572 
f 574//571 575//573 352//570 
f 573//569 574//571 351//568 
f 572//567 573//569 333//566 
f 571//565 572//567 332//564 
f 570//563 571//565 334//562 
f 569//561 570//563 353//560 
f 568//559 569//561 392//558 
f 567//557 568//559 355//556 
f 566//555 567//557 354//554 
f 565//553 566//555 356//552 
f 564//551 565//553 336//550 
f 563//549 564//551 335//548 
f 562//547 563//549 329//546 
f 561//545 562//547 328//544 
f 560//543 561//545 330//542 
f 559//541 560//543 331//540 
f 558//539 559//541 325//538 
f 557//537 558//539 324//536 
f 556//535 557//537 326//534 
f 555//533 556//535 327//532 
f 554//531 555//533 312//530 
f 553//529 554//531 311//528 
f 552//527 553//529 313//526 
f 551//525 552//527 310//524 
f 550//523 551//525 301//522 
f 549//521 550//523 300//520 
f 548//519 549//521 302//518 
f 547//517 548//519 296//516 
f 546//515 547//517 295//514 
f 545//513 546//515 297//512 
f 544//511 545//513 298//510 
f 543//509 544//511 290//508 
f 542//507 543//509 289//506 
f 541//505 542//507 291//504 
f 540//503 541//505 299//502 
f 539//501 540//503 293//500 
f 538//499 539//501 292//498 
f 537//497 538//499 294//496 
f 536//495 537//497 303//494 
f 535//493 536//495 304//492 
f 534//491 535//493 305//490 
f 533//489 534//491 306//488 
f 532//487 533//489 308//486 
f 531//485 532//487 307//484 
f 530//483 531//485 309//482 
f 529//481 530//483 314//480 
f 528//479 529//481 316//478 
f 527//477 528//479 315//476 
f 526//475 527//477 317//474 
f 525//473 526//475 318//472 
f 524//471 525//473 319//470 
f 523//469 524//471 320//468 
f 522//467 523//469 321//466 
f 521//465 522//467 322//464 
f 520//463 521//465 323//462 
f 519//461 520//463 337//460 
f 518//459 519//461 338//458 
f 517//457 518//459 357//456 
f 516//455 517//457 358//454 
f 515//453 516//455 340//452 
f 514//451 515//453 339//450 
f 513//449 514//451 341//448 
f 512//447 513//449 359//446 
f 511//445 512//447 393//444 
f 510//443 511//445 394//442 
f 509//441 510//443 395//440 
f 508//439 509//441 416//438 
f 507//437 508//439 417//436 
f 506//435 507//437 418//434 
f 505//433 506//435 361//432 
f 504//431 505//433 360//430 
f 503//429 504//431 362//428 
f 502//427 503//429 396//426 
f 501//425 502//427 397//424 
f 500//423 501//425 398//422 
f 499//421 500//423 399//420 
f 498//419 499//421 400//418 
f 497//417 498//419 401//416 
f 496//415 497//417 364//414 
f 495//413 496//415 363//412 
f 494//411 495//413 365//410 
f 493//409 494//411 402//408 
f 492//407 493//409 367//406 
f 491//405 492//407 366//404 
f 490//403 491//405 368//402 
f 489//401 490//403 403//400 
f 488//399 489//401 370//398 
f 487//397 488//399 369//396 
f 486//395 487//397 371//394 
f 485//393 486//395 429//392 
f 484//391 485//393 432//390 
f 483//389 484//391 420//388 
f 482//387 483//389 419//386 
f 481//385 482//387 421//384 
f 480//383 481//385 373//382 
f 479//381 480//383 372//380 
f 478//379 479//381 374//378 
f 477//377 478//379 375//376 
f 476//375 477//377 376//374 
f 475//373 476//375 404//372 
f 474//371 475//373 378//370 
f 473//369 474//371 377//368 
f 472//367 473//369 379//366 
f 471//365 472//367 380//364 
f 470//363 471//365 381//362 
f 469//361 470//363 422//360 
f 468//359 469//361 423//358 
f 467//357 468//359 430//356 
f 466//355 467//357 406//354 
f 465//353 466//355 405//352 
f 464//351 465//353 383//350 
f 463//349 464//351 382//348 
f 462//347 463//349 384//346 
f 461//345 462//347 343//344 
f 460//343 461//345 342//342 
f 459//341 460//343 344//340 
f 458//339 459//341 424//338 
f 457//337 458//339 346//336 
f 456//335 457//337 345//334 
f 455//333 456//335 347//332 
f 454//331 455//333 385//330 
f 453//329 454//331 349//328 
f 452//327 453//329 348//326 
f 451//325 452//327 350//324 
f 450//323 451//325 386//322 
f 449//321 450//323 387//320 
f 448//319 449//321 388//318 
f 447//317 448//319 407//316 
f 446//315 447//317 408//314 
f 445//313 446//315 409//312 
f 444//311 445//313 410//310 
f 443//309 444//311 426//308 
f 442//307 443//309 425//306 
f 441//305 442//307 411//304 
f 440//303 441//305 390//302 
f 439//301 440//303 389//300 
f 438//299 439//301 391//298 
f 437//297 438//299 412//296 
f 436//295 437//297 413//294 
f 435//293 436//295 427//292 
f 434//291 435//293 428//290 
f 433//289 434//291 431//288 
o mesh3
f 577//574 541//574 540//574 
f 577//574 544//574 543//574 
f 577//574 536//574 535//574 
f 577//574 538//574 537//574 
f 540//574 539//574 577//574 
f 543//574 542//574 577//574 
f 577//574 533//574 532//574 
f 537//574 536//574 577//574 
f 542//574 541//574 577//574 
f 577//574 546//574 545//574 
f 577//574 548//574 547//574 
f 577//574 534//574 533//574 
f 539//574 538//574 577//574 
f 547//574 546//574 577//574 
f 577//574 529//574 528//574 
f 532//574 531//574 577//574 
f 545//574 544//574 577//574 
f 577//574 551//574 550//574 
f 577//574 527//574 526//574 
f 577//574 530//574 529//574 
f 535//574 534//574 577//574 
f 550//574 549//574 577//574 
f 578//574 579//574 580//574 
f 578//574 581//574 582//574 
f 578//574 583//574 584//574 
f 528//574 527//574 577//574 
f 549//574 548//574 577//574 
f 577//574 554//574 553//574 
f 578//574 585//574 579//574 
f 584//574 581//574 578//574 
f 578//574 586//574 587//574 
f 578//574 588//574 589//574 
f 577//574 523//574 522//574 
f 577//574 525//574 524//574 
f 531//574 530//574 577//574 
f 553//574 552//574 577//574 
f 580//574 590//574 578//574 
f 582//574 591//574 578//574 
f 587//574 592//574 578//574 
f 589//574 593//574 578//574 
f 524//574 523//574 577//574 
f 552//574 551//574 577//574 
f 577//574 557//574 556//574 
f 577//574 561//574 560//574 
f 577//574 563//574 562//574 
f 578//574 594//574 595//574 
f 591//574 585//574 578//574 
f 592//574 596//574 578//574 
f 593//574 597//574 578//574 
f 588//574 598//574 599//574 
f 588//574 600//574 601//574 
f 442//574 602//574 603//574 
f 440//574 604//574 605//574 
f 526//574 525//574 577//574 
f 556//574 555//574 577//574 
f 562//574 561//574 577//574 
f 577//574 565//574 564//574 
f 578//574 575//574 574//574 
f 578//574 606//574 604//574 
f 578//574 607//574 608//574 
f 590//574 594//574 578//574 
f 597//574 586//574 578//574 
f 588//574 609//574 610//574 
f 588//574 611//574 598//574 
f 588//574 612//574 600//574 
f 588//574 613//574 614//574 
f 588//574 615//574 616//574 
f 588//574 617//574 618//574 
f 619//574 620//574 617//574 
f 619//574 621//574 622//574 
f 619//574 623//574 624//574 
f 619//574 625//574 626//574 
f 603//574 627//574 442//574 
f 442//574 628//574 629//574 
f 605//574 441//574 440//574 
f 630//574 458//574 457//574 
f 577//574 516//574 515//574 
f 577//574 521//574 520//574 
f 555//574 554//574 577//574 
f 577//574 559//574 558//574 
f 564//574 563//574 577//574 
f 574//574 573//574 578//574 
f 604//574 433//574 578//574 
f 595//574 607//574 578//574 
f 610//574 589//574 588//574 
f 601//574 611//574 588//574 
f 588//574 631//574 632//574 
f 588//574 633//574 634//574 
f 614//574 635//574 588//574 
f 588//574 636//574 637//574 
f 616//574 638//574 588//574 
f 618//574 639//574 588//574 
f 619//574 640//574 620//574 
f 622//574 641//574 619//574 
f 619//574 642//574 623//574 
f 619//574 643//574 644//574 
f 619//574 645//574 646//574 
f 619//574 647//574 648//574 
f 626//574 649//574 619//574 
f 619//574 490//574 489//574 
f 619//574 493//574 492//574 
f 619//574 499//574 498//574 
f 629//574 602//574 442//574 
f 440//574 439//574 604//574 
f 442//574 650//574 651//574 
f 441//574 605//574 650//574 
f 457//574 456//574 630//574 
f 515//574 514//574 577//574 
f 577//574 519//574 518//574 
f 522//574 521//574 577//574 
f 560//574 559//574 577//574 
f 578//574 566//574 565//574 
f 578//574 568//574 567//574 
f 573//574 572//574 578//574 
f 433//574 576//574 578//574 
f 578//574 652//574 653//574 
f 596//574 583//574 578//574 
f 588//574 654//574 655//574 
f 588//574 656//574 657//574 
f 599//574 658//574 588//574 
f 588//574 659//574 660//574 
f 588//574 661//574 662//574 
f 588//574 663//574 664//574 
f 588//574 665//574 666//574 
f 588//574 667//574 668//574 
f 588//574 669//574 670//574 
f 588//574 671//574 672//574 
f 634//574 631//574 588//574 
f 588//574 673//574 613//574 
f 638//574 636//574 588//574 
f 617//574 588//574 619//574 
f 641//574 674//574 619//574 
f 619//574 675//574 642//574 
f 646//574 643//574 619//574 
f 619//574 676//574 677//574 
f 619//574 678//574 679//574 
f 619//574 680//574 681//574 
f 619//574 682//574 683//574 
f 619//574 684//574 685//574 
f 619//574 686//574 647//574 
f 649//574 687//574 619//574 
f 619//574 688//574 689//574 
f 619//574 475//574 474//574 
f 619//574 480//574 479//574 
f 489//574 488//574 619//574 
f 492//574 491//574 619//574 
f 619//574 496//574 495//574 
f 498//574 497//574 619//574 
f 627//574 690//574 442//574 
f 442//574 691//574 692//574 
f 439//574 438//574 604//574 
f 650//574 442//574 441//574 
f 630//574 451//574 450//574 
f 630//574 453//574 452//574 
f 456//574 455//574 630//574 
f 630//574 463//574 462//574 
f 630//574 465//574 464//574 
f 514//574 513//574 577//574 
f 518//574 517//574 577//574 
f 558//574 557//574 577//574 
f 567//574 566//574 578//574 
f 572//574 571//574 578//574 
f 653//574 606//574 578//574 
f 655//574 609//574 588//574 
f 658//574 656//574 588//574 
f 662//574 659//574 588//574 
f 588//574 693//574 663//574 
f 588//574 694//574 665//574 
f 668//574 695//574 588//574 
f 670//574 696//574 588//574 
f 672//574 697//574 588//574 
f 635//574 633//574 588//574 
f 639//574 615//574 588//574 
f 619//574 698//574 699//574 
f 619//574 700//574 701//574 
f 674//574 702//574 619//574 
f 644//574 675//574 619//574 
f 679//574 676//574 619//574 
f 619//574 703//574 704//574 
f 683//574 680//574 619//574 
f 648//574 684//574 619//574 
f 619//574 705//574 706//574 
f 689//574 625//574 619//574 
f 474//574 630//574 619//574 
f 479//574 478//574 619//574 
f 619//574 482//574 481//574 
f 491//574 490//574 619//574 
f 497//574 496//574 619//574 
f 707//574 502//574 501//574 
f 442//574 708//574 709//574 
f 442//574 710//574 711//574 
f 692//574 628//574 442//574 
f 442//574 712//574 713//574 
f 604//574 437//574 436//574 
f 651//574 712//574 442//574 
f 630//574 447//574 446//574 
f 630//574 449//574 448//574 
f 452//574 451//574 630//574 
f 455//574 454//574 630//574 
f 464//574 463//574 630//574 
f 630//574 467//574 466//574 
f 630//574 473//574 472//574 
f 517//574 516//574 577//574 
f 565//574 577//574 578//574 
f 578//574 570//574 569//574 
f 576//574 575//574 578//574 
f 578//574 714//574 715//574 
f 657//574 654//574 588//574 
f 588//574 716//574 717//574 
f 664//574 661//574 588//574 
f 695//574 694//574 588//574 
f 697//574 669//574 588//574 
f 637//574 673//574 588//574 
f 701//574 698//574 619//574 
f 702//574 718//574 619//574 
f 619//574 719//574 720//574 
f 677//574 645//574 619//574 
f 619//574 721//574 722//574 
f 681//574 703//574 619//574 
f 685//574 723//574 619//574 
f 687//574 705//574 619//574 
f 630//574 724//574 619//574 
f 619//574 477//574 476//574 
f 481//574 480//574 619//574 
f 619//574 484//574 483//574 
f 488//574 487//574 619//574 
f 495//574 494//574 619//574 
f 619//574 501//574 500//574 
f 707//574 503//574 502//574 
f 711//574 708//574 442//574 
f 713//574 691//574 442//574 
f 604//574 435//574 434//574 
f 438//574 437//574 604//574 
f 630//574 444//574 443//574 
f 448//574 447//574 630//574 
f 454//574 453//574 630//574 
f 466//574 465//574 630//574 
f 630//574 469//574 468//574 
f 630//574 471//574 470//574 
f 630//574 474//574 473//574 
f 577//574 512//574 511//574 
f 520//574 519//574 577//574 
f 571//574 570//574 578//574 
f 578//574 725//574 714//574 
f 717//574 612//574 588//574 
f 666//574 693//574 588//574 
f 632//574 671//574 588//574 
f 718//574 700//574 619//574 
f 624//574 719//574 619//574 
f 704//574 721//574 619//574 
f 706//574 686//574 619//574 
f 476//574 475//574 619//574 
f 483//574 482//574 619//574 
f 619//574 486//574 485//574 
f 494//574 493//574 619//574 
f 501//574 619//574 707//574 
f 707//574 505//574 504//574 
f 690//574 710//574 442//574 
f 436//574 435//574 604//574 
f 630//574 445//574 444//574 
f 450//574 449//574 630//574 
f 630//574 460//574 459//574 
f 468//574 467//574 630//574 
f 472//574 471//574 630//574 
f 577//574 509//574 508//574 
f 511//574 510//574 577//574 
f 569//574 568//574 578//574 
f 608//574 725//574 578//574 
f 696//574 667//574 588//574 
f 720//574 621//574 619//574 
f 723//574 682//574 619//574 
f 478//574 477//574 619//574 
f 487//574 486//574 619//574 
f 504//574 503//574 707//574 
f 434//574 433//574 604//574 
f 446//574 445//574 630//574 
f 630//574 461//574 460//574 
f 470//574 469//574 630//574 
f 577//574 507//574 506//574 
f 510//574 509//574 577//574 
f 715//574 652//574 578//574 
f 699//574 640//574 619//574 
f 724//574 688//574 619//574 
f 500//574 499//574 619//574 
f 443//574 442//574 630//574 
f 462//574 461//574 630//574 
f 508//574 507//574 577//574 
f 660//574 716//574 588//574 
f 485//574 484//574 619//574 
f 459//574 458//574 630//574 
f 513//574 512//574 577//574 
f 709//574 630//574 442//574 
f 577//574 505//574 707//574 
f 722//574 678//574 619//574 
f 506//574 505//574 577//574 
f 707//574 726//574 577//574 
o mesh4
f 727//575 728//575 726//575 
f 726//575 707//575 727//575 
o mesh5
f 727//576 707//576 619//576 
f 619//576 729//576 727//576 
o mesh6
f 728//576 730//576 577//576 
f 577//576 726//576 728//576 
o mesh7
f 588//576 578//576 731//576 
f 731//576 732//576 588//576 
o mesh8
f 733//575 734//575 588//575 
f 729//575 619//575 588//575 
f 588//575 734//575 729//575 
f 588//575 732//575 733//575 
o mesh9
f 730//577 735//577 578//577 
f 736//577 731//577 578//577 
f 578//577 735//577 736//577 
f 578//577 577//577 730//577 
o mesh10
f 727//578 182//578 184//578 
f 727//578 174//578 176//578 
f 729//578 126//578 128//578 
f 729//578 122//578 124//578 
f 729//578 92//578 94//578 
f 737//578 16//578 18//578 
f 735//578 228//578 230//578 
f 735//578 224//578 226//578 
f 727//578 180//578 182//578 
f 727//578 172//578 174//578 
f 727//578 168//578 170//578 
f 124//578 126//578 729//578 
f 729//578 112//578 114//578 
f 729//578 106//578 108//578 
f 94//578 96//578 729//578 
f 729//578 88//578 90//578 
f 729//578 84//578 86//578 
f 729//578 56//578 58//578 
f 18//578 20//578 737//578 
f 10//578 737//578 738//578 
f 735//578 284//578 286//578 
f 230//578 232//578 735//578 
f 735//578 222//578 224//578 
f 735//578 218//578 220//578 
f 735//578 727//578 216//578 
f 727//578 204//578 206//578 
f 727//578 188//578 190//578 
f 727//578 178//578 180//578 
f 170//578 172//578 727//578 
f 128//578 130//578 729//578 
f 729//578 118//578 120//578 
f 114//578 116//578 729//578 
f 108//578 110//578 729//578 
f 90//578 92//578 729//578 
f 729//578 82//578 84//578 
f 729//578 70//578 72//578 
f 58//578 60//578 729//578 
f 739//578 34//578 36//578 
f 737//578 24//578 26//578 
f 20//578 22//578 737//578 
f 738//578 8//578 10//578 
f 735//578 740//578 741//578 
f 735//578 742//578 743//578 
f 735//578 744//578 745//578 
f 735//578 746//578 747//578 
f 286//578 748//578 735//578 
f 735//578 260//578 262//578 
f 735//578 240//578 242//578 
f 232//578 234//578 735//578 
f 220//578 222//578 735//578 
f 727//578 214//578 216//578 
f 727//578 210//578 212//578 
f 206//578 208//578 727//578 
f 727//578 200//578 202//578 
f 727//578 186//578 188//578 
f 176//578 178//578 727//578 
f 727//578 160//578 162//578 
f 727//578 142//578 144//578 
f 727//578 729//578 140//578 
f 120//578 122//578 729//578 
f 110//578 112//578 729//578 
f 729//578 102//578 104//578 
f 729//578 98//578 100//578 
f 86//578 88//578 729//578 
f 729//578 78//578 80//578 
f 729//578 68//578 70//578 
f 60//578 62//578 729//578 
f 729//578 50//578 52//578 
f 739//578 44//578 46//578 
f 739//578 38//578 40//578 
f 739//578 32//578 34//578 
f 8//578 749//578 750//578 
f 737//578 28//578 30//578 
f 22//578 24//578 737//578 
f 737//578 12//578 14//578 
f 738//578 751//578 8//578 
f 729//578 752//578 753//578 
f 735//578 754//578 755//578 
f 743//578 740//578 735//578 
f 747//578 744//578 735//578 
f 735//578 756//578 757//578 
f 748//578 758//578 735//578 
f 735//578 258//578 260//578 
f 735//578 252//578 254//578 
f 735//578 238//578 240//578 
f 234//578 236//578 735//578 
f 216//578 218//578 735//578 
f 208//578 210//578 727//578 
f 727//578 198//578 200//578 
f 184//578 186//578 727//578 
f 162//578 164//578 727//578 
f 727//578 156//578 158//578 
f 140//578 142//578 727//578 
f 729//578 136//578 138//578 
f 729//578 132//578 134//578 
f 116//578 118//578 729//578 
f 100//578 102//578 729//578 
f 80//578 82//578 729//578 
f 729//578 74//578 76//578 
f 729//578 66//578 68//578 
f 62//578 64//578 729//578 
f 52//578 54//578 729//578 
f 729//578 739//578 48//578 
f 739//578 42//578 44//578 
f 36//578 38//578 739//578 
f 8//578 751//578 749//578 
f 26//578 28//578 737//578 
f 10//578 12//578 737//578 
f 32//578 759//578 760//578 
f 32//578 739//578 761//578 
f 729//578 762//578 763//578 
f 729//578 764//578 765//578 
f 753//578 766//578 729//578 
f 729//578 767//578 768//578 
f 734//578 769//578 770//578 
f 741//578 754//578 735//578 
f 757//578 746//578 735//578 
f 735//578 771//578 772//578 
f 286//578 2//578 748//578 
f 262//578 264//578 735//578 
f 254//578 256//578 735//578 
f 735//578 248//578 250//578 
f 735//578 244//578 246//578 
f 236//578 238//578 735//578 
f 212//578 214//578 727//578 
f 727//578 196//578 198//578 
f 727//578 192//578 194//578 
f 727//578 166//578 168//578 
f 158//578 160//578 727//578 
f 727//578 148//578 150//578 
f 144//578 146//578 727//578 
f 134//578 136//578 729//578 
f 104//578 106//578 729//578 
f 76//578 78//578 729//578 
f 64//578 66//578 729//578 
f 48//578 50//578 729//578 
f 40//578 42//578 739//578 
f 750//578 773//578 8//578 
f 14//578 16//578 737//578 
f 760//578 774//578 32//578 
f 761//578 775//578 32//578 
f 763//578 776//578 729//578 
f 765//578 777//578 729//578 
f 768//578 752//578 729//578 
f 729//578 734//578 778//578 
f 770//578 779//578 734//578 
f 2//578 780//578 781//578 
f 2//578 782//578 783//578 
f 2//578 784//578 785//578 
f 745//578 742//578 735//578 
f 758//578 771//578 735//578 
f 735//578 274//578 276//578 
f 735//578 268//578 270//578 
f 256//578 258//578 735//578 
f 246//578 248//578 735//578 
f 226//578 228//578 735//578 
f 194//578 196//578 727//578 
f 164//578 166//578 727//578 
f 727//578 152//578 154//578 
f 146//578 148//578 727//578 
f 130//578 132//578 729//578 
f 72//578 74//578 729//578 
f 46//578 48//578 739//578 
f 30//578 32//578 737//578 
f 775//578 759//578 32//578 
f 776//578 786//578 729//578 
f 729//578 787//578 788//578 
f 729//578 789//578 790//578 
f 777//578 791//578 729//578 
f 729//578 792//578 793//578 
f 729//578 794//578 795//578 
f 766//578 796//578 729//578 
f 729//578 797//578 798//578 
f 729//578 799//578 800//578 
f 779//578 778//578 734//578 
f 734//578 801//578 802//578 
f 734//578 803//578 804//578 
f 781//578 805//578 2//578 
f 785//578 782//578 2//578 
f 2//578 806//578 807//578 
f 735//578 808//578 809//578 
f 772//578 756//578 735//578 
f 735//578 280//578 282//578 
f 276//578 278//578 735//578 
f 735//578 266//578 268//578 
f 250//578 252//578 735//578 
f 202//578 204//578 727//578 
f 154//578 156//578 727//578 
f 138//578 140//578 729//578 
f 54//578 56//578 729//578 
f 774//578 737//578 32//578 
f 810//578 2//578 1//578 
f 729//578 811//578 812//578 
f 786//578 813//578 729//578 
f 729//578 814//578 787//578 
f 791//578 789//578 729//578 
f 795//578 792//578 729//578 
f 798//578 767//578 729//578 
f 778//578 799//578 729//578 
f 804//578 801//578 734//578 
f 734//578 815//578 816//578 
f 734//578 817//578 818//578 
f 734//578 819//578 820//578 
f 805//578 821//578 2//578 
f 783//578 822//578 2//578 
f 807//578 823//578 2//578 
f 2//578 824//578 825//578 
f 2//578 826//578 827//578 
f 755//578 808//578 735//578 
f 278//578 280//578 735//578 
f 270//578 272//578 735//578 
f 242//578 244//578 735//578 
f 150//578 152//578 727//578 
f 773//578 810//578 8//578 
f 1//578 4//578 810//578 
f 813//578 811//578 729//578 
f 790//578 814//578 729//578 
f 796//578 794//578 729//578 
f 802//578 769//578 734//578 
f 734//578 828//578 829//578 
f 816//578 830//578 734//578 
f 734//578 831//578 832//578 
f 734//578 833//578 834//578 
f 820//578 817//578 734//578 
f 2//578 835//578 836//578 
f 822//578 780//578 2//578 
f 823//578 837//578 2//578 
f 2//578 838//578 824//578 
f 827//578 839//578 2//578 
f 282//578 284//578 735//578 
f 264//578 266//578 735//578 
f 96//578 98//578 729//578 
f 4//578 6//578 810//578 
f 788//578 762//578 729//578 
f 800//578 797//578 729//578 
f 830//578 828//578 734//578 
f 734//578 840//578 841//578 
f 834//578 831//578 734//578 
f 818//578 842//578 734//578 
f 734//578 843//578 844//578 
f 2//578 845//578 846//578 
f 2//578 847//578 848//578 
f 836//578 849//578 2//578 
f 837//578 784//578 2//578 
f 839//578 838//578 2//578 
f 734//578 850//578 851//578 
f 272//578 274//578 735//578 
f 6//578 8//578 810//578 
f 793//578 764//578 729//578 
f 841//578 815//578 734//578 
f 842//578 833//578 734//578 
f 844//578 852//578 734//578 
f 848//578 845//578 2//578 
f 2//578 853//578 835//578 
f 2//578 854//578 855//578 
f 825//578 806//578 2//578 
f 851//578 856//578 734//578 
f 2//578 810//578 857//578 
f 190//578 192//578 727//578 
f 829//578 803//578 734//578 
f 852//578 819//578 734//578 
f 849//578 847//578 2//578 
f 821//578 854//578 2//578 
f 2//578 858//578 859//578 
f 856//578 860//578 734//578 
f 735//578 861//578 850//578 
f 809//578 861//578 735//578 
f 832//578 840//578 734//578 
f 855//578 853//578 2//578 
f 859//578 862//578 2//578 
f 850//578 734//578 735//578 
f 812//578 739//578 729//578 
f 734//578 863//578 864//578 
f 734//578 865//578 866//578 
f 734//578 867//578 868//578 
f 734//578 869//578 870//578 
f 862//578 826//578 2//578 
f 857//578 858//578 2//578 
f 734//578 871//578 863//578 
f 734//578 872//578 873//578 
f 868//578 865//578 734//578 
f 870//578 874//578 734//578 
f 860//578 869//578 734//578 
f 734//578 875//578 871//578 
f 873//578 876//578 734//578 
f 734//578 877//578 878//578 
f 874//578 867//578 734//578 
f 864//578 843//578 734//578 
f 734//578 879//578 880//578 
f 878//578 872//578 734//578 
f 846//578 748//578 2//578 
f 876//578 879//578 734//578 
f 880//578 875//578 734//578 
f 730//578 728//578 727//578 
f 727//578 735//578 730//578 
f 866//578 877//578 734//578 
o mesh11
f 878//579 877//580 881//580 
f 872//581 878//579 882//582 
f 873//583 872//581 883//584 
f 876//585 873//583 884//586 
f 879//587 876//585 885//588 
f 880//589 879//587 886//590 
f 875//591 880//589 887//592 
f 871//593 875//591 888//594 
f 863//595 871//593 889//596 
f 864//597 863//595 890//598 
f 843//599 864//597 891//600 
f 844//601 843//599 892//602 
f 852//603 844//601 893//604 
f 819//605 852//603 894//606 
f 820//607 819//605 895//608 
f 817//609 820//607 896//610 
f 818//611 817//609 897//612 
f 842//613 818//611 898//614 
f 833//615 842//613 899//616 
f 834//617 833//615 900//618 
f 831//619 834//617 901//620 
f 832//621 831//619 902//622 
f 840//623 832//621 903//624 
f 841//625 840//623 904//626 
f 815//627 841//625 905//628 
f 816//629 815//627 906//630 
f 830//631 816//629 907//632 
f 828//633 830//631 908//634 
f 829//635 828//633 909//636 
f 803//637 829//635 910//638 
f 804//639 803//637 911//640 
f 801//641 804//639 912//642 
f 802//643 801//641 913//644 
f 769//645 802//643 914//646 
f 770//647 769//645 915//648 
f 779//649 770//647 916//650 
f 778//651 779//649 917//652 
f 799//653 778//651 918//654 
f 800//655 799//653 919//656 
f 797//657 800//655 920//658 
f 798//659 797//657 921//660 
f 767//661 798//659 922//662 
f 768//663 767//661 923//664 
f 752//665 768//663 924//666 
f 753//667 752//665 925//668 
f 766//669 753//667 926//670 
f 796//671 766//669 927//672 
f 794//673 796//671 928//674 
f 795//675 794//673 929//676 
f 792//677 795//675 930//678 
f 793//679 792//677 931//680 
f 764//681 793//679 932//682 
f 765//683 764//681 933//684 
f 777//685 765//683 934//686 
f 791//687 777//685 935//688 
f 789//689 791//687 936//690 
f 790//691 789//689 937//692 
f 814//693 790//691 938//694 
f 787//695 814//693 939//696 
f 788//697 787//695 940//698 
f 762//699 788//697 941//700 
f 763//701 762//699 942//702 
f 776//703 763//701 943//704 
f 786//705 776//703 944//706 
f 813//707 786//705 945//708 
f 811//709 813//707 946//710 
f 812//711 811//709 947//712 
f 739//713 812//711 948//714 
f 761//715 739//713 949//716 
f 775//717 761//715 950//718 
f 759//719 775//717 951//720 
f 760//721 759//719 952//722 
f 774//723 760//721 953//724 
f 737//725 774//723 954//726 
f 738//727 737//725 955//728 
f 751//729 738//727 956//730 
f 749//731 751//729 957//732 
f 750//733 749//731 958//734 
f 773//735 750//733 959//736 
f 810//737 773//735 960//738 
f 857//739 810//737 961//740 
f 858//741 857//739 962//742 
f 859//743 858//741 963//744 
f 862//745 859//743 964//746 
f 826//747 862//745 965//748 
f 827//749 826//747 966//750 
f 839//751 827//749 967//752 
f 838//753 839//751 968//754 
f 824//755 838//753 969//756 
f 825//757 824//755 970//758 
f 806//759 825//757 971//760 
f 807//761 806//759 972//762 
f 823//763 807//761 973//764 
f 837//765 823//763 974//766 
f 784//767 837//765 975//768 
f 785//769 784//767 976//770 
f 782//771 785//769 977//772 
f 783//773 782//771 978//774 
f 822//775 783//773 979//776 
f 780//777 822//775 980//778 
f 781//779 780//777 981//780 
f 805//781 781//779 982//782 
f 821//783 805//781 983//784 
f 854//785 821//783 984//786 
f 855//787 854//785 985//788 
f 853//789 855//787 986//790 
f 835//791 853//789 987//792 
f 836//793 835//791 988//794 
f 849//795 836//793 989//796 
f 847//797 849//795 990//798 
f 848//799 847//797 991//800 
f 845//801 848//799 992//802 
f 846//803 845//801 993//804 
f 748//805 846//803 994//806 
f 758//807 748//805 995//808 
f 771//809 758//807 996//810 
f 772//811 771//809 997//812 
f 756//813 772//811 998//814 
f 757//815 756//813 999//816 
f 746//817 757//815 1000//818 
f 747//819 746//817 1001//820 
f 744//821 747//819 1002//822 
f 745//823 744//821 1003//824 
f 742//825 745//823 1004//826 
f 743//827 742//825 1005//828 
f 740//829 743//827 1006//830 
f 741//831 740//829 1007//832 
f 754//833 741//831 1008//834 
f 755//835 754//833 1009//836 
f 808//837 755//835 1010//838 
f 809//839 808//837 1011//840 
f 861//841 809//839 1012//842 
f 850//843 861//841 1013//844 
f 851//845 850//843 1014//846 
f 856//847 851//845 1015//848 
f 860//849 856//847 1016//850 
f 869//851 860//849 1017//852 
f 870//853 869//851 1018//854 
f 874//855 870//853 1019//856 
f 867//857 874//855 1020//858 
f 868//859 867//857 1021//860 
f 865//861 868//859 1022//862 
f 866//863 865//861 1023//864 
f 877//580 866//863 1024//863 
f 1024//863 881//580 877//580 
f 1023//864 1024//863 866//863 
f 1022//862 1023//864 865//861 
f 1021//860 1022//862 868//859 
f 1020//858 1021//860 867//857 
f 1019//856 1020//858 874//855 
f 1018//854 1019//856 870//853 
f 1017//852 1018//854 869//851 
f 1016//850 1017//852 860//849 
f 1015//848 1016//850 856//847 
f 1014//846 1015//848 851//845 
f 1013//844 1014//846 850//843 
f 1012//842 1013//844 861//841 
f 1011//840 1012//842 809//839 
f 1010//838 1011//840 808//837 
f 1009//836 1010//838 755//835 
f 1008//834 1009//836 754//833 
f 1007//832 1008//834 741//831 
f 1006//830 1007//832 740//829 
f 1005//828 1006//830 743//827 
f 1004//826 1005//828 742//825 
f 1003//824 1004//826 745//823 
f 1002//822 1003//824 744//821 
f 1001//820 1002//822 747//819 
f 1000//818 1001//820 746//817 
f 999//816 1000//818 757//815 
f 998//814 999//816 756//813 
f 997//812 998//814 772//811 
f 996//810 997//812 771//809 
f 995//808 996//810 758//807 
f 994//806 995//808 748//805 
f 993//804 994//806 846//803 
f 992//802 993//804 845//801 
f 991//800 992//802 848//799 
f 990//798 991//800 847//797 
f 989//796 990//798 849//795 
f 988//794 989//796 836//793 
f 987//792 988//794 835//791 
f 986//790 987//792 853//789 
f 985//788 986//790 855//787 
f 984//786 985//788 854//785 
f 983//784 984//786 821//783 
f 982//782 983//784 805//781 
f 981//780 982//782 781//779 
f 980//778 981//780 780//777 
f 979//776 980//778 822//775 
f 978//774 979//776 783//773 
f 977//772 978//774 782//771 
f 976//770 977//772 785//769 
f 975//768 976//770 784//767 
f 974//766 975//768 837//765 
f 973//764 974//766 823//763 
f 972//762 973//764 807//761 
f 971//760 972//762 806//759 
f 970//758 971//760 825//757 
f 969//756 970//758 824//755 
f 968//754 969//756 838//753 
f 967//752 968//754 839//751 
f 966//750 967//752 827//749 
f 965//748 966//750 826//747 
f 964//746 965//748 862//745 
f 963//744 964//746 859//743 
f 962//742 963//744 858//741 
f 961//740 962//742 857//739 
f 960//738 961//740 810//737 
f 959//736 960//738 773//735 
f 958//734 959//736 750//733 
f 957//732 958//734 749//731 
f 956//730 957//732 751//729 
f 955//728 956//730 738//727 
f 954//726 955//728 737//725 
f 953//724 954//726 774//723 
f 952//722 953//724 760//721 
f 951//720 952//722 759//719 
f 950//718 951//720 775//717 
f 949//716 950//718 761//715 
f 948//714 949//716 739//713 
f 947//712 948//714 812//711 
f 946//710 947//712 811//709 
f 945//708 946//710 813//707 
f 944//706 945//708 786//705 
f 943//704 944//706 776//703 
f 942//702 943//704 763//701 
f 941//700 942//702 762//699 
f 940//698 941//700 788//697 
f 939//696 940//698 787//695 
f 938//694 939//696 814//693 
f 937//692 938//694 790//691 
f 936//690 937//692 789//689 
f 935//688 936//690 791//687 
f 934//686 935//688 777//685 
f 933//684 934//686 765//683 
f 932//682 933//684 764//681 
f 931//680 932//682 793//679 
f 930//678 931//680 792//677 
f 929//676 930//678 795//675 
f 928//674 929//676 794//673 
f 927//672 928//674 796//671 
f 926//670 927//672 766//669 
f 925//668 926//670 753//667 
f 924//666 925//668 752//665 
f 923//664 924//666 768//663 
f 922//662 923//664 767//661 
f 921//660 922//662 798//659 
f 920//658 921//660 797//657 
f 919//656 920//658 800//655 
f 918//654 919//656 799//653 
f 917//652 918//654 778//651 
f 916//650 917//652 779//649 
f 915//648 916//650 770//647 
f 914//646 915//648 769//645 
f 913//644 914//646 802//643 
f 912//642 913//644 801//641 
f 911//640 912//642 804//639 
f 910//638 911//640 803//637 
f 909//636 910//638 829//635 
f 908//634 909//636 828//633 
f 907//632 908//634 830//631 
f 906//630 907//632 816//629 
f 905//628 906//630 815//627 
f 904//626 905//628 841//625 
f 903//624 904//626 840//623 
f 902//622 903//624 832//621 
f 901//620 902//622 831//619 
f 900//618 901//620 834//617 
f 899//616 900//618 833//615 
f 898//614 899//616 842//613 
f 897//612 898//614 818//611 
f 896//610 897//612 817//609 
f 895//608 896//610 820//607 
f 894//606 895//608 819//605 
f 893//604 894//606 852//603 
f 892//602 893//604 844//601 
f 891//600 892//602 843//599 
f 890//598 891//600 864//597 
f 889//596 890//598 863//595 
f 888//594 889//596 871//593 
f 887//592 888//594 875//591 
f 886//590 887//592 880//589 
f 885//588 886//590 879//587 
f 884//586 885//588 876//585 
f 883//584 884//586 873//583 
f 882//582 883//584 872//581 
f 881//580 882//582 878//579 
o mesh12
f 973//865 972//865 1025//865 
f 972//865 971//865 1026//865 
f 1026//865 1025//865 972//865 
f 971//865 970//865 1027//865 
f 1027//865 1026//865 971//865 
f 969//865 1028//865 1027//865 
f 968//865 1029//865 1028//865 
f 968//865 967//865 1030//865 
f 965//865 1031//865 1032//865 
f 965//865 964//865 1033//865 
f 962//865 1034//865 1035//865 
f 962//865 961//865 1036//865 
f 958//865 1037//865 1038//865 
f 958//865 957//865 1039//865 
f 956//865 1040//865 1039//865 
f 956//865 955//865 1041//865 
f 948//865 1042//865 1043//865 
f 948//865 947//865 1044//865 
f 947//865 946//865 1045//865 
f 946//865 945//865 1046//865 
f 943//865 942//865 1047//865 
f 942//865 941//865 1048//865 
f 974//865 1049//865 1050//865 
f 974//865 973//865 1051//865 
f 1027//865 970//865 969//865 
f 1030//865 1029//865 968//865 
f 966//865 1032//865 1030//865 
f 1033//865 1031//865 965//865 
f 963//865 1035//865 1033//865 
f 1036//865 1034//865 962//865 
f 960//865 1052//865 1036//865 
f 960//865 959//865 1038//865 
f 1039//865 1037//865 958//865 
f 1041//865 1040//865 956//865 
f 950//865 1053//865 1054//865 
f 950//865 949//865 1043//865 
f 1044//865 1042//865 948//865 
f 1046//865 1045//865 946//865 
f 943//865 1055//865 1056//865 
f 1048//865 1047//865 942//865 
f 1013//865 1057//865 1058//865 
f 1012//865 1059//865 1057//865 
f 1011//865 1060//865 1059//865 
f 1011//865 1010//865 1061//865 
f 1006//865 1062//865 1063//865 
f 1005//865 1064//865 1062//865 
f 1051//865 1049//865 974//865 
f 1028//865 969//865 968//865 
f 1032//865 966//865 965//865 
f 1035//865 963//865 962//865 
f 1038//865 1052//865 960//865 
f 1039//865 957//865 956//865 
f 954//865 1065//865 1041//865 
f 954//865 953//865 1066//865 
f 1043//865 1053//865 950//865 
f 1045//865 1044//865 947//865 
f 944//865 1056//865 1046//865 
f 1047//865 1055//865 943//865 
f 938//865 1067//865 1068//865 
f 938//865 937//865 1069//865 
f 926//865 1070//865 1071//865 
f 926//865 925//865 1072//865 
f 923//865 1073//865 1074//865 
f 923//865 922//865 1075//865 
f 917//865 1076//865 1077//865 
f 917//865 916//865 1078//865 
f 1017//865 1079//865 1080//865 
f 1017//865 1016//865 1081//865 
f 1057//865 1013//865 1012//865 
f 1061//865 1060//865 1011//865 
f 1007//865 1063//865 1082//865 
f 1062//865 1006//865 1005//865 
f 1025//865 1051//865 973//865 
f 1033//865 964//865 963//865 
f 1038//865 959//865 958//865 
f 1066//865 1065//865 954//865 
f 952//865 1083//865 1066//865 
f 952//865 951//865 1054//865 
f 1043//865 949//865 948//865 
f 1056//865 944//865 943//865 
f 1069//865 1067//865 938//865 
f 937//865 936//865 1084//865 
f 928//865 1085//865 1086//865 
f 928//865 927//865 1071//865 
f 1072//865 1070//865 926//865 
f 925//865 924//865 1074//865 
f 1075//865 1073//865 923//865 
f 922//865 921//865 1087//865 
f 920//865 1088//865 1087//865 
f 920//865 919//865 1089//865 
f 1078//865 1076//865 917//865 
f 916//865 915//865 1090//865 
f 914//865 1091//865 1090//865 
f 914//865 913//865 1092//865 
f 912//865 1093//865 1092//865 
f 912//865 911//865 1094//865 
f 1020//865 1095//865 1096//865 
f 1020//865 1019//865 1097//865 
f 1081//865 1079//865 1017//865 
f 1016//865 1015//865 1098//865 
f 1059//865 1012//865 1011//865 
f 1010//865 1009//865 1099//865 
f 1009//865 1008//865 1082//865 
f 1063//865 1007//865 1006//865 
f 984//865 1100//865 1101//865 
f 984//865 983//865 1102//865 
f 980//865 1103//865 1104//865 
f 980//865 979//865 1105//865 
f 979//865 978//865 1106//865 
f 978//865 977//865 1107//865 
f 1030//865 967//865 966//865 
f 1041//865 955//865 954//865 
f 1054//865 1083//865 952//865 
f 1046//865 945//865 944//865 
f 1084//865 1069//865 937//865 
f 935//865 1108//865 1084//865 
f 934//865 1109//865 1108//865 
f 934//865 933//865 1110//865 
f 932//865 1111//865 1110//865 
f 932//865 931//865 1112//865 
f 930//865 1113//865 1112//865 
f 930//865 929//865 1086//865 
f 1071//865 1085//865 928//865 
f 1074//865 1072//865 925//865 
f 1087//865 1075//865 922//865 
f 1089//865 1088//865 920//865 
f 918//865 1077//865 1089//865 
f 1090//865 1078//865 916//865 
f 1092//865 1091//865 914//865 
f 1094//865 1093//865 912//865 
f 910//865 1114//865 1094//865 
f 909//865 1115//865 1114//865 
f 907//865 1116//865 1117//865 
f 907//865 906//865 1118//865 
f 888//865 1119//865 1120//865 
f 888//865 887//865 1121//865 
f 885//865 1122//865 1123//865 
f 885//865 884//865 1124//865 
f 1097//865 1095//865 1020//865 
f 1019//865 1018//865 1080//865 
f 1098//865 1081//865 1016//865 
f 1015//865 1014//865 1058//865 
f 1099//865 1061//865 1010//865 
f 1082//865 1008//865 1007//865 
f 1004//865 1125//865 1064//865 
f 1004//865 1003//865 1126//865 
f 986//865 1127//865 1128//865 
f 986//865 985//865 1101//865 
f 1102//865 1100//865 984//865 
f 983//865 982//865 1129//865 
f 1105//865 1103//865 980//865 
f 1107//865 1106//865 978//865 
f 1036//865 961//865 960//865 
f 1054//865 951//865 950//865 
f 940//865 1130//865 1048//865 
f 940//865 939//865 1068//865 
f 1084//865 936//865 935//865 
f 1110//865 1109//865 934//865 
f 1112//865 1111//865 932//865 
f 1086//865 1113//865 930//865 
f 1071//865 927//865 926//865 
f 1087//865 921//865 920//865 
f 1077//865 918//865 917//865 
f 1092//865 913//865 912//865 
f 1114//865 910//865 909//865 
f 909//865 908//865 1117//865 
f 1118//865 1116//865 907//865 
f 906//865 905//865 1131//865 
f 904//865 1132//865 1131//865 
f 903//865 1133//865 1132//865 
f 901//865 900//865 1134//865 
f 900//865 899//865 1135//865 
f 897//865 1136//865 1137//865 
f 897//865 896//865 1138//865 
f 895//865 1139//865 1138//865 
f 894//865 1140//865 1139//865 
f 893//865 1141//865 1140//865 
f 893//865 892//865 1142//865 
f 889//865 1120//865 1143//865 
f 1121//865 1119//865 888//865 
f 886//865 1123//865 1121//865 
f 1124//865 1122//865 885//865 
f 1022//865 1144//865 1145//865 
f 1022//865 1021//865 1096//865 
f 1080//865 1097//865 1019//865 
f 1058//865 1098//865 1015//865 
f 1082//865 1099//865 1009//865 
f 1126//865 1125//865 1004//865 
f 1002//865 1146//865 1126//865 
f 1002//865 1001//865 1147//865 
f 994//865 1148//865 1149//865 
f 994//865 993//865 1150//865 
f 1101//865 1127//865 986//865 
f 1129//865 1102//865 983//865 
f 981//865 1104//865 1129//865 
f 1106//865 1105//865 979//865 
f 1066//865 953//865 952//865 
f 1068//865 1130//865 940//865 
f 1108//865 935//865 934//865 
f 1112//865 931//865 930//865 
f 1074//865 924//865 923//865 
f 1090//865 915//865 914//865 
f 1117//865 1115//865 909//865 
f 1131//865 1118//865 906//865 
f 1132//865 904//865 903//865 
f 903//865 902//865 1151//865 
f 901//865 1152//865 1151//865 
f 1135//865 1134//865 900//865 
f 898//865 1137//865 1135//865 
f 1138//865 1136//865 897//865 
f 1139//865 895//865 894//865 
f 1142//865 1141//865 893//865 
f 1120//865 889//865 888//865 
f 1123//865 886//865 885//865 
f 1096//865 1144//865 1022//865 
f 1080//865 1018//865 1017//865 
f 1064//865 1005//865 1004//865 
f 1147//865 1146//865 1002//865 
f 995//865 1149//865 1153//865 
f 1150//865 1148//865 994//865 
f 992//865 1154//865 1150//865 
f 992//865 991//865 1155//865 
f 988//865 1156//865 1157//865 
f 988//865 987//865 1128//865 
f 1101//865 985//865 984//865 
f 1104//865 981//865 980//865 
f 1048//865 941//865 940//865 
f 1110//865 933//865 932//865 
f 1089//865 919//865 918//865 
f 1117//865 908//865 907//865 
f 1151//865 1133//865 903//865 
f 1134//865 1152//865 901//865 
f 1137//865 898//865 897//865 
f 1140//865 894//865 893//865 
f 1121//865 887//865 886//865 
f 884//865 883//865 1158//865 
f 882//865 1159//865 1158//865 
f 882//865 881//865 1160//865 
f 1024//865 1161//865 1160//865 
f 1024//865 1023//865 1145//865 
f 1096//865 1021//865 1020//865 
f 1126//865 1003//865 1002//865 
f 999//865 1162//865 1163//865 
f 999//865 998//865 1164//865 
f 997//865 1165//865 1164//865 
f 997//865 996//865 1153//865 
f 1149//865 995//865 994//865 
f 1155//865 1154//865 992//865 
f 990//865 1166//865 1155//865 
f 990//865 989//865 1157//865 
f 1128//865 1156//865 988//865 
f 1129//865 982//865 981//865 
f 1068//865 939//865 938//865 
f 1094//865 911//865 910//865 
f 1151//865 902//865 901//865 
f 1138//865 896//865 895//865 
f 891//865 1167//865 1142//865 
f 891//865 890//865 1143//865 
f 1158//865 1124//865 884//865 
f 1160//865 1159//865 882//865 
f 1145//865 1161//865 1024//865 
f 1058//865 1014//865 1013//865 
f 1000//865 1163//865 1147//865 
f 1164//865 1162//865 999//865 
f 1153//865 1165//865 997//865 
f 1150//865 993//865 992//865 
f 1157//865 1166//865 990//865 
f 1128//865 987//865 986//865 
f 1086//865 929//865 928//865 
f 1135//865 899//865 898//865 
f 1143//865 1167//865 891//865 
f 1158//865 883//865 882//865 
f 1145//865 1023//865 1022//865 
f 1163//865 1000//865 999//865 
f 1153//865 996//865 995//865 
f 1157//865 989//865 988//865 
f 976//865 1168//865 1107//865 
f 976//865 975//865 1050//865 
f 1131//865 905//865 904//865 
f 1143//865 890//865 889//865 
f 1147//865 1001//865 1000//865 
f 1155//865 991//865 990//865 
f 1050//865 1168//865 976//865 
f 1142//865 892//865 891//865 
f 1164//865 998//865 997//865 
f 1050//865 975//865 974//865 
f 1107//865 977//865 976//865 
f 1160//865 881//865 1024//865 
o mesh13
f 1159//866 1160//867 654//867 
f 1158//868 1159//866 657//869 
f 1124//870 1158//868 656//871 
f 1122//872 1124//870 658//873 
f 1123//874 1122//872 599//875 
f 1121//876 1123//874 598//877 
f 1119//878 1121//876 611//879 
f 1120//880 1119//878 601//881 
f 1143//882 1120//880 600//883 
f 1167//884 1143//882 612//885 
f 1142//886 1167//884 717//887 
f 1141//888 1142//886 716//889 
f 1140//890 1141//888 660//891 
f 1139//892 1140//890 659//893 
f 1138//894 1139//892 662//895 
f 1136//896 1138//894 661//897 
f 1137//898 1136//896 664//899 
f 1135//900 1137//898 663//901 
f 1134//902 1135//900 693//903 
f 1152//904 1134//902 666//905 
f 1151//906 1152//904 665//907 
f 1133//908 1151//906 694//909 
f 1132//910 1133//908 695//911 
f 1131//912 1132//910 668//913 
f 1118//914 1131//912 667//915 
f 1116//916 1118//914 696//917 
f 1117//918 1116//916 670//919 
f 1115//920 1117//918 669//921 
f 1114//922 1115//920 697//923 
f 1094//924 1114//922 672//925 
f 1093//926 1094//924 671//927 
f 1092//928 1093//926 632//929 
f 1091//930 1092//928 631//931 
f 1090//932 1091//930 634//933 
f 1078//934 1090//932 633//935 
f 1076//936 1078//934 635//937 
f 1077//938 1076//936 614//939 
f 1089//940 1077//938 613//941 
f 1088//942 1089//940 673//943 
f 1087//944 1088//942 637//945 
f 1075//946 1087//944 636//947 
f 1073//948 1075//946 638//949 
f 1074//950 1073//948 616//951 
f 1072//952 1074//950 615//953 
f 1070//954 1072//952 639//955 
f 1071//956 1070//954 618//957 
f 1085//958 1071//956 617//959 
f 1086//960 1085//958 620//961 
f 1113//962 1086//960 640//963 
f 1112//964 1113//962 699//965 
f 1111//966 1112//964 698//967 
f 1110//968 1111//966 701//969 
f 1109//970 1110//968 700//971 
f 1108//972 1109//970 718//973 
f 1084//974 1108//972 702//975 
f 1069//976 1084//974 674//977 
f 1067//978 1069//976 641//979 
f 1068//980 1067//978 622//981 
f 1130//982 1068//980 621//983 
f 1048//984 1130//982 720//985 
f 1047//986 1048//984 719//987 
f 1055//988 1047//986 624//989 
f 1056//990 1055//988 623//991 
f 1046//992 1056//990 642//993 
f 1045//994 1046//992 675//995 
f 1044//996 1045//994 644//997 
f 1042//998 1044//996 643//999 
f 1043//1000 1042//998 646//1001 
f 1053//1002 1043//1000 645//1003 
f 1054//1004 1053//1002 677//1005 
f 1083//1006 1054//1004 676//1007 
f 1066//1008 1083//1006 679//1009 
f 1065//1010 1066//1008 678//1011 
f 1041//1012 1065//1010 722//1013 
f 1040//1014 1041//1012 721//1015 
f 1039//1016 1040//1014 704//1017 
f 1037//1018 1039//1016 703//1019 
f 1038//1020 1037//1018 681//1021 
f 1052//1022 1038//1020 680//1023 
f 1036//1024 1052//1022 683//1025 
f 1034//1026 1036//1024 682//1027 
f 1035//1028 1034//1026 723//1029 
f 1033//1030 1035//1028 685//1031 
f 1031//1032 1033//1030 684//1033 
f 1032//1034 1031//1032 648//1035 
f 1030//1036 1032//1034 647//1037 
f 1029//1038 1030//1036 686//1039 
f 1028//1040 1029//1038 706//1041 
f 1027//1042 1028//1040 705//1043 
f 1026//1044 1027//1042 687//1045 
f 1025//1046 1026//1044 649//1047 
f 1051//1048 1025//1046 626//1049 
f 1049//1050 1051//1048 625//1051 
f 1050//1052 1049//1050 689//1053 
f 1168//1054 1050//1052 688//1055 
f 1107//1056 1168//1054 724//1057 
f 1106//1058 1107//1056 630//1059 
f 1105//1060 1106//1058 709//1061 
f 1103//1062 1105//1060 708//1063 
f 1104//1064 1103//1062 711//1065 
f 1129//1066 1104//1064 710//1067 
f 1102//1068 1129//1066 690//1069 
f 1100//1070 1102//1068 627//1071 
f 1101//1072 1100//1070 603//1073 
f 1127//1074 1101//1072 602//1075 
f 1128//1076 1127//1074 629//1077 
f 1156//1078 1128//1076 628//1079 
f 1157//1080 1156//1078 692//1081 
f 1166//1082 1157//1080 691//1083 
f 1155//1084 1166//1082 713//1085 
f 1154//1086 1155//1084 712//1087 
f 1150//1088 1154//1086 651//1089 
f 1148//1090 1150//1088 650//1091 
f 1149//1092 1148//1090 605//1093 
f 1153//1094 1149//1092 604//1095 
f 1165//1096 1153//1094 606//1097 
f 1164//1098 1165//1096 653//1099 
f 1162//1100 1164//1098 652//1101 
f 1163//1102 1162//1100 715//1103 
f 1147//1104 1163//1102 714//1105 
f 1146//1106 1147//1104 725//1107 
f 1126//1108 1146//1106 608//1109 
f 1125//1110 1126//1108 607//1111 
f 1064//1112 1125//1110 595//1113 
f 1062//1114 1064//1112 594//1115 
f 1063//1116 1062//1114 590//1117 
f 1082//1118 1063//1116 580//1119 
f 1099//1120 1082//1118 579//1121 
f 1061//1122 1099//1120 585//1123 
f 1060//1124 1061//1122 591//1125 
f 1059//1126 1060//1124 582//1127 
f 1057//1128 1059//1126 581//1129 
f 1058//1130 1057//1128 584//1131 
f 1098//1132 1058//1130 583//1133 
f 1081//1134 1098//1132 596//1135 
f 1079//1136 1081//1134 592//1137 
f 1080//1138 1079//1136 587//1139 
f 1097//1140 1080//1138 586//1141 
f 1095//1142 1097//1140 597//1143 
f 1096//1144 1095//1142 593//1145 
f 1144//1146 1096//1144 589//1147 
f 1145//1148 1144//1146 610//1149 
f 1161//1150 1145//1148 609//1151 
f 1160//867 1161//1150 655//1150 
f 655//1150 654//867 1160//867 
f 609//1151 655//1150 1161//1150 
f 610//1149 609//1151 1145//1148 
f 589//1147 610//1149 1144//1146 
f 593//1145 589//1147 1096//1144 
f 597//1143 593//1145 1095//1142 
f 586//1141 597//1143 1097//1140 
f 587//1139 586//1141 1080//1138 
f 592//1137 587//1139 1079//1136 
f 596//1135 592//1137 1081//1134 
f 583//1133 596//1135 1098//1132 
f 584//1131 583//1133 1058//1130 
f 581//1129 584//1131 1057//1128 
f 582//1127 581//1129 1059//1126 
f 591//1125 582//1127 1060//1124 
f 585//1123 591//1125 1061//1122 
f 579//1121 585//1123 1099//1120 
f 580//1119 579//1121 1082//1118 
f 590//1117 580//1119 1063//1116 
f 594//1115 590//1117 1062//1114 
f 595//1113 594//1115 1064//1112 
f 607//1111 595//1113 1125//1110 
f 608//1109 607//1111 1126//1108 
f 725//1107 608//1109 1146//1106 
f 714//1105 725//1107 1147//1104 
f 715//1103 714//1105 1163//1102 
f 652//1101 715//1103 1162//1100 
f 653//1099 652//1101 1164//1098 
f 606//1097 653//1099 1165//1096 
f 604//1095 606//1097 1153//1094 
f 605//1093 604//1095 1149//1092 
f 650//1091 605//1093 1148//1090 
f 651//1089 650//1091 1150//1088 
f 712//1087 651//1089 1154//1086 
f 713//1085 712//1087 1155//1084 
f 691//1083 713//1085 1166//1082 
f 692//1081 691//1083 1157//1080 
f 628//1079 692//1081 1156//1078 
f 629//1077 628//1079 1128//1076 
f 602//1075 629//1077 1127//1074 
f 603//1073 602//1075 1101//1072 
f 627//1071 603//1073 1100//1070 
f 690//1069 627//1071 1102//1068 
f 710//1067 690//1069 1129//1066 
f 711//1065 710//1067 1104//1064 
f 708//1063 711//1065 1103//1062 
f 709//1061 708//1063 1105//1060 
f 630//1059 709//1061 1106//1058 
f 724//1057 630//1059 1107//1056 
f 688//1055 724//1057 1168//1054 
f 689//1053 688//1055 1050//1052 
f 625//1051 689//1053 1049//1050 
f 626//1049 625//1051 1051//1048 
f 649//1047 626//1049 1025//1046 
f 687//1045 649//1047 1026//1044 
f 705//1043 687//1045 1027//1042 
f 706//1041 705//1043 1028//1040 
f 686//1039 706//1041 1029//1038 
f 647//1037 686//1039 1030//1036 
f 648//1035 647//1037 1032//1034 
f 684//1033 648//1035 1031//1032 
f 685//1031 684//1033 1033//1030 
f 723//1029 685//1031 1035//1028 
f 682//1027 723//1029 1034//1026 
f 683//1025 682//1027 1036//1024 
f 680//1023 683//1025 1052//1022 
f 681//1021 680//1023 1038//1020 
f 703//1019 681//1021 1037//1018 
f 704//1017 703//1019 1039//1016 
f 721//1015 704//1017 1040//1014 
f 722//1013 721//1015 1041//1012 
f 678//1011 722//1013 1065//1010 
f 679//1009 678//1011 1066//1008 
f 676//1007 679//1009 1083//1006 
f 677//1005 676//1007 1054//1004 
f 645//1003 677//1005 1053//1002 
f 646//1001 645//1003 1043//1000 
f 643//999 646//1001 1042//998 
f 644//997 643//999 1044//996 
f 675//995 644//997 1045//994 
f 642//993 675//995 1046//992 
f 623//991 642//993 1056//990 
f 624//989 623//991 1055//988 
f 719//987 624//989 1047//986 
f 720//985 719//987 1048//984 
f 621//983 720//985 1130//982 
f 622//981 621//983 1068//980 
f 641//979 622//981 1067//978 
f 674//977 641//979 1069//976 
f 702//975 674//977 1084//974 
f 718//973 702//975 1108//972 
f 700//971 718//973 1109//970 
f 701//969 700//971 1110//968 
f 698//967 701//969 1111//966 
f 699//965 698//967 1112//964 
f 640//963 699//965 1113//962 
f 620//961 640//963 1086//960 
f 617//959 620//961 1085//958 
f 618//957 617//959 1071//956 
f 639//955 618//957 1070//954 
f 615//953 639//955 1072//952 
f 616//951 615//953 1074//950 
f 638//949 616//951 1073//948 
f 636//947 638//949 1075//946 
f 637//945 636//947 1087//944 
f 673//943 637//945 1088//942 
f 613//941 673//943 1089//940 
f 614//939 613//941 1077//938 
f 635//937 614//939 1076//936 
f 633//935 635//937 1078//934 
f 634//933 633//935 1090//932 
f 631//931 634//933 1091//930 
f 632//929 631//931 1092//928 
f 671//927 632//929 1093//926 
f 672//925 671//927 1094//924 
f 697//923 672//925 1114//922 
f 669//921 697//923 1115//920 
f 670//919 669//921 1117//918 
f 696//917 670//919 1116//916 
f 667//915 696//917 1118//914 
f 668//913 667//915 1131//912 
f 695//911 668//913 1132//910 
f 694//909 695//911 1133//908 
f 665//907 694//909 1151//906 
f 666//905 665//907 1152//904 
f 693//903 666//905 1134//902 
f 663//901 693//903 1135//900 
f 664//899 663//901 1137//898 
f 661//897 664//899 1136//896 
f 662//895 661//897 1138//894 
f 659//893 662//895 1139//892 
f 660//891 659//893 1140//890 
f 716//889 660//891 1141//888 
f 717//887 716//889 1142//886 
f 612//885 717//887 1167//884 
f 600//883 612//885 1143//882 
f 601//881 600//883 1120//880 
f 611//879 601//881 1119//878 
f 598//877 611//879 1121//876 
f 599//875 598//877 1123//874 
f 658//873 599//875 1122//872 
f 656//871 658//873 1124//870 
f 657//869 656//871 1158//868 
f 654//867 657//869 1159//866 
o mesh14
f 735//1152 1169//1152 1170//1152 
f 1171//1152 1170//1152 1169//1152 
f 1169//1152 1172//1152 1171//1152 
f 734//1152 733//1152 1169//1152 
f 1169//1152 735//1152 734//1152 
f 1170//1152 736//1152 735//1152 
o mesh15
f 733//1153 732//1153 1173//1153 
f 731//1153 1174//1153 1173//1153 
f 1173//1153 732//1153 731//1153 
f 736//1153 1170//1153 1174//1153 
f 1174//1153 731//1153 736//1153 
f 1173//1153 1169//1153 733//1153 
o mesh16
f 1175//1154 1174//1154 1170//1154 
f 1170//1154 1171//1154 1175//1154 
o mesh17
f 1172//1155 1169//1155 1173//1155 
f 1173//1155 1176//1155 1172//1155 
o mesh18
f 1176//1156 1173//1156 1174//1156 
f 1174//1156 1175//1156 1176//1156 
o mesh19
f 1176//1157 1175//1157 1171//1157 
f 1171//1157 1172//1157 1176//1157 
g Part 4
v 0.0163826 -0.06604 0.0301018 
v 0.01651 -0.06604 0.030099 
v 0.01651 -0.064135 0.030099 
v 0.0162554 -0.06604 0.0301101 
v 0.0163826 -0.064135 0.0301018 
v 0.0161287 -0.06604 0.030124 
v 0.0162554 -0.064135 0.0301101 
v 0.0160028 -0.06604 0.0301434 
v 0.0161287 -0.064135 0.030124 
v 0.0158778 -0.06604 0.0301682 
v 0.0160028 -0.064135 0.0301434 
v 0.015754 -0.06604 0.0301985 
v 0.0158778 -0.064135 0.0301682 
v 0.0156316 -0.06604 0.0302342 
v 0.015754 -0.064135 0.0301985 
v 0.015511 -0.06604 0.0302752 
v 0.0156316 -0.064135 0.0302342 
v 0.0153922 -0.06604 0.0303213 
v 0.015511 -0.064135 0.0302752 
v 0.0152755 -0.06604 0.0303727 
v 0.0153922 -0.064135 0.0303213 
v 0.0151612 -0.06604 0.030429 
v 0.0152755 -0.064135 0.0303727 
v 0.0150495 -0.06604 0.0304903 
v 0.0151612 -0.064135 0.030429 
v 0.0149405 -0.06604 0.0305565 
v 0.0150495 -0.064135 0.0304903 
v 0.0148346 -0.06604 0.0306273 
v 0.0149405 -0.064135 0.0305565 
v 0.0147318 -0.06604 0.0307026 
v 0.0148346 -0.064135 0.0306273 
v 0.0146324 -0.06604 0.0307824 
v 0.0147318 -0.064135 0.0307026 
v 0.0145366 -0.06604 0.0308664 
v 0.0146324 -0.064135 0.0307824 
v 0.0144445 -0.06604 0.0309545 
v 0.0145366 -0.064135 0.0308664 
v 0.0143564 -0.06604 0.0310466 
v 0.0144445 -0.064135 0.0309545 
v 0.0142724 -0.06604 0.0311424 
v 0.0143564 -0.064135 0.0310466 
v 0.0141926 -0.06604 0.0312418 
v 0.0142724 -0.064135 0.0311424 
v 0.0141173 -0.06604 0.0313446 
v 0.0141926 -0.064135 0.0312418 
v 0.0140465 -0.06604 0.0314505 
v 0.0141173 -0.064135 0.0313446 
v 0.0139803 -0.06604 0.0315595 
v 0.0140465 -0.064135 0.0314505 
v 0.013919 -0.06604 0.0316712 
v 0.0139803 -0.064135 0.0315595 
v 0.0138627 -0.06604 0.0317855 
v 0.013919 -0.064135 0.0316712 
v 0.0138113 -0.06604 0.0319022 
v 0.0138627 -0.064135 0.0317855 
v 0.0137652 -0.06604 0.032021 
v 0.0138113 -0.064135 0.0319022 
v 0.0137242 -0.06604 0.0321416 
v 0.0137652 -0.064135 0.032021 
v 0.0136885 -0.06604 0.032264 
v 0.0137242 -0.064135 0.0321416 
v 0.0136582 -0.06604 0.0323878 
v 0.0136885 -0.064135 0.032264 
v 0.0136334 -0.06604 0.0325128 
v 0.0136582 -0.064135 0.0323878 
v 0.013614 -0.06604 0.0326387 
v 0.0136334 -0.064135 0.0325128 
v 0.0136001 -0.06604 0.0327654 
v 0.013614 -0.064135 0.0326387 
v 0.0135918 -0.06604 0.0328926 
v 0.0136001 -0.064135 0.0327654 
v 0.013589 -0.06604 0.03302 
v 0.0135918 -0.064135 0.0328926 
v 0.0135918 -0.06604 0.0331474 
v 0.013589 -0.064135 0.03302 
v 0.0136001 -0.06604 0.0332746 
v 0.0135918 -0.064135 0.0331474 
v 0.013614 -0.06604 0.0334013 
v 0.0136001 -0.064135 0.0332746 
v 0.0136334 -0.06604 0.0335272 
v 0.013614 -0.064135 0.0334013 
v 0.0136582 -0.06604 0.0336522 
v 0.0136334 -0.064135 0.0335272 
v 0.0136885 -0.06604 0.033776 
v 0.0136582 -0.064135 0.0336522 
v 0.0137242 -0.06604 0.0338984 
v 0.0136885 -0.064135 0.033776 
v 0.0137652 -0.06604 0.034019 
v 0.0137242 -0.064135 0.0338984 
v 0.0138113 -0.06604 0.0341378 
v 0.0137652 -0.064135 0.034019 
v 0.0138627 -0.06604 0.0342545 
v 0.0138113 -0.064135 0.0341378 
v 0.013919 -0.06604 0.0343688 
v 0.0138627 -0.064135 0.0342545 
v 0.0139803 -0.06604 0.0344805 
v 0.013919 -0.064135 0.0343688 
v 0.0140465 -0.06604 0.0345895 
v 0.0139803 -0.064135 0.0344805 
v 0.0141173 -0.06604 0.0346954 
v 0.0140465 -0.064135 0.0345895 
v 0.0141926 -0.06604 0.0347982 
v 0.0141173 -0.064135 0.0346954 
v 0.0142724 -0.06604 0.0348976 
v 0.0141926 -0.064135 0.0347982 
v 0.0143564 -0.06604 0.0349934 
v 0.0142724 -0.064135 0.0348976 
v 0.0144445 -0.06604 0.0350855 
v 0.0143564 -0.064135 0.0349934 
v 0.0145366 -0.06604 0.0351736 
v 0.0144445 -0.064135 0.0350855 
v 0.0146324 -0.06604 0.0352576 
v 0.0145366 -0.064135 0.0351736 
v 0.0147318 -0.06604 0.0353374 
v 0.0146324 -0.064135 0.0352576 
v 0.0148346 -0.06604 0.0354127 
v 0.0147318 -0.064135 0.0353374 
v 0.0149405 -0.06604 0.0354835 
v 0.0148346 -0.064135 0.0354127 
v 0.0150495 -0.06604 0.0355497 
v 0.0149405 -0.064135 0.0354835 
v 0.0151612 -0.06604 0.035611 
v 0.0150495 -0.064135 0.0355497 
v 0.0152755 -0.06604 0.0356673 
v 0.0151612 -0.064135 0.035611 
v 0.0153922 -0.06604 0.0357187 
v 0.0152755 -0.064135 0.0356673 
v 0.015511 -0.06604 0.0357648 
v 0.0153922 -0.064135 0.0357187 
v 0.0156316 -0.06604 0.0358058 
v 0.015511 -0.064135 0.0357648 
v 0.015754 -0.06604 0.0358415 
v 0.0156316 -0.064135 0.0358058 
v 0.0158778 -0.06604 0.0358718 
v 0.015754 -0.064135 0.0358415 
v 0.0160028 -0.06604 0.0358966 
v 0.0158778 -0.064135 0.0358718 
v 0.0161287 -0.06604 0.035916 
v 0.0160028 -0.064135 0.0358966 
v 0.0162554 -0.06604 0.0359299 
v 0.0161287 -0.064135 0.035916 
v 0.0163826 -0.06604 0.0359382 
v 0.0162554 -0.064135 0.0359299 
v 0.01651 -0.06604 0.035941 
v 0.0163826 -0.064135 0.0359382 
v 0.0166374 -0.06604 0.0359382 
v 0.01651 -0.064135 0.035941 
v 0.0167646 -0.06604 0.0359299 
v 0.0166374 -0.064135 0.0359382 
v 0.0168913 -0.06604 0.035916 
v 0.0167646 -0.064135 0.0359299 
v 0.0170172 -0.06604 0.0358966 
v 0.0168913 -0.064135 0.035916 
v 0.0171422 -0.06604 0.0358718 
v 0.0170172 -0.064135 0.0358966 
v 0.017266 -0.06604 0.0358415 
v 0.0171422 -0.064135 0.0358718 
v 0.0173884 -0.06604 0.0358058 
v 0.017266 -0.064135 0.0358415 
v 0.017509 -0.06604 0.0357648 
v 0.0173884 -0.064135 0.0358058 
v 0.0176278 -0.06604 0.0357187 
v 0.017509 -0.064135 0.0357648 
v 0.0177445 -0.06604 0.0356673 
v 0.0176278 -0.064135 0.0357187 
v 0.0178588 -0.06604 0.035611 
v 0.0177445 -0.064135 0.0356673 
v 0.0179705 -0.06604 0.0355497 
v 0.0178588 -0.064135 0.035611 
v 0.0180795 -0.06604 0.0354835 
v 0.0179705 -0.064135 0.0355497 
v 0.0181854 -0.06604 0.0354127 
v 0.0180795 -0.064135 0.0354835 
v 0.0182882 -0.06604 0.0353374 
v 0.0181854 -0.064135 0.0354127 
v 0.0183876 -0.06604 0.0352576 
v 0.0182882 -0.064135 0.0353374 
v 0.0184834 -0.06604 0.0351736 
v 0.0183876 -0.064135 0.0352576 
v 0.0185755 -0.06604 0.0350855 
v 0.0184834 -0.064135 0.0351736 
v 0.0186636 -0.06604 0.0349934 
v 0.0185755 -0.064135 0.0350855 
v 0.0187476 -0.06604 0.0348976 
v 0.0186636 -0.064135 0.0349934 
v 0.0188274 -0.06604 0.0347982 
v 0.0187476 -0.064135 0.0348976 
v 0.0189027 -0.06604 0.0346954 
v 0.0188274 -0.064135 0.0347982 
v 0.0189735 -0.06604 0.0345895 
v 0.0189027 -0.064135 0.0346954 
v 0.0190397 -0.06604 0.0344805 
v 0.0189735 -0.064135 0.0345895 
v 0.019101 -0.06604 0.0343688 
v 0.0190397 -0.064135 0.0344805 
v 0.0191573 -0.06604 0.0342545 
v 0.019101 -0.064135 0.0343688 
v 0.0192087 -0.06604 0.0341378 
v 0.0191573 -0.064135 0.0342545 
v 0.0192548 -0.06604 0.034019 
v 0.0192087 -0.064135 0.0341378 
v 0.0192958 -0.06604 0.0338984 
v 0.0192548 -0.064135 0.034019 
v 0.0193315 -0.06604 0.033776 
v 0.0192958 -0.064135 0.0338984 
v 0.0193618 -0.06604 0.0336522 
v 0.0193315 -0.064135 0.033776 
v 0.0193866 -0.06604 0.0335272 
v 0.0193618 -0.064135 0.0336522 
v 0.019406 -0.06604 0.0334013 
v 0.0193866 -0.064135 0.0335272 
v 0.0194199 -0.06604 0.0332746 
v 0.019406 -0.064135 0.0334013 
v 0.0194282 -0.06604 0.0331474 
v 0.0194199 -0.064135 0.0332746 
v 0.019431 -0.06604 0.03302 
v 0.0194282 -0.064135 0.0331474 
v 0.0194282 -0.06604 0.0328926 
v 0.019431 -0.064135 0.03302 
v 0.0194199 -0.06604 0.0327654 
v 0.0194282 -0.064135 0.0328926 
v 0.019406 -0.06604 0.0326387 
v 0.0194199 -0.064135 0.0327654 
v 0.0193866 -0.06604 0.0325128 
v 0.019406 -0.064135 0.0326387 
v 0.0193618 -0.06604 0.0323878 
v 0.0193866 -0.064135 0.0325128 
v 0.0193315 -0.06604 0.032264 
v 0.0193618 -0.064135 0.0323878 
v 0.0192958 -0.06604 0.0321416 
v 0.0193315 -0.064135 0.032264 
v 0.0192548 -0.06604 0.032021 
v 0.0192958 -0.064135 0.0321416 
v 0.0192087 -0.06604 0.0319022 
v 0.0192548 -0.064135 0.032021 
v 0.0191573 -0.06604 0.0317855 
v 0.0192087 -0.064135 0.0319022 
v 0.019101 -0.06604 0.0316712 
v 0.0191573 -0.064135 0.0317855 
v 0.0190397 -0.06604 0.0315595 
v 0.019101 -0.064135 0.0316712 
v 0.0189735 -0.06604 0.0314505 
v 0.0190397 -0.064135 0.0315595 
v 0.0189027 -0.06604 0.0313446 
v 0.0189735 -0.064135 0.0314505 
v 0.0188274 -0.06604 0.0312418 
v 0.0189027 -0.064135 0.0313446 
v 0.0187476 -0.06604 0.0311424 
v 0.0188274 -0.064135 0.0312418 
v 0.0186636 -0.06604 0.0310466 
v 0.0187476 -0.064135 0.0311424 
v 0.0185755 -0.06604 0.0309545 
v 0.0186636 -0.064135 0.0310466 
v 0.0184834 -0.06604 0.0308664 
v 0.0185755 -0.064135 0.0309545 
v 0.0183876 -0.06604 0.0307824 
v 0.0184834 -0.064135 0.0308664 
v 0.0182882 -0.06604 0.0307026 
v 0.0183876 -0.064135 0.0307824 
v 0.0181854 -0.06604 0.0306273 
v 0.0182882 -0.064135 0.0307026 
v 0.0180795 -0.06604 0.0305565 
v 0.0181854 -0.064135 0.0306273 
v 0.0179705 -0.06604 0.0304903 
v 0.0180795 -0.064135 0.0305565 
v 0.0178588 -0.06604 0.030429 
v 0.0179705 -0.064135 0.0304903 
v 0.0177445 -0.06604 0.0303727 
v 0.0178588 -0.064135 0.030429 
v 0.0176278 -0.06604 0.0303213 
v 0.0177445 -0.064135 0.0303727 
v 0.017509 -0.06604 0.0302752 
v 0.0176278 -0.064135 0.0303213 
v 0.0173884 -0.06604 0.0302342 
v 0.017509 -0.064135 0.0302752 
v 0.017266 -0.06604 0.0301985 
v 0.0173884 -0.064135 0.0302342 
v 0.0171422 -0.06604 0.0301682 
v 0.017266 -0.064135 0.0301985 
v 0.0170172 -0.06604 0.0301434 
v 0.0171422 -0.064135 0.0301682 
v 0.0168913 -0.06604 0.030124 
v 0.0170172 -0.064135 0.0301434 
v 0.0167646 -0.06604 0.0301101 
v 0.0168913 -0.064135 0.030124 
v 0.0166374 -0.06604 0.0301018 
v 0.0167646 -0.064135 0.0301101 
v 0.0166374 -0.064135 0.0301018 
v 0.017797 -0.064135 0.0316155 
v 0.017857 -0.064135 0.031673 
v 0.0179145 -0.064135 0.031733 
v 0.0179693 -0.064135 0.0317955 
v 0.0180213 -0.064135 0.0318603 
v 0.0180705 -0.064135 0.0319273 
v 0.0181598 -0.064135 0.0320675 
v 0.0181998 -0.064135 0.0321404 
v 0.0181167 -0.064135 0.0319964 
v 0.0183268 -0.064135 0.0324472 
v 0.0183001 -0.064135 0.0323685 
v 0.0183501 -0.064135 0.0325269 
v 0.0183698 -0.064135 0.0326077 
v 0.0183861 -0.064135 0.0326892 
v 0.0183698 -0.064135 0.0334323 
v 0.0183861 -0.064135 0.0333508 
v 0.0183501 -0.064135 0.0335131 
v 0.0183268 -0.064135 0.0335928 
v 0.0183001 -0.064135 0.0336715 
v 0.01827 -0.064135 0.033749 
v 0.0182365 -0.064135 0.0338251 
v 0.0181998 -0.064135 0.0338996 
v 0.0181598 -0.064135 0.0339725 
v 0.017797 -0.064135 0.0344245 
v 0.017857 -0.064135 0.034367 
v 0.0177345 -0.064135 0.0344793 
v 0.0176697 -0.064135 0.0315087 
v 0.0176027 -0.064135 0.0314595 
v 0.0177345 -0.064135 0.0315607 
v 0.01827 -0.064135 0.032291 
v 0.0182365 -0.064135 0.0322149 
v 0.0183987 -0.064135 0.0327713 
v 0.0184078 -0.064135 0.032854 
v 0.0183987 -0.064135 0.0332687 
v 0.0184078 -0.064135 0.033186 
v 0.0181167 -0.064135 0.0340436 
v 0.0180705 -0.064135 0.0341127 
v 0.0179693 -0.064135 0.0342445 
v 0.0180213 -0.064135 0.0341797 
v 0.0179145 -0.064135 0.034307 
v 0.0176697 -0.064135 0.0345313 
v 0.0176027 -0.064135 0.0345805 
v 0.0175336 -0.064135 0.0314133 
v 0.0174625 -0.064135 0.0313702 
v 0.0146122 -0.064135 0.032854 
v 0.0146068 -0.064135 0.0329369 
v 0.0146213 -0.064135 0.0327713 
v 0.0184132 -0.064135 0.0329369 
v 0.018415 -0.064135 0.03302 
v 0.0184132 -0.064135 0.0331031 
v 0.0146122 -0.064135 0.033186 
v 0.0146213 -0.064135 0.0332687 
v 0.0146068 -0.064135 0.0331031 
v 0.0146339 -0.064135 0.0326892 
v 0.0169223 -0.064135 0.0311602 
v 0.0168408 -0.064135 0.0311439 
v 0.0170031 -0.064135 0.0311799 
v 0.0173151 -0.064135 0.0347465 
v 0.0173896 -0.064135 0.0347098 
v 0.017239 -0.064135 0.03478 
v 0.0148602 -0.064135 0.0339725 
v 0.0149033 -0.064135 0.0340436 
v 0.0148202 -0.064135 0.0338996 
v 0.014605 -0.064135 0.03302 
v 0.0146502 -0.064135 0.0326077 
v 0.0146699 -0.064135 0.0325269 
v 0.0147835 -0.064135 0.0322149 
v 0.01475 -0.064135 0.032291 
v 0.0148202 -0.064135 0.0321404 
v 0.0149033 -0.064135 0.0319964 
v 0.0149495 -0.064135 0.0319273 
v 0.0153503 -0.064135 0.0315087 
v 0.0152855 -0.064135 0.0315607 
v 0.0154173 -0.064135 0.0314595 
v 0.0167587 -0.064135 0.0311313 
v 0.016676 -0.064135 0.0311222 
v 0.0170828 -0.064135 0.0312032 
v 0.0173151 -0.064135 0.0312935 
v 0.017239 -0.064135 0.03126 
v 0.0173896 -0.064135 0.0313302 
v 0.0175336 -0.064135 0.0346267 
v 0.0174625 -0.064135 0.0346698 
v 0.0171615 -0.064135 0.0348101 
v 0.01651 -0.064135 0.034925 
v 0.0165931 -0.064135 0.0349232 
v 0.0164269 -0.064135 0.0349232 
v 0.0153503 -0.064135 0.0345313 
v 0.0152855 -0.064135 0.0344793 
v 0.0149495 -0.064135 0.0341127 
v 0.0147835 -0.064135 0.0338251 
v 0.0146699 -0.064135 0.0335131 
v 0.0146932 -0.064135 0.0335928 
v 0.0146502 -0.064135 0.0334323 
v 0.0146932 -0.064135 0.0324472 
v 0.0148602 -0.064135 0.0320675 
v 0.0149987 -0.064135 0.0318603 
v 0.015163 -0.064135 0.031673 
v 0.0151055 -0.064135 0.031733 
v 0.015223 -0.064135 0.0316155 
v 0.0171615 -0.064135 0.0312299 
v 0.0170828 -0.064135 0.0348368 
v 0.0170031 -0.064135 0.0348601 
v 0.0169223 -0.064135 0.0348798 
v 0.016344 -0.064135 0.0349178 
v 0.0162613 -0.064135 0.0349087 
v 0.0161792 -0.064135 0.0348961 
v 0.0160977 -0.064135 0.0348798 
v 0.0160169 -0.064135 0.0348601 
v 0.015781 -0.064135 0.03478 
v 0.0158585 -0.064135 0.0348101 
v 0.0157049 -0.064135 0.0347465 
v 0.0154864 -0.064135 0.0346267 
v 0.0155575 -0.064135 0.0346698 
v 0.0154173 -0.064135 0.0345805 
v 0.015223 -0.064135 0.0344245 
v 0.01475 -0.064135 0.033749 
v 0.0147199 -0.064135 0.0336715 
v 0.0146339 -0.064135 0.0333508 
v 0.0147199 -0.064135 0.0323685 
v 0.0150507 -0.064135 0.0317955 
v 0.0154864 -0.064135 0.0314133 
v 0.0155575 -0.064135 0.0313702 
v 0.0159372 -0.064135 0.0312032 
v 0.0158585 -0.064135 0.0312299 
v 0.0160169 -0.064135 0.0311799 
v 0.0165931 -0.064135 0.0311168 
v 0.01651 -0.064135 0.031115 
v 0.0168408 -0.064135 0.0348961 
v 0.0167587 -0.064135 0.0349087 
v 0.016676 -0.064135 0.0349178 
v 0.0159372 -0.064135 0.0348368 
v 0.0156304 -0.064135 0.0347098 
v 0.0150507 -0.064135 0.0342445 
v 0.0151055 -0.064135 0.034307 
v 0.0149987 -0.064135 0.0341797 
v 0.0157049 -0.064135 0.0312935 
v 0.0156304 -0.064135 0.0313302 
v 0.015781 -0.064135 0.03126 
v 0.0160977 -0.064135 0.0311602 
v 0.0161792 -0.064135 0.0311439 
v 0.0162613 -0.064135 0.0311313 
v 0.016344 -0.064135 0.0311222 
v 0.015163 -0.064135 0.034367 
v 0.0164269 -0.064135 0.0311168 
v 0.01651 -0.06223 0.031115 
v 0.0164269 -0.06223 0.0311168 
v 0.016344 -0.06223 0.0311222 
v 0.0162613 -0.06223 0.0311313 
v 0.0161792 -0.06223 0.0311439 
v 0.0160977 -0.06223 0.0311602 
v 0.0160169 -0.06223 0.0311799 
v 0.0159372 -0.06223 0.0312032 
v 0.0158585 -0.06223 0.0312299 
v 0.015781 -0.06223 0.03126 
v 0.0157049 -0.06223 0.0312935 
v 0.0156304 -0.06223 0.0313302 
v 0.0155575 -0.06223 0.0313702 
v 0.0154864 -0.06223 0.0314133 
v 0.0154173 -0.06223 0.0314595 
v 0.0153503 -0.06223 0.0315087 
v 0.0152855 -0.06223 0.0315607 
v 0.015223 -0.06223 0.0316155 
v 0.015163 -0.06223 0.031673 
v 0.0151055 -0.06223 0.031733 
v 0.0150507 -0.06223 0.0317955 
v 0.0149987 -0.06223 0.0318603 
v 0.0149495 -0.06223 0.0319273 
v 0.0149033 -0.06223 0.0319964 
v 0.0148602 -0.06223 0.0320675 
v 0.0148202 -0.06223 0.0321404 
v 0.0147835 -0.06223 0.0322149 
v 0.01475 -0.06223 0.032291 
v 0.0147199 -0.06223 0.0323685 
v 0.0146932 -0.06223 0.0324472 
v 0.0146699 -0.06223 0.0325269 
v 0.0146502 -0.06223 0.0326077 
v 0.0146339 -0.06223 0.0326892 
v 0.0146213 -0.06223 0.0327713 
v 0.0146122 -0.06223 0.032854 
v 0.0146068 -0.06223 0.0329369 
v 0.014605 -0.06223 0.03302 
v 0.0146068 -0.06223 0.0331031 
v 0.0146122 -0.06223 0.033186 
v 0.0146213 -0.06223 0.0332687 
v 0.0146339 -0.06223 0.0333508 
v 0.0146502 -0.06223 0.0334323 
v 0.0146699 -0.06223 0.0335131 
v 0.0146932 -0.06223 0.0335928 
v 0.0147199 -0.06223 0.0336715 
v 0.01475 -0.06223 0.033749 
v 0.0147835 -0.06223 0.0338251 
v 0.0148202 -0.06223 0.0338996 
v 0.0148602 -0.06223 0.0339725 
v 0.0149033 -0.06223 0.0340436 
v 0.0149495 -0.06223 0.0341127 
v 0.0149987 -0.06223 0.0341797 
v 0.0150507 -0.06223 0.0342445 
v 0.0151055 -0.06223 0.034307 
v 0.015163 -0.06223 0.034367 
v 0.015223 -0.06223 0.0344245 
v 0.0152855 -0.06223 0.0344793 
v 0.0153503 -0.06223 0.0345313 
v 0.0154173 -0.06223 0.0345805 
v 0.0154864 -0.06223 0.0346267 
v 0.0155575 -0.06223 0.0346698 
v 0.0156304 -0.06223 0.0347098 
v 0.0157049 -0.06223 0.0347465 
v 0.015781 -0.06223 0.03478 
v 0.0158585 -0.06223 0.0348101 
v 0.0159372 -0.06223 0.0348368 
v 0.0160169 -0.06223 0.0348601 
v 0.0160977 -0.06223 0.0348798 
v 0.0161792 -0.06223 0.0348961 
v 0.0162613 -0.06223 0.0349087 
v 0.016344 -0.06223 0.0349178 
v 0.0164269 -0.06223 0.0349232 
v 0.01651 -0.06223 0.034925 
v 0.0165931 -0.06223 0.0349232 
v 0.016676 -0.06223 0.0349178 
v 0.0167587 -0.06223 0.0349087 
v 0.0168408 -0.06223 0.0348961 
v 0.0169223 -0.06223 0.0348798 
v 0.0170031 -0.06223 0.0348601 
v 0.0170828 -0.06223 0.0348368 
v 0.0171615 -0.06223 0.0348101 
v 0.017239 -0.06223 0.03478 
v 0.0173151 -0.06223 0.0347465 
v 0.0173896 -0.06223 0.0347098 
v 0.0174625 -0.06223 0.0346698 
v 0.0175336 -0.06223 0.0346267 
v 0.0176027 -0.06223 0.0345805 
v 0.0176697 -0.06223 0.0345313 
v 0.0177345 -0.06223 0.0344793 
v 0.017797 -0.06223 0.0344245 
v 0.017857 -0.06223 0.034367 
v 0.0179145 -0.06223 0.034307 
v 0.0179693 -0.06223 0.0342445 
v 0.0180213 -0.06223 0.0341797 
v 0.0180705 -0.06223 0.0341127 
v 0.0181167 -0.06223 0.0340436 
v 0.0181598 -0.06223 0.0339725 
v 0.0181998 -0.06223 0.0338996 
v 0.0182365 -0.06223 0.0338251 
v 0.01827 -0.06223 0.033749 
v 0.0183001 -0.06223 0.0336715 
v 0.0183268 -0.06223 0.0335928 
v 0.0183501 -0.06223 0.0335131 
v 0.0183698 -0.06223 0.0334323 
v 0.0183861 -0.06223 0.0333508 
v 0.0183987 -0.06223 0.0332687 
v 0.0184078 -0.06223 0.033186 
v 0.0184132 -0.06223 0.0331031 
v 0.018415 -0.06223 0.03302 
v 0.0184132 -0.06223 0.0329369 
v 0.0184078 -0.06223 0.032854 
v 0.0183987 -0.06223 0.0327713 
v 0.0183861 -0.06223 0.0326892 
v 0.0183698 -0.06223 0.0326077 
v 0.0183501 -0.06223 0.0325269 
v 0.0183268 -0.06223 0.0324472 
v 0.0183001 -0.06223 0.0323685 
v 0.01827 -0.06223 0.032291 
v 0.0182365 -0.06223 0.0322149 
v 0.0181998 -0.06223 0.0321404 
v 0.0181598 -0.06223 0.0320675 
v 0.0181167 -0.06223 0.0319964 
v 0.0180705 -0.06223 0.0319273 
v 0.0180213 -0.06223 0.0318603 
v 0.0179693 -0.06223 0.0317955 
v 0.0179145 -0.06223 0.031733 
v 0.017857 -0.06223 0.031673 
v 0.017797 -0.06223 0.0316155 
v 0.0177345 -0.06223 0.0315607 
v 0.0176697 -0.06223 0.0315087 
v 0.0176027 -0.06223 0.0314595 
v 0.0175336 -0.06223 0.0314133 
v 0.0174625 -0.06223 0.0313702 
v 0.0173896 -0.06223 0.0313302 
v 0.0173151 -0.06223 0.0312935 
v 0.017239 -0.06223 0.03126 
v 0.0171615 -0.06223 0.0312299 
v 0.0170828 -0.06223 0.0312032 
v 0.0170031 -0.06223 0.0311799 
v 0.0169223 -0.06223 0.0311602 
v 0.0168408 -0.06223 0.0311439 
v 0.0167587 -0.06223 0.0311313 
v 0.016676 -0.06223 0.0311222 
v 0.0165931 -0.06223 0.0311168 
v 0.03683 -0.06223 -0.028448 
v 0.034367 -0.06223 -0.025985 
v 0.0344245 -0.06223 -0.025925 
v 0.0340436 -0.06223 -0.0262447 
v 0.0341127 -0.06223 -0.0261985 
v 0.0338996 -0.06223 -0.0263278 
v 0.0339725 -0.06223 -0.0262878 
v 0.03683 -0.06223 0.03683 
v 0.034307 -0.06223 -0.0260425 
v 0.0335928 -0.06223 -0.0264548 
v 0.0336715 -0.06223 -0.0264281 
v 0 -0.06223 -0.028448 
v 0.0127 -0.06223 0.03683 
v 0.0342445 -0.06223 -0.0260973 
v 0.0341797 -0.06223 -0.0261493 
v 0.033749 -0.06223 -0.026398 
v 0.0333508 -0.06223 -0.0265141 
v 0.0334323 -0.06223 -0.0264978 
v 0.03302 -0.06223 -0.022733 
v 0.0344793 -0.06223 -0.0258625 
v 0.0345313 -0.06223 -0.0257977 
v 0.0338251 -0.06223 -0.0263645 
v 0.0335131 -0.06223 -0.0264781 
v 0.0325269 -0.06223 -0.0264781 
v 0.0326077 -0.06223 -0.0264978 
v 0.0323685 -0.06223 -0.0264281 
v 0.0324472 -0.06223 -0.0264548 
v 0.0322149 -0.06223 -0.0229115 
v 0.0321404 -0.06223 -0.0229482 
v 0.0326892 -0.06223 -0.0227619 
v 0.0326077 -0.06223 -0.0227782 
v 0.032854 -0.06223 -0.0227402 
v 0.0327713 -0.06223 -0.0227493 
v 0.0329369 -0.06223 -0.0227348 
v 0.0348961 -0.06223 -0.0243072 
v 0.0348798 -0.06223 -0.0242257 
v 0.0349178 -0.06223 -0.024472 
v 0.0349087 -0.06223 -0.0243893 
v 0.0349232 -0.06223 -0.0247211 
v 0.034925 -0.06223 -0.024638 
v 0.0345805 -0.06223 -0.0257307 
v 0.0346267 -0.06223 -0.0256616 
v 0.033186 -0.06223 -0.0265358 
v 0.0332687 -0.06223 -0.0265267 
v 0.0326892 -0.06223 -0.0265141 
v 0.032291 -0.06223 -0.026398 
v 0.0312299 -0.06223 -0.0239865 
v 0.0312032 -0.06223 -0.0240652 
v 0.0312935 -0.06223 -0.0238329 
v 0.03126 -0.06223 -0.023909 
v 0.0319273 -0.06223 -0.0230775 
v 0.0318603 -0.06223 -0.0231267 
v 0.032291 -0.06223 -0.022878 
v 0.0325269 -0.06223 -0.0227979 
v 0.0324472 -0.06223 -0.0228212 
v 0.0348601 -0.06223 -0.0241449 
v 0.0349178 -0.06223 -0.024804 
v 0.0348961 -0.06223 -0.0249688 
v 0.0349087 -0.06223 -0.0248867 
v 0.0311799 -0.06223 -0.0251311 
v 0.0311439 -0.06223 -0.0243072 
v 0.0311313 -0.06223 -0.0243893 
v 0.0311799 -0.06223 -0.0241449 
v 0.0311602 -0.06223 -0.0242257 
v 0.0313702 -0.06223 -0.0236855 
v 0.0313302 -0.06223 -0.0237584 
v 0.0317955 -0.06223 -0.0231787 
v 0.0323685 -0.06223 -0.0228479 
v 0.0347465 -0.06223 -0.0238329 
v 0.0347098 -0.06223 -0.0237584 
v 0.0348101 -0.06223 -0.0239865 
v 0.03478 -0.06223 -0.023909 
v 0.0349232 -0.06223 -0.0245549 
v 0.0348798 -0.06223 -0.0250503 
v 0.0348368 -0.06223 -0.0252108 
v 0.0348601 -0.06223 -0.0251311 
v 0.03302 -0.06223 -0.026543 
v 0.0331031 -0.06223 -0.0265412 
v 0.032854 -0.06223 -0.0265358 
v 0.0329369 -0.06223 -0.0265412 
v 0.0327713 -0.06223 -0.0265267 
v 0.0319964 -0.06223 -0.0262447 
v 0.0320675 -0.06223 -0.0262878 
v 0.0318603 -0.06223 -0.0261493 
v 0.0319273 -0.06223 -0.0261985 
v 0.031733 -0.06223 -0.0260425 
v 0.0317955 -0.06223 -0.0260973 
v 0.0315607 -0.06223 -0.0258625 
v 0.0316155 -0.06223 -0.025925 
v 0.0313702 -0.06223 -0.0255905 
v 0.0314133 -0.06223 -0.0256616 
v 0.03126 -0.06223 -0.025367 
v 0.0312935 -0.06223 -0.0254431 
v 0.0312032 -0.06223 -0.0252108 
v 0.0312299 -0.06223 -0.0252895 
v 0.0311439 -0.06223 -0.0249688 
v 0.0311602 -0.06223 -0.0250503 
v 0.0311222 -0.06223 -0.024804 
v 0.0311313 -0.06223 -0.0248867 
v 0.0314595 -0.06223 -0.0235453 
v 0.0314133 -0.06223 -0.0236144 
v 0.0315607 -0.06223 -0.0234135 
v 0.0315087 -0.06223 -0.0234783 
v 0.031673 -0.06223 -0.023291 
v 0.0316155 -0.06223 -0.023351 
v 0.031733 -0.06223 -0.0232335 
v 0.0321404 -0.06223 -0.0263278 
v 0.0322149 -0.06223 -0.0263645 
v 0.031673 -0.06223 -0.025985 
v 0.0315087 -0.06223 -0.0257977 
v 0.0314595 -0.06223 -0.0257307 
v 0.0313302 -0.06223 -0.0255176 
v 0.031115 -0.06223 -0.024638 
v 0.0311168 -0.06223 -0.0247211 
v 0.0311222 -0.06223 -0.024472 
v 0.0311168 -0.06223 -0.0245549 
v 0.0320675 -0.06223 -0.0229882 
v 0.0319964 -0.06223 -0.0230313 
v 0.0335131 -0.06223 -0.0227979 
v 0.0334323 -0.06223 -0.0227782 
v 0.0336715 -0.06223 -0.0228479 
v 0.0335928 -0.06223 -0.0228212 
v 0.0338996 -0.06223 -0.0229482 
v 0.0338251 -0.06223 -0.0229115 
v 0.0340436 -0.06223 -0.0230313 
v 0.0339725 -0.06223 -0.0229882 
v 0.0342445 -0.06223 -0.0231787 
v 0.0341797 -0.06223 -0.0231267 
v 0.034367 -0.06223 -0.023291 
v 0.034307 -0.06223 -0.0232335 
v 0.0348368 -0.06223 -0.0240652 
v 0.0347098 -0.06223 -0.0255176 
v 0.0347465 -0.06223 -0.0254431 
v 0.0333508 -0.06223 -0.0227619 
v 0.0332687 -0.06223 -0.0227493 
v 0.03478 -0.06223 -0.025367 
v 0.0348101 -0.06223 -0.0252895 
v 0.0346698 -0.06223 -0.0255905 
v 0.033186 -0.06223 -0.0227402 
v 0.0331031 -0.06223 -0.0227348 
v 0.033749 -0.06223 -0.022878 
v 0.0341127 -0.06223 -0.0230775 
v 0.0344793 -0.06223 -0.0234135 
v 0.0344245 -0.06223 -0.023351 
v 0.0345805 -0.06223 -0.0235453 
v 0.0345313 -0.06223 -0.0234783 
v 0.0346698 -0.06223 -0.0236855 
v 0.0346267 -0.06223 -0.0236144 
v 0 -0.06223 0.04064 
v 0.0127 -0.06223 0.04064 
v 0.0127 -0.06604 0.04064 
v 0.0127 -0.06604 0.03683 
v 0.03683 -0.06604 0.03683 
v 0 -0.06604 0.04064 
v 0.03683 -0.039624 -0.028448 
v 0 -0.039624 -0.028448 
v 0.03683 -0.06604 -0.032258 
v 0.03683 -0.039624 -0.032258 
v 0 -0.039624 -0.032258 
v 0 -0.06604 -0.032258 
v 0.030429 -0.06604 -0.0232892 
v 0.0301018 -0.06604 -0.0247654 
v 0.030099 -0.06604 -0.024638 
v 0.0301101 -0.06604 -0.0248926 
v 0.0325128 -0.06604 -0.0217614 
v 0.0326387 -0.06604 -0.021742 
v 0.0316712 -0.06604 -0.022047 
v 0.0317855 -0.06604 -0.0219907 
v 0.0314505 -0.06604 -0.0221745 
v 0.0315595 -0.06604 -0.0221083 
v 0.0310466 -0.06604 -0.0224844 
v 0.0311424 -0.06604 -0.0224004 
v 0.0304903 -0.06604 -0.0231775 
v 0.0301101 -0.06604 -0.0243834 
v 0.030124 -0.06604 -0.0242567 
v 0.0301018 -0.06604 -0.0245106 
v 0.0328926 -0.06604 -0.0217198 
v 0.03302 -0.06604 -0.021717 
v 0.0323878 -0.06604 -0.0217862 
v 0.0319022 -0.06604 -0.0219393 
v 0.0313446 -0.06604 -0.0222453 
v 0.0312418 -0.06604 -0.0223206 
v 0.0308664 -0.06604 -0.0226646 
v 0.0309545 -0.06604 -0.0225725 
v 0.0305565 -0.06604 -0.0230685 
v 0.0301434 -0.06604 -0.0251452 
v 0.030124 -0.06604 -0.0250193 
v 0.0336522 -0.06604 -0.0217862 
v 0.033776 -0.06604 -0.0218165 
v 0.0332746 -0.06604 -0.0217281 
v 0.0334013 -0.06604 -0.021742 
v 0.0327654 -0.06604 -0.0217281 
v 0.032264 -0.06604 -0.0218165 
v 0.032021 -0.06604 -0.0218932 
v 0.0307824 -0.06604 -0.0227604 
v 0.0306273 -0.06604 -0.0229626 
v 0.0338984 -0.06604 -0.0218522 
v 0.0335272 -0.06604 -0.0217614 
v 0.0331474 -0.06604 -0.0217198 
v 0.0321416 -0.06604 -0.0218522 
v 0.0307026 -0.06604 -0.0228598 
v 0.0301985 -0.06604 -0.023882 
v 0.0302342 -0.06604 -0.0237596 
v 0.0301434 -0.06604 -0.0241308 
v 0.0302752 -0.06604 -0.023639 
v 0.0303213 -0.06604 -0.0235202 
v 0.0301682 -0.06604 -0.0240058 
v 0.0301682 -0.06604 -0.0252702 
v 0.0351736 -0.06604 -0.0266114 
v 0.0350855 -0.06604 -0.0267035 
v 0.0359382 -0.06604 -0.0245106 
v 0.035941 -0.06604 -0.024638 
v 0.0356673 -0.06604 -0.0234035 
v 0.0357187 -0.06604 -0.0235202 
v 0.0303727 -0.06604 -0.0234035 
v 0.0309545 -0.06604 -0.0267035 
v 0.0308664 -0.06604 -0.0266114 
v 0.0352576 -0.06604 -0.0265156 
v 0.0359382 -0.06604 -0.0247654 
v 0.035916 -0.06604 -0.0242567 
v 0.0359299 -0.06604 -0.0243834 
v 0.0357648 -0.06604 -0.023639 
v 0.034019 -0.06604 -0.0218932 
v 0.0341378 -0.06604 -0.0219393 
v 0.0307824 -0.06604 -0.0265156 
v 0.0311424 -0.06604 -0.0268756 
v 0.0310466 -0.06604 -0.0267916 
v 0.0348976 -0.06604 -0.0268756 
v 0.0347982 -0.06604 -0.0269554 
v 0.0349934 -0.06604 -0.0267916 
v 0.0354127 -0.06604 -0.0263134 
v 0.0353374 -0.06604 -0.0264162 
v 0.0357648 -0.06604 -0.025637 
v 0.0357187 -0.06604 -0.0257558 
v 0.0359299 -0.06604 -0.0248926 
v 0.035916 -0.06604 -0.0250193 
v 0.0358966 -0.06604 -0.0241308 
v 0.0358415 -0.06604 -0.023882 
v 0.0358718 -0.06604 -0.0240058 
v 0.035611 -0.06604 -0.0232892 
v 0.0354835 -0.06604 -0.0230685 
v 0.0355497 -0.06604 -0.0231775 
v 0.0346954 -0.06604 -0.0222453 
v 0.0347982 -0.06604 -0.0223206 
v 0.0342545 -0.06604 -0.0219907 
v 0.0343688 -0.06604 -0.022047 
v 0.0307026 -0.06604 -0.0264162 
v 0.0306273 -0.06604 -0.0263134 
v 0.0354835 -0.06604 -0.0262075 
v 0.0358058 -0.06604 -0.0255164 
v 0.0358966 -0.06604 -0.0251452 
v 0.0358718 -0.06604 -0.0252702 
v 0.0345895 -0.06604 -0.0221745 
v 0.0344805 -0.06604 -0.0221083 
v 0.0302342 -0.06604 -0.0255164 
v 0.0301985 -0.06604 -0.025394 
v 0.030429 -0.06604 -0.0259868 
v 0.0303727 -0.06604 -0.0258725 
v 0.0305565 -0.06604 -0.0262075 
v 0.0304903 -0.06604 -0.0260985 
v 0.0343688 -0.06604 -0.027229 
v 0.0342545 -0.06604 -0.0272853 
v 0.0346954 -0.06604 -0.0270307 
v 0.0345895 -0.06604 -0.0271015 
v 0.0356673 -0.06604 -0.0258725 
v 0.0358415 -0.06604 -0.025394 
v 0.0358058 -0.06604 -0.0237596 
v 0.0303213 -0.06604 -0.0257558 
v 0.0313446 -0.06604 -0.0270307 
v 0.0312418 -0.06604 -0.0269554 
v 0.0341378 -0.06604 -0.0273367 
v 0.035611 -0.06604 -0.0259868 
v 0.0355497 -0.06604 -0.0260985 
v 0.0352576 -0.06604 -0.0227604 
v 0.0353374 -0.06604 -0.0228598 
v 0.0350855 -0.06604 -0.0225725 
v 0.0351736 -0.06604 -0.0226646 
v 0.0348976 -0.06604 -0.0224004 
v 0.0349934 -0.06604 -0.0224844 
v 0.0302752 -0.06604 -0.025637 
v 0.0319022 -0.06604 -0.0273367 
v 0.0317855 -0.06604 -0.0272853 
v 0.0327654 -0.06604 -0.0275479 
v 0.0326387 -0.06604 -0.027534 
v 0.0332746 -0.06604 -0.0275479 
v 0.0331474 -0.06604 -0.0275562 
v 0.0335272 -0.06604 -0.0275146 
v 0.0334013 -0.06604 -0.027534 
v 0.0338984 -0.06604 -0.0274238 
v 0.033776 -0.06604 -0.0274595 
v 0.034019 -0.06604 -0.0273828 
v 0.0316712 -0.06604 -0.027229 
v 0.0315595 -0.06604 -0.0271677 
v 0.032021 -0.06604 -0.0273828 
v 0.0321416 -0.06604 -0.0274238 
v 0.0325128 -0.06604 -0.0275146 
v 0.03302 -0.06604 -0.027559 
v 0.0328926 -0.06604 -0.0275562 
v 0.0336522 -0.06604 -0.0274898 
v 0.0344805 -0.06604 -0.0271677 
v 0.0354127 -0.06604 -0.0229626 
v 0.0314505 -0.06604 -0.0271015 
v 0.0323878 -0.06604 -0.0274898 
v 0.032264 -0.06604 -0.0274595 
v 0.03302 -0.064135 -0.027559 
v 0.0328926 -0.064135 -0.0275562 
v 0.0327654 -0.064135 -0.0275479 
v 0.0326387 -0.064135 -0.027534 
v 0.0325128 -0.064135 -0.0275146 
v 0.0323878 -0.064135 -0.0274898 
v 0.032264 -0.064135 -0.0274595 
v 0.0321416 -0.064135 -0.0274238 
v 0.032021 -0.064135 -0.0273828 
v 0.0319022 -0.064135 -0.0273367 
v 0.0317855 -0.064135 -0.0272853 
v 0.0316712 -0.064135 -0.027229 
v 0.0315595 -0.064135 -0.0271677 
v 0.0314505 -0.064135 -0.0271015 
v 0.0313446 -0.064135 -0.0270307 
v 0.0312418 -0.064135 -0.0269554 
v 0.0311424 -0.064135 -0.0268756 
v 0.0310466 -0.064135 -0.0267916 
v 0.0309545 -0.064135 -0.0267035 
v 0.0308664 -0.064135 -0.0266114 
v 0.0307824 -0.064135 -0.0265156 
v 0.0307026 -0.064135 -0.0264162 
v 0.0306273 -0.064135 -0.0263134 
v 0.0305565 -0.064135 -0.0262075 
v 0.0304903 -0.064135 -0.0260985 
v 0.030429 -0.064135 -0.0259868 
v 0.0303727 -0.064135 -0.0258725 
v 0.0303213 -0.064135 -0.0257558 
v 0.0302752 -0.064135 -0.025637 
v 0.0302342 -0.064135 -0.0255164 
v 0.0301985 -0.064135 -0.025394 
v 0.0301682 -0.064135 -0.0252702 
v 0.0301434 -0.064135 -0.0251452 
v 0.030124 -0.064135 -0.0250193 
v 0.0301101 -0.064135 -0.0248926 
v 0.0301018 -0.064135 -0.0247654 
v 0.030099 -0.064135 -0.024638 
v 0.0301018 -0.064135 -0.0245106 
v 0.0301101 -0.064135 -0.0243834 
v 0.030124 -0.064135 -0.0242567 
v 0.0301434 -0.064135 -0.0241308 
v 0.0301682 -0.064135 -0.0240058 
v 0.0301985 -0.064135 -0.023882 
v 0.0302342 -0.064135 -0.0237596 
v 0.0302752 -0.064135 -0.023639 
v 0.0303213 -0.064135 -0.0235202 
v 0.0303727 -0.064135 -0.0234035 
v 0.030429 -0.064135 -0.0232892 
v 0.0304903 -0.064135 -0.0231775 
v 0.0305565 -0.064135 -0.0230685 
v 0.0306273 -0.064135 -0.0229626 
v 0.0307026 -0.064135 -0.0228598 
v 0.0307824 -0.064135 -0.0227604 
v 0.0308664 -0.064135 -0.0226646 
v 0.0309545 -0.064135 -0.0225725 
v 0.0310466 -0.064135 -0.0224844 
v 0.0311424 -0.064135 -0.0224004 
v 0.0312418 -0.064135 -0.0223206 
v 0.0313446 -0.064135 -0.0222453 
v 0.0314505 -0.064135 -0.0221745 
v 0.0315595 -0.064135 -0.0221083 
v 0.0316712 -0.064135 -0.022047 
v 0.0317855 -0.064135 -0.0219907 
v 0.0319022 -0.064135 -0.0219393 
v 0.032021 -0.064135 -0.0218932 
v 0.0321416 -0.064135 -0.0218522 
v 0.032264 -0.064135 -0.0218165 
v 0.0323878 -0.064135 -0.0217862 
v 0.0325128 -0.064135 -0.0217614 
v 0.0326387 -0.064135 -0.021742 
v 0.0327654 -0.064135 -0.0217281 
v 0.0328926 -0.064135 -0.0217198 
v 0.03302 -0.064135 -0.021717 
v 0.0331474 -0.064135 -0.0217198 
v 0.0332746 -0.064135 -0.0217281 
v 0.0334013 -0.064135 -0.021742 
v 0.0335272 -0.064135 -0.0217614 
v 0.0336522 -0.064135 -0.0217862 
v 0.033776 -0.064135 -0.0218165 
v 0.0338984 -0.064135 -0.0218522 
v 0.034019 -0.064135 -0.0218932 
v 0.0341378 -0.064135 -0.0219393 
v 0.0342545 -0.064135 -0.0219907 
v 0.0343688 -0.064135 -0.022047 
v 0.0344805 -0.064135 -0.0221083 
v 0.0345895 -0.064135 -0.0221745 
v 0.0346954 -0.064135 -0.0222453 
v 0.0347982 -0.064135 -0.0223206 
v 0.0348976 -0.064135 -0.0224004 
v 0.0349934 -0.064135 -0.0224844 
v 0.0350855 -0.064135 -0.0225725 
v 0.0351736 -0.064135 -0.0226646 
v 0.0352576 -0.064135 -0.0227604 
v 0.0353374 -0.064135 -0.0228598 
v 0.0354127 -0.064135 -0.0229626 
v 0.0354835 -0.064135 -0.0230685 
v 0.0355497 -0.064135 -0.0231775 
v 0.035611 -0.064135 -0.0232892 
v 0.0356673 -0.064135 -0.0234035 
v 0.0357187 -0.064135 -0.0235202 
v 0.0357648 -0.064135 -0.023639 
v 0.0358058 -0.064135 -0.0237596 
v 0.0358415 -0.064135 -0.023882 
v 0.0358718 -0.064135 -0.0240058 
v 0.0358966 -0.064135 -0.0241308 
v 0.035916 -0.064135 -0.0242567 
v 0.0359299 -0.064135 -0.0243834 
v 0.0359382 -0.064135 -0.0245106 
v 0.035941 -0.064135 -0.024638 
v 0.0359382 -0.064135 -0.0247654 
v 0.0359299 -0.064135 -0.0248926 
v 0.035916 -0.064135 -0.0250193 
v 0.0358966 -0.064135 -0.0251452 
v 0.0358718 -0.064135 -0.0252702 
v 0.0358415 -0.064135 -0.025394 
v 0.0358058 -0.064135 -0.0255164 
v 0.0357648 -0.064135 -0.025637 
v 0.0357187 -0.064135 -0.0257558 
v 0.0356673 -0.064135 -0.0258725 
v 0.035611 -0.064135 -0.0259868 
v 0.0355497 -0.064135 -0.0260985 
v 0.0354835 -0.064135 -0.0262075 
v 0.0354127 -0.064135 -0.0263134 
v 0.0353374 -0.064135 -0.0264162 
v 0.0352576 -0.064135 -0.0265156 
v 0.0351736 -0.064135 -0.0266114 
v 0.0350855 -0.064135 -0.0267035 
v 0.0349934 -0.064135 -0.0267916 
v 0.0348976 -0.064135 -0.0268756 
v 0.0347982 -0.064135 -0.0269554 
v 0.0346954 -0.064135 -0.0270307 
v 0.0345895 -0.064135 -0.0271015 
v 0.0344805 -0.064135 -0.0271677 
v 0.0343688 -0.064135 -0.027229 
v 0.0342545 -0.064135 -0.0272853 
v 0.0341378 -0.064135 -0.0273367 
v 0.034019 -0.064135 -0.0273828 
v 0.0338984 -0.064135 -0.0274238 
v 0.033776 -0.064135 -0.0274595 
v 0.0336522 -0.064135 -0.0274898 
v 0.0335272 -0.064135 -0.0275146 
v 0.0334013 -0.064135 -0.027534 
v 0.0332746 -0.064135 -0.0275479 
v 0.0331474 -0.064135 -0.0275562 
v 0.0344245 -0.064135 -0.023351 
v 0.034367 -0.064135 -0.023291 
v 0.034307 -0.064135 -0.0232335 
v 0.0342445 -0.064135 -0.0231787 
v 0.0341797 -0.064135 -0.0231267 
v 0.0341127 -0.064135 -0.0230775 
v 0.0339725 -0.064135 -0.0229882 
v 0.0340436 -0.064135 -0.0230313 
v 0.0338996 -0.064135 -0.0229482 
v 0.033749 -0.064135 -0.022878 
v 0.0338251 -0.064135 -0.0229115 
v 0.0336715 -0.064135 -0.0228479 
v 0.0334323 -0.064135 -0.0227782 
v 0.0335131 -0.064135 -0.0227979 
v 0.0333508 -0.064135 -0.0227619 
v 0.0332687 -0.064135 -0.0227493 
v 0.033186 -0.064135 -0.0227402 
v 0.0326077 -0.064135 -0.0227782 
v 0.0326892 -0.064135 -0.0227619 
v 0.0325269 -0.064135 -0.0227979 
v 0.0324472 -0.064135 -0.0228212 
v 0.0323685 -0.064135 -0.0228479 
v 0.0321404 -0.064135 -0.0229482 
v 0.0320675 -0.064135 -0.0229882 
v 0.0311602 -0.064135 -0.0242257 
v 0.0311799 -0.064135 -0.0241449 
v 0.0311439 -0.064135 -0.0243072 
v 0.0345313 -0.064135 -0.0234783 
v 0.0345805 -0.064135 -0.0235453 
v 0.0344793 -0.064135 -0.0234135 
v 0.0335928 -0.064135 -0.0228212 
v 0.0327713 -0.064135 -0.0227493 
v 0.032854 -0.064135 -0.0227402 
v 0.0322149 -0.064135 -0.0229115 
v 0.032291 -0.064135 -0.022878 
v 0.0312032 -0.064135 -0.0240652 
v 0.0311602 -0.064135 -0.0250503 
v 0.0311439 -0.064135 -0.0249688 
v 0.0311799 -0.064135 -0.0251311 
v 0.0339725 -0.064135 -0.0262878 
v 0.0338996 -0.064135 -0.0263278 
v 0.0340436 -0.064135 -0.0262447 
v 0.0341127 -0.064135 -0.0261985 
v 0.0341797 -0.064135 -0.0261493 
v 0.0344245 -0.064135 -0.025925 
v 0.0344793 -0.064135 -0.0258625 
v 0.0331031 -0.064135 -0.0227348 
v 0.03302 -0.064135 -0.022733 
v 0.0318603 -0.064135 -0.0231267 
v 0.0319273 -0.064135 -0.0230775 
v 0.0317955 -0.064135 -0.0231787 
v 0.03126 -0.064135 -0.023909 
v 0.0312935 -0.064135 -0.0238329 
v 0.0312299 -0.064135 -0.0239865 
v 0.0312032 -0.064135 -0.0252108 
v 0.0312299 -0.064135 -0.0252895 
v 0.03126 -0.064135 -0.025367 
v 0.0336715 -0.064135 -0.0264281 
v 0.0335928 -0.064135 -0.0264548 
v 0.033749 -0.064135 -0.026398 
v 0.034367 -0.064135 -0.025985 
v 0.0329369 -0.064135 -0.0227348 
v 0.031733 -0.064135 -0.0232335 
v 0.0311313 -0.064135 -0.0243893 
v 0.0311222 -0.064135 -0.024472 
v 0.0311313 -0.064135 -0.0248867 
v 0.0311222 -0.064135 -0.024804 
v 0.0312935 -0.064135 -0.0254431 
v 0.0313302 -0.064135 -0.0255176 
v 0.0334323 -0.064135 -0.0264978 
v 0.0333508 -0.064135 -0.0265141 
v 0.0335131 -0.064135 -0.0264781 
v 0.0338251 -0.064135 -0.0263645 
v 0.0342445 -0.064135 -0.0260973 
v 0.034307 -0.064135 -0.0260425 
v 0.034925 -0.064135 -0.024638 
v 0.0349232 -0.064135 -0.0247211 
v 0.0349232 -0.064135 -0.0245549 
v 0.0349087 -0.064135 -0.0243893 
v 0.0349178 -0.064135 -0.024472 
v 0.0348961 -0.064135 -0.0243072 
v 0.031673 -0.064135 -0.023291 
v 0.0316155 -0.064135 -0.023351 
v 0.0315607 -0.064135 -0.0234135 
v 0.0315087 -0.064135 -0.0234783 
v 0.0314595 -0.064135 -0.0235453 
v 0.0314133 -0.064135 -0.0236144 
v 0.0313702 -0.064135 -0.0236855 
v 0.0313302 -0.064135 -0.0237584 
v 0.0313702 -0.064135 -0.0255905 
v 0.0324472 -0.064135 -0.0264548 
v 0.0323685 -0.064135 -0.0264281 
v 0.0325269 -0.064135 -0.0264781 
v 0.0326892 -0.064135 -0.0265141 
v 0.0326077 -0.064135 -0.0264978 
v 0.0327713 -0.064135 -0.0265267 
v 0.0345313 -0.064135 -0.0257977 
v 0.0345805 -0.064135 -0.0257307 
v 0.0349087 -0.064135 -0.0248867 
v 0.0348961 -0.064135 -0.0249688 
v 0.0349178 -0.064135 -0.024804 
v 0.0348798 -0.064135 -0.0242257 
v 0.0348601 -0.064135 -0.0241449 
v 0.0348368 -0.064135 -0.0240652 
v 0.0319964 -0.064135 -0.0230313 
v 0.0311168 -0.064135 -0.0245549 
v 0.031115 -0.064135 -0.024638 
v 0.0311168 -0.064135 -0.0247211 
v 0.0314133 -0.064135 -0.0256616 
v 0.0314595 -0.064135 -0.0257307 
v 0.0316155 -0.064135 -0.025925 
v 0.031673 -0.064135 -0.025985 
v 0.0317955 -0.064135 -0.0260973 
v 0.031733 -0.064135 -0.0260425 
v 0.0318603 -0.064135 -0.0261493 
v 0.0319273 -0.064135 -0.0261985 
v 0.0319964 -0.064135 -0.0262447 
v 0.0320675 -0.064135 -0.0262878 
v 0.0321404 -0.064135 -0.0263278 
v 0.032291 -0.064135 -0.026398 
v 0.0332687 -0.064135 -0.0265267 
v 0.033186 -0.064135 -0.0265358 
v 0.0346267 -0.064135 -0.0256616 
v 0.0346698 -0.064135 -0.0255905 
v 0.0348601 -0.064135 -0.0251311 
v 0.0348368 -0.064135 -0.0252108 
v 0.0348798 -0.064135 -0.0250503 
v 0.0315087 -0.064135 -0.0257977 
v 0.0315607 -0.064135 -0.0258625 
v 0.03478 -0.064135 -0.023909 
v 0.0348101 -0.064135 -0.0239865 
v 0.0347465 -0.064135 -0.0238329 
v 0.0347098 -0.064135 -0.0237584 
v 0.0346698 -0.064135 -0.0236855 
v 0.032854 -0.064135 -0.0265358 
v 0.0329369 -0.064135 -0.0265412 
v 0.03302 -0.064135 -0.026543 
v 0.0331031 -0.064135 -0.0265412 
v 0.0347465 -0.064135 -0.0254431 
v 0.0347098 -0.064135 -0.0255176 
v 0.03478 -0.064135 -0.025367 
v 0.0348101 -0.064135 -0.0252895 
v 0.0322149 -0.064135 -0.0263645 
v 0.0346267 -0.064135 -0.0236144 
v 0.00635 -0.039624 -0.032258 
v 0.03048 -0.039624 -0.032258 
v 0.03048 -0.037719 -0.032258 
v 0.00635 -0.037719 -0.032258 
v 0.00635 -0.039624 -0.029718 
v 0.03048 -0.039624 -0.029718 
v 0.00635 -0.037719 -0.029718 
v 0.03048 -0.037719 -0.029718 
vn 0.0436194 0 0.999048 
vn 2.44929e-16 0 1 
vn 0.0871557 0 0.996195 
vn 0.0436194 0 0.999048 
vn 0.130526 0 0.991445 
vn 0.0871557 0 0.996195 
vn 0.173648 0 0.984808 
vn 0.130526 0 0.991445 
vn 0.21644 0 0.976296 
vn 0.173648 0 0.984808 
vn 0.258819 0 0.965926 
vn 0.21644 0 0.976296 
vn 0.300706 0 0.953717 
vn 0.258819 0 0.965926 
vn 0.34202 0 0.939693 
vn 0.300706 0 0.953717 
vn 0.382683 0 0.92388 
vn 0.34202 0 0.939693 
vn 0.422618 0 0.906308 
vn 0.382683 0 0.92388 
vn 0.461749 0 0.887011 
vn 0.422618 0 0.906308 
vn 0.5 0 0.866025 
vn 0.461749 0 0.887011 
vn 0.5373 0 0.843391 
vn 0.5 0 0.866025 
vn 0.573576 0 0.819152 
vn 0.5373 0 0.843391 
vn 0.608761 0 0.793353 
vn 0.573576 0 0.819152 
vn 0.642788 0 0.766044 
vn 0.608761 0 0.793353 
vn 0.67559 0 0.737277 
vn 0.642788 0 0.766044 
vn 0.707107 0 0.707107 
vn 0.67559 0 0.737277 
vn 0.737277 0 0.67559 
vn 0.707107 0 0.707107 
vn 0.766044 0 0.642788 
vn 0.737277 0 0.67559 
vn 0.793353 0 0.608761 
vn 0.766044 0 0.642788 
vn 0.819152 0 0.573576 
vn 0.793353 0 0.608761 
vn 0.843391 0 0.5373 
vn 0.819152 0 0.573576 
vn 0.866025 0 0.5 
vn 0.843391 0 0.5373 
vn 0.887011 0 0.461749 
vn 0.866025 0 0.5 
vn 0.906308 0 0.422618 
vn 0.887011 0 0.461749 
vn 0.92388 0 0.382683 
vn 0.906308 0 0.422618 
vn 0.939693 0 0.34202 
vn 0.92388 0 0.382683 
vn 0.953717 0 0.300706 
vn 0.939693 0 0.34202 
vn 0.965926 0 0.258819 
vn 0.953717 0 0.300706 
vn 0.976296 0 0.21644 
vn 0.965926 0 0.258819 
vn 0.984808 0 0.173648 
vn 0.976296 0 0.21644 
vn 0.991445 0 0.130526 
vn 0.984808 0 0.173648 
vn 0.996195 0 0.0871557 
vn 0.991445 0 0.130526 
vn 0.999048 0 0.0436194 
vn 0.996195 0 0.0871557 
vn 1 0 -1.83697e-16 
vn 0.999048 0 0.0436194 
vn 0.999048 0 -0.0436194 
vn 1 0 -1.83697e-16 
vn 0.996195 0 -0.0871557 
vn 0.999048 0 -0.0436194 
vn 0.991445 0 -0.130526 
vn 0.996195 0 -0.0871557 
vn 0.984808 0 -0.173648 
vn 0.991445 0 -0.130526 
vn 0.976296 0 -0.21644 
vn 0.984808 0 -0.173648 
vn 0.965926 0 -0.258819 
vn 0.976296 0 -0.21644 
vn 0.953717 0 -0.300706 
vn 0.965926 0 -0.258819 
vn 0.939693 0 -0.34202 
vn 0.953717 0 -0.300706 
vn 0.92388 0 -0.382683 
vn 0.939693 0 -0.34202 
vn 0.906308 0 -0.422618 
vn 0.92388 0 -0.382683 
vn 0.887011 0 -0.461749 
vn 0.906308 0 -0.422618 
vn 0.866025 0 -0.5 
vn 0.887011 0 -0.461749 
vn 0.843391 0 -0.5373 
vn 0.866025 0 -0.5 
vn 0.819152 0 -0.573576 
vn 0.843391 0 -0.5373 
vn 0.793353 0 -0.608761 
vn 0.819152 0 -0.573576 
vn 0.766044 0 -0.642788 
vn 0.793353 0 -0.608761 
vn 0.737277 0 -0.67559 
vn 0.766044 0 -0.642788 
vn 0.707107 0 -0.707107 
vn 0.737277 0 -0.67559 
vn 0.67559 0 -0.737277 
vn 0.707107 0 -0.707107 
vn 0.642788 0 -0.766044 
vn 0.67559 0 -0.737277 
vn 0.608761 0 -0.793353 
vn 0.642788 0 -0.766044 
vn 0.573576 0 -0.819152 
vn 0.608761 0 -0.793353 
vn 0.5373 0 -0.843391 
vn 0.573576 0 -0.819152 
vn 0.5 0 -0.866025 
vn 0.5373 0 -0.843391 
vn 0.461749 0 -0.887011 
vn 0.5 0 -0.866025 
vn 0.422618 0 -0.906308 
vn 0.461749 0 -0.887011 
vn 0.382683 0 -0.92388 
vn 0.422618 0 -0.906308 
vn 0.34202 0 -0.939693 
vn 0.382683 0 -0.92388 
vn 0.300706 0 -0.953717 
vn 0.34202 0 -0.939693 
vn 0.258819 0 -0.965926 
vn 0.300706 0 -0.953717 
vn 0.21644 0 -0.976296 
vn 0.258819 0 -0.965926 
vn 0.173648 0 -0.984808 
vn 0.21644 0 -0.976296 
vn 0.130526 0 -0.991445 
vn 0.173648 0 -0.984808 
vn 0.0871557 0 -0.996195 
vn 0.130526 0 -0.991445 
vn 0.0436194 0 -0.999048 
vn 0.0871557 0 -0.996195 
vn -1.22465e-16 0 -1 
vn 0.0436194 0 -0.999048 
vn -0.0436194 0 -0.999048 
vn -1.22465e-16 0 -1 
vn -0.0871557 0 -0.996195 
vn -0.0436194 0 -0.999048 
vn -0.130526 0 -0.991445 
vn -0.0871557 0 -0.996195 
vn -0.173648 0 -0.984808 
vn -0.130526 0 -0.991445 
vn -0.21644 0 -0.976296 
vn -0.173648 0 -0.984808 
vn -0.258819 0 -0.965926 
vn -0.21644 0 -0.976296 
vn -0.300706 0 -0.953717 
vn -0.258819 0 -0.965926 
vn -0.34202 0 -0.939693 
vn -0.300706 0 -0.953717 
vn -0.382683 0 -0.92388 
vn -0.34202 0 -0.939693 
vn -0.422618 0 -0.906308 
vn -0.382683 0 -0.92388 
vn -0.461749 0 -0.887011 
vn -0.422618 0 -0.906308 
vn -0.5 0 -0.866025 
vn -0.461749 0 -0.887011 
vn -0.5373 0 -0.843391 
vn -0.5 0 -0.866025 
vn -0.573576 0 -0.819152 
vn -0.5373 0 -0.843391 
vn -0.608761 0 -0.793353 
vn -0.573576 0 -0.819152 
vn -0.642788 0 -0.766044 
vn -0.608761 0 -0.793353 
vn -0.67559 0 -0.737277 
vn -0.642788 0 -0.766044 
vn -0.707107 0 -0.707107 
vn -0.67559 0 -0.737277 
vn -0.737277 0 -0.67559 
vn -0.707107 0 -0.707107 
vn -0.766044 0 -0.642788 
vn -0.737277 0 -0.67559 
vn -0.793353 0 -0.608761 
vn -0.766044 0 -0.642788 
vn -0.819152 0 -0.573576 
vn -0.793353 0 -0.608761 
vn -0.843391 0 -0.5373 
vn -0.819152 0 -0.573576 
vn -0.866025 0 -0.5 
vn -0.843391 0 -0.5373 
vn -0.887011 0 -0.461749 
vn -0.866025 0 -0.5 
vn -0.906308 0 -0.422618 
vn -0.887011 0 -0.461749 
vn -0.92388 0 -0.382683 
vn -0.906308 0 -0.422618 
vn -0.939693 0 -0.34202 
vn -0.92388 0 -0.382683 
vn -0.953717 0 -0.300706 
vn -0.939693 0 -0.34202 
vn -0.965926 0 -0.258819 
vn -0.953717 0 -0.300706 
vn -0.976296 0 -0.21644 
vn -0.965926 0 -0.258819 
vn -0.984808 0 -0.173648 
vn -0.976296 0 -0.21644 
vn -0.991445 0 -0.130526 
vn -0.984808 0 -0.173648 
vn -0.996195 0 -0.0871557 
vn -0.991445 0 -0.130526 
vn -0.999048 0 -0.0436194 
vn -0.996195 0 -0.0871557 
vn -1 0 6.12323e-17 
vn -0.999048 0 -0.0436194 
vn -0.999048 0 0.0436194 
vn -1 0 6.12323e-17 
vn -0.996195 0 0.0871557 
vn -0.999048 0 0.0436194 
vn -0.991445 0 0.130526 
vn -0.996195 0 0.0871557 
vn -0.984808 0 0.173648 
vn -0.991445 0 0.130526 
vn -0.976296 0 0.21644 
vn -0.984808 0 0.173648 
vn -0.965926 0 0.258819 
vn -0.976296 0 0.21644 
vn -0.953717 0 0.300706 
vn -0.965926 0 0.258819 
vn -0.939693 0 0.34202 
vn -0.953717 0 0.300706 
vn -0.92388 0 0.382683 
vn -0.939693 0 0.34202 
vn -0.906308 0 0.422618 
vn -0.92388 0 0.382683 
vn -0.887011 0 0.461749 
vn -0.906308 0 0.422618 
vn -0.866025 0 0.5 
vn -0.887011 0 0.461749 
vn -0.843391 0 0.5373 
vn -0.866025 0 0.5 
vn -0.819152 0 0.573576 
vn -0.843391 0 0.5373 
vn -0.793353 0 0.608761 
vn -0.819152 0 0.573576 
vn -0.766044 0 0.642788 
vn -0.793353 0 0.608761 
vn -0.737277 0 0.67559 
vn -0.766044 0 0.642788 
vn -0.707107 0 0.707107 
vn -0.737277 0 0.67559 
vn -0.67559 0 0.737277 
vn -0.707107 0 0.707107 
vn -0.642788 0 0.766044 
vn -0.67559 0 0.737277 
vn -0.608761 0 0.793353 
vn -0.642788 0 0.766044 
vn -0.573576 0 0.819152 
vn -0.608761 0 0.793353 
vn -0.5373 0 0.843391 
vn -0.573576 0 0.819152 
vn -0.5 0 0.866025 
vn -0.5373 0 0.843391 
vn -0.461749 0 0.887011 
vn -0.5 0 0.866025 
vn -0.422618 0 0.906308 
vn -0.461749 0 0.887011 
vn -0.382683 0 0.92388 
vn -0.422618 0 0.906308 
vn -0.34202 0 0.939693 
vn -0.382683 0 0.92388 
vn -0.300706 0 0.953717 
vn -0.34202 0 0.939693 
vn -0.258819 0 0.965926 
vn -0.300706 0 0.953717 
vn -0.21644 0 0.976296 
vn -0.258819 0 0.965926 
vn -0.173648 0 0.984808 
vn -0.21644 0 0.976296 
vn -0.130526 0 0.991445 
vn -0.173648 0 0.984808 
vn -0.0871557 0 0.996195 
vn -0.130526 0 0.991445 
vn -0.0436194 0 0.999048 
vn -0.0871557 0 0.996195 
vn 0 -1 0 
vn 0.0436194 0 0.999048 
vn 2.44929e-16 0 1 
vn 0.0871557 0 0.996195 
vn 0.0436194 0 0.999048 
vn 0.130526 0 0.991445 
vn 0.0871557 0 0.996195 
vn 0.173648 0 0.984808 
vn 0.130526 0 0.991445 
vn 0.21644 0 0.976296 
vn 0.173648 0 0.984808 
vn 0.258819 0 0.965926 
vn 0.21644 0 0.976296 
vn 0.300706 0 0.953717 
vn 0.258819 0 0.965926 
vn 0.34202 0 0.939693 
vn 0.300706 0 0.953717 
vn 0.382683 0 0.92388 
vn 0.34202 0 0.939693 
vn 0.422618 0 0.906308 
vn 0.382683 0 0.92388 
vn 0.461749 0 0.887011 
vn 0.422618 0 0.906308 
vn 0.5 0 0.866025 
vn 0.461749 0 0.887011 
vn 0.5373 0 0.843391 
vn 0.5 0 0.866025 
vn 0.573576 0 0.819152 
vn 0.5373 0 0.843391 
vn 0.608761 0 0.793353 
vn 0.573576 0 0.819152 
vn 0.642788 0 0.766044 
vn 0.608761 0 0.793353 
vn 0.67559 0 0.737277 
vn 0.642788 0 0.766044 
vn 0.707107 0 0.707107 
vn 0.67559 0 0.737277 
vn 0.737277 0 0.67559 
vn 0.707107 0 0.707107 
vn 0.766044 0 0.642788 
vn 0.737277 0 0.67559 
vn 0.793353 0 0.608761 
vn 0.766044 0 0.642788 
vn 0.819152 0 0.573576 
vn 0.793353 0 0.608761 
vn 0.843391 0 0.5373 
vn 0.819152 0 0.573576 
vn 0.866025 0 0.5 
vn 0.843391 0 0.5373 
vn 0.887011 0 0.461749 
vn 0.866025 0 0.5 
vn 0.906308 0 0.422618 
vn 0.887011 0 0.461749 
vn 0.92388 0 0.382683 
vn 0.906308 0 0.422618 
vn 0.939693 0 0.34202 
vn 0.92388 0 0.382683 
vn 0.953717 0 0.300706 
vn 0.939693 0 0.34202 
vn 0.965926 0 0.258819 
vn 0.953717 0 0.300706 
vn 0.976296 0 0.21644 
vn 0.965926 0 0.258819 
vn 0.984808 0 0.173648 
vn 0.976296 0 0.21644 
vn 0.991445 0 0.130526 
vn 0.984808 0 0.173648 
vn 0.996195 0 0.0871557 
vn 0.991445 0 0.130526 
vn 0.999048 0 0.0436194 
vn 0.996195 0 0.0871557 
vn 1 0 -1.83697e-16 
vn 0.999048 0 0.0436194 
vn 0.999048 0 -0.0436194 
vn 1 0 -1.83697e-16 
vn 0.996195 0 -0.0871557 
vn 0.999048 0 -0.0436194 
vn 0.991445 0 -0.130526 
vn 0.996195 0 -0.0871557 
vn 0.984808 0 -0.173648 
vn 0.991445 0 -0.130526 
vn 0.976296 0 -0.21644 
vn 0.984808 0 -0.173648 
vn 0.965926 0 -0.258819 
vn 0.976296 0 -0.21644 
vn 0.953717 0 -0.300706 
vn 0.965926 0 -0.258819 
vn 0.939693 0 -0.34202 
vn 0.953717 0 -0.300706 
vn 0.92388 0 -0.382683 
vn 0.939693 0 -0.34202 
vn 0.906308 0 -0.422618 
vn 0.92388 0 -0.382683 
vn 0.887011 0 -0.461749 
vn 0.906308 0 -0.422618 
vn 0.866025 0 -0.5 
vn 0.887011 0 -0.461749 
vn 0.843391 0 -0.5373 
vn 0.866025 0 -0.5 
vn 0.819152 0 -0.573576 
vn 0.843391 0 -0.5373 
vn 0.793353 0 -0.608761 
vn 0.819152 0 -0.573576 
vn 0.766044 0 -0.642788 
vn 0.793353 0 -0.608761 
vn 0.737277 0 -0.67559 
vn 0.766044 0 -0.642788 
vn 0.707107 0 -0.707107 
vn 0.737277 0 -0.67559 
vn 0.67559 0 -0.737277 
vn 0.707107 0 -0.707107 
vn 0.642788 0 -0.766044 
vn 0.67559 0 -0.737277 
vn 0.608761 0 -0.793353 
vn 0.642788 0 -0.766044 
vn 0.573576 0 -0.819152 
vn 0.608761 0 -0.793353 
vn 0.5373 0 -0.843391 
vn 0.573576 0 -0.819152 
vn 0.5 0 -0.866025 
vn 0.5373 0 -0.843391 
vn 0.461749 0 -0.887011 
vn 0.5 0 -0.866025 
vn 0.422618 0 -0.906308 
vn 0.461749 0 -0.887011 
vn 0.382683 0 -0.92388 
vn 0.422618 0 -0.906308 
vn 0.34202 0 -0.939693 
vn 0.382683 0 -0.92388 
vn 0.300706 0 -0.953717 
vn 0.34202 0 -0.939693 
vn 0.258819 0 -0.965926 
vn 0.300706 0 -0.953717 
vn 0.21644 0 -0.976296 
vn 0.258819 0 -0.965926 
vn 0.173648 0 -0.984808 
vn 0.21644 0 -0.976296 
vn 0.130526 0 -0.991445 
vn 0.173648 0 -0.984808 
vn 0.0871557 0 -0.996195 
vn 0.130526 0 -0.991445 
vn 0.0436194 0 -0.999048 
vn 0.0871557 0 -0.996195 
vn -1.22465e-16 0 -1 
vn 0.0436194 0 -0.999048 
vn -0.0436194 0 -0.999048 
vn -1.22465e-16 0 -1 
vn -0.0871557 0 -0.996195 
vn -0.0436194 0 -0.999048 
vn -0.130526 0 -0.991445 
vn -0.0871557 0 -0.996195 
vn -0.173648 0 -0.984808 
vn -0.130526 0 -0.991445 
vn -0.21644 0 -0.976296 
vn -0.173648 0 -0.984808 
vn -0.258819 0 -0.965926 
vn -0.21644 0 -0.976296 
vn -0.300706 0 -0.953717 
vn -0.258819 0 -0.965926 
vn -0.34202 0 -0.939693 
vn -0.300706 0 -0.953717 
vn -0.382683 0 -0.92388 
vn -0.34202 0 -0.939693 
vn -0.422618 0 -0.906308 
vn -0.382683 0 -0.92388 
vn -0.461749 0 -0.887011 
vn -0.422618 0 -0.906308 
vn -0.5 0 -0.866025 
vn -0.461749 0 -0.887011 
vn -0.5373 0 -0.843391 
vn -0.5 0 -0.866025 
vn -0.573576 0 -0.819152 
vn -0.5373 0 -0.843391 
vn -0.608761 0 -0.793353 
vn -0.573576 0 -0.819152 
vn -0.642788 0 -0.766044 
vn -0.608761 0 -0.793353 
vn -0.67559 0 -0.737277 
vn -0.642788 0 -0.766044 
vn -0.707107 0 -0.707107 
vn -0.67559 0 -0.737277 
vn -0.737277 0 -0.67559 
vn -0.707107 0 -0.707107 
vn -0.766044 0 -0.642788 
vn -0.737277 0 -0.67559 
vn -0.793353 0 -0.608761 
vn -0.766044 0 -0.642788 
vn -0.819152 0 -0.573576 
vn -0.793353 0 -0.608761 
vn -0.843391 0 -0.5373 
vn -0.819152 0 -0.573576 
vn -0.866025 0 -0.5 
vn -0.843391 0 -0.5373 
vn -0.887011 0 -0.461749 
vn -0.866025 0 -0.5 
vn -0.906308 0 -0.422618 
vn -0.887011 0 -0.461749 
vn -0.92388 0 -0.382683 
vn -0.906308 0 -0.422618 
vn -0.939693 0 -0.34202 
vn -0.92388 0 -0.382683 
vn -0.953717 0 -0.300706 
vn -0.939693 0 -0.34202 
vn -0.965926 0 -0.258819 
vn -0.953717 0 -0.300706 
vn -0.976296 0 -0.21644 
vn -0.965926 0 -0.258819 
vn -0.984808 0 -0.173648 
vn -0.976296 0 -0.21644 
vn -0.991445 0 -0.130526 
vn -0.984808 0 -0.173648 
vn -0.996195 0 -0.0871557 
vn -0.991445 0 -0.130526 
vn -0.999048 0 -0.0436194 
vn -0.996195 0 -0.0871557 
vn -1 0 6.12323e-17 
vn -0.999048 0 -0.0436194 
vn -0.999048 0 0.0436194 
vn -1 0 6.12323e-17 
vn -0.996195 0 0.0871557 
vn -0.999048 0 0.0436194 
vn -0.991445 0 0.130526 
vn -0.996195 0 0.0871557 
vn -0.984808 0 0.173648 
vn -0.991445 0 0.130526 
vn -0.976296 0 0.21644 
vn -0.984808 0 0.173648 
vn -0.965926 0 0.258819 
vn -0.976296 0 0.21644 
vn -0.953717 0 0.300706 
vn -0.965926 0 0.258819 
vn -0.939693 0 0.34202 
vn -0.953717 0 0.300706 
vn -0.92388 0 0.382683 
vn -0.939693 0 0.34202 
vn -0.906308 0 0.422618 
vn -0.92388 0 0.382683 
vn -0.887011 0 0.461749 
vn -0.906308 0 0.422618 
vn -0.866025 0 0.5 
vn -0.887011 0 0.461749 
vn -0.843391 0 0.5373 
vn -0.866025 0 0.5 
vn -0.819152 0 0.573576 
vn -0.843391 0 0.5373 
vn -0.793353 0 0.608761 
vn -0.819152 0 0.573576 
vn -0.766044 0 0.642788 
vn -0.793353 0 0.608761 
vn -0.737277 0 0.67559 
vn -0.766044 0 0.642788 
vn -0.707107 0 0.707107 
vn -0.737277 0 0.67559 
vn -0.67559 0 0.737277 
vn -0.707107 0 0.707107 
vn -0.642788 0 0.766044 
vn -0.67559 0 0.737277 
vn -0.608761 0 0.793353 
vn -0.642788 0 0.766044 
vn -0.573576 0 0.819152 
vn -0.608761 0 0.793353 
vn -0.5373 0 0.843391 
vn -0.573576 0 0.819152 
vn -0.5 0 0.866025 
vn -0.5373 0 0.843391 
vn -0.461749 0 0.887011 
vn -0.5 0 0.866025 
vn -0.422618 0 0.906308 
vn -0.461749 0 0.887011 
vn -0.382683 0 0.92388 
vn -0.422618 0 0.906308 
vn -0.34202 0 0.939693 
vn -0.382683 0 0.92388 
vn -0.300706 0 0.953717 
vn -0.34202 0 0.939693 
vn -0.258819 0 0.965926 
vn -0.300706 0 0.953717 
vn -0.21644 0 0.976296 
vn -0.258819 0 0.965926 
vn -0.173648 0 0.984808 
vn -0.21644 0 0.976296 
vn -0.130526 0 0.991445 
vn -0.173648 0 0.984808 
vn -0.0871557 0 0.996195 
vn -0.130526 0 0.991445 
vn -0.0436194 0 0.999048 
vn -0.0871557 0 0.996195 
vn 0 1 0 
vn 1 0 0 
vn 0 0 1 
vn -1 0 0 
vn 0 -1 0 
vn 0.0436194 0 0.999048 
vn 2.44929e-16 0 1 
vn 0.0871557 0 0.996195 
vn 0.0436194 0 0.999048 
vn 0.130526 0 0.991445 
vn 0.0871557 0 0.996195 
vn 0.173648 0 0.984808 
vn 0.130526 0 0.991445 
vn 0.21644 0 0.976296 
vn 0.173648 0 0.984808 
vn 0.258819 0 0.965926 
vn 0.21644 0 0.976296 
vn 0.300706 0 0.953717 
vn 0.258819 0 0.965926 
vn 0.34202 0 0.939693 
vn 0.300706 0 0.953717 
vn 0.382683 0 0.92388 
vn 0.34202 0 0.939693 
vn 0.422618 0 0.906308 
vn 0.382683 0 0.92388 
vn 0.461749 0 0.887011 
vn 0.422618 0 0.906308 
vn 0.5 0 0.866025 
vn 0.461749 0 0.887011 
vn 0.5373 0 0.843391 
vn 0.5 0 0.866025 
vn 0.573576 0 0.819152 
vn 0.5373 0 0.843391 
vn 0.608761 0 0.793353 
vn 0.573576 0 0.819152 
vn 0.642788 0 0.766044 
vn 0.608761 0 0.793353 
vn 0.67559 0 0.737277 
vn 0.642788 0 0.766044 
vn 0.707107 0 0.707107 
vn 0.67559 0 0.737277 
vn 0.737277 0 0.67559 
vn 0.707107 0 0.707107 
vn 0.766044 0 0.642788 
vn 0.737277 0 0.67559 
vn 0.793353 0 0.608761 
vn 0.766044 0 0.642788 
vn 0.819152 0 0.573576 
vn 0.793353 0 0.608761 
vn 0.843391 0 0.5373 
vn 0.819152 0 0.573576 
vn 0.866025 0 0.5 
vn 0.843391 0 0.5373 
vn 0.887011 0 0.461749 
vn 0.866025 0 0.5 
vn 0.906308 0 0.422618 
vn 0.887011 0 0.461749 
vn 0.92388 0 0.382683 
vn 0.906308 0 0.422618 
vn 0.939693 0 0.34202 
vn 0.92388 0 0.382683 
vn 0.953717 0 0.300706 
vn 0.939693 0 0.34202 
vn 0.965926 0 0.258819 
vn 0.953717 0 0.300706 
vn 0.976296 0 0.21644 
vn 0.965926 0 0.258819 
vn 0.984808 0 0.173648 
vn 0.976296 0 0.21644 
vn 0.991445 0 0.130526 
vn 0.984808 0 0.173648 
vn 0.996195 0 0.0871557 
vn 0.991445 0 0.130526 
vn 0.999048 0 0.0436194 
vn 0.996195 0 0.0871557 
vn 1 0 -1.83697e-16 
vn 0.999048 0 0.0436194 
vn 0.999048 0 -0.0436194 
vn 1 0 -1.83697e-16 
vn 0.996195 0 -0.0871557 
vn 0.999048 0 -0.0436194 
vn 0.991445 0 -0.130526 
vn 0.996195 0 -0.0871557 
vn 0.984808 0 -0.173648 
vn 0.991445 0 -0.130526 
vn 0.976296 0 -0.21644 
vn 0.984808 0 -0.173648 
vn 0.965926 0 -0.258819 
vn 0.976296 0 -0.21644 
vn 0.953717 0 -0.300706 
vn 0.965926 0 -0.258819 
vn 0.939693 0 -0.34202 
vn 0.953717 0 -0.300706 
vn 0.92388 0 -0.382683 
vn 0.939693 0 -0.34202 
vn 0.906308 0 -0.422618 
vn 0.92388 0 -0.382683 
vn 0.887011 0 -0.461749 
vn 0.906308 0 -0.422618 
vn 0.866025 0 -0.5 
vn 0.887011 0 -0.461749 
vn 0.843391 0 -0.5373 
vn 0.866025 0 -0.5 
vn 0.819152 0 -0.573576 
vn 0.843391 0 -0.5373 
vn 0.793353 0 -0.608761 
vn 0.819152 0 -0.573576 
vn 0.766044 0 -0.642788 
vn 0.793353 0 -0.608761 
vn 0.737277 0 -0.67559 
vn 0.766044 0 -0.642788 
vn 0.707107 0 -0.707107 
vn 0.737277 0 -0.67559 
vn 0.67559 0 -0.737277 
vn 0.707107 0 -0.707107 
vn 0.642788 0 -0.766044 
vn 0.67559 0 -0.737277 
vn 0.608761 0 -0.793353 
vn 0.642788 0 -0.766044 
vn 0.573576 0 -0.819152 
vn 0.608761 0 -0.793353 
vn 0.5373 0 -0.843391 
vn 0.573576 0 -0.819152 
vn 0.5 0 -0.866025 
vn 0.5373 0 -0.843391 
vn 0.461749 0 -0.887011 
vn 0.5 0 -0.866025 
vn 0.422618 0 -0.906308 
vn 0.461749 0 -0.887011 
vn 0.382683 0 -0.92388 
vn 0.422618 0 -0.906308 
vn 0.34202 0 -0.939693 
vn 0.382683 0 -0.92388 
vn 0.300706 0 -0.953717 
vn 0.34202 0 -0.939693 
vn 0.258819 0 -0.965926 
vn 0.300706 0 -0.953717 
vn 0.21644 0 -0.976296 
vn 0.258819 0 -0.965926 
vn 0.173648 0 -0.984808 
vn 0.21644 0 -0.976296 
vn 0.130526 0 -0.991445 
vn 0.173648 0 -0.984808 
vn 0.0871557 0 -0.996195 
vn 0.130526 0 -0.991445 
vn 0.0436194 0 -0.999048 
vn 0.0871557 0 -0.996195 
vn -1.22465e-16 0 -1 
vn 0.0436194 0 -0.999048 
vn -0.0436194 0 -0.999048 
vn -1.22465e-16 0 -1 
vn -0.0871557 0 -0.996195 
vn -0.0436194 0 -0.999048 
vn -0.130526 0 -0.991445 
vn -0.0871557 0 -0.996195 
vn -0.173648 0 -0.984808 
vn -0.130526 0 -0.991445 
vn -0.21644 0 -0.976296 
vn -0.173648 0 -0.984808 
vn -0.258819 0 -0.965926 
vn -0.21644 0 -0.976296 
vn -0.300706 0 -0.953717 
vn -0.258819 0 -0.965926 
vn -0.34202 0 -0.939693 
vn -0.300706 0 -0.953717 
vn -0.382683 0 -0.92388 
vn -0.34202 0 -0.939693 
vn -0.422618 0 -0.906308 
vn -0.382683 0 -0.92388 
vn -0.461749 0 -0.887011 
vn -0.422618 0 -0.906308 
vn -0.5 0 -0.866025 
vn -0.461749 0 -0.887011 
vn -0.5373 0 -0.843391 
vn -0.5 0 -0.866025 
vn -0.573576 0 -0.819152 
vn -0.5373 0 -0.843391 
vn -0.608761 0 -0.793353 
vn -0.573576 0 -0.819152 
vn -0.642788 0 -0.766044 
vn -0.608761 0 -0.793353 
vn -0.67559 0 -0.737277 
vn -0.642788 0 -0.766044 
vn -0.707107 0 -0.707107 
vn -0.67559 0 -0.737277 
vn -0.737277 0 -0.67559 
vn -0.707107 0 -0.707107 
vn -0.766044 0 -0.642788 
vn -0.737277 0 -0.67559 
vn -0.793353 0 -0.608761 
vn -0.766044 0 -0.642788 
vn -0.819152 0 -0.573576 
vn -0.793353 0 -0.608761 
vn -0.843391 0 -0.5373 
vn -0.819152 0 -0.573576 
vn -0.866025 0 -0.5 
vn -0.843391 0 -0.5373 
vn -0.887011 0 -0.461749 
vn -0.866025 0 -0.5 
vn -0.906308 0 -0.422618 
vn -0.887011 0 -0.461749 
vn -0.92388 0 -0.382683 
vn -0.906308 0 -0.422618 
vn -0.939693 0 -0.34202 
vn -0.92388 0 -0.382683 
vn -0.953717 0 -0.300706 
vn -0.939693 0 -0.34202 
vn -0.965926 0 -0.258819 
vn -0.953717 0 -0.300706 
vn -0.976296 0 -0.21644 
vn -0.965926 0 -0.258819 
vn -0.984808 0 -0.173648 
vn -0.976296 0 -0.21644 
vn -0.991445 0 -0.130526 
vn -0.984808 0 -0.173648 
vn -0.996195 0 -0.0871557 
vn -0.991445 0 -0.130526 
vn -0.999048 0 -0.0436194 
vn -0.996195 0 -0.0871557 
vn -1 0 6.12323e-17 
vn -0.999048 0 -0.0436194 
vn -0.999048 0 0.0436194 
vn -1 0 6.12323e-17 
vn -0.996195 0 0.0871557 
vn -0.999048 0 0.0436194 
vn -0.991445 0 0.130526 
vn -0.996195 0 0.0871557 
vn -0.984808 0 0.173648 
vn -0.991445 0 0.130526 
vn -0.976296 0 0.21644 
vn -0.984808 0 0.173648 
vn -0.965926 0 0.258819 
vn -0.976296 0 0.21644 
vn -0.953717 0 0.300706 
vn -0.965926 0 0.258819 
vn -0.939693 0 0.34202 
vn -0.953717 0 0.300706 
vn -0.92388 0 0.382683 
vn -0.939693 0 0.34202 
vn -0.906308 0 0.422618 
vn -0.92388 0 0.382683 
vn -0.887011 0 0.461749 
vn -0.906308 0 0.422618 
vn -0.866025 0 0.5 
vn -0.887011 0 0.461749 
vn -0.843391 0 0.5373 
vn -0.866025 0 0.5 
vn -0.819152 0 0.573576 
vn -0.843391 0 0.5373 
vn -0.793353 0 0.608761 
vn -0.819152 0 0.573576 
vn -0.766044 0 0.642788 
vn -0.793353 0 0.608761 
vn -0.737277 0 0.67559 
vn -0.766044 0 0.642788 
vn -0.707107 0 0.707107 
vn -0.737277 0 0.67559 
vn -0.67559 0 0.737277 
vn -0.707107 0 0.707107 
vn -0.642788 0 0.766044 
vn -0.67559 0 0.737277 
vn -0.608761 0 0.793353 
vn -0.642788 0 0.766044 
vn -0.573576 0 0.819152 
vn -0.608761 0 0.793353 
vn -0.5373 0 0.843391 
vn -0.573576 0 0.819152 
vn -0.5 0 0.866025 
vn -0.5373 0 0.843391 
vn -0.461749 0 0.887011 
vn -0.5 0 0.866025 
vn -0.422618 0 0.906308 
vn -0.461749 0 0.887011 
vn -0.382683 0 0.92388 
vn -0.422618 0 0.906308 
vn -0.34202 0 0.939693 
vn -0.382683 0 0.92388 
vn -0.300706 0 0.953717 
vn -0.34202 0 0.939693 
vn -0.258819 0 0.965926 
vn -0.300706 0 0.953717 
vn -0.21644 0 0.976296 
vn -0.258819 0 0.965926 
vn -0.173648 0 0.984808 
vn -0.21644 0 0.976296 
vn -0.130526 0 0.991445 
vn -0.173648 0 0.984808 
vn -0.0871557 0 0.996195 
vn -0.130526 0 0.991445 
vn -0.0436194 0 0.999048 
vn -0.0871557 0 0.996195 
vn 0 -1 0 
vn 0.0436194 0 0.999048 
vn 2.44929e-16 0 1 
vn 0.0871557 0 0.996195 
vn 0.0436194 0 0.999048 
vn 0.130526 0 0.991445 
vn 0.0871557 0 0.996195 
vn 0.173648 0 0.984808 
vn 0.130526 0 0.991445 
vn 0.21644 0 0.976296 
vn 0.173648 0 0.984808 
vn 0.258819 0 0.965926 
vn 0.21644 0 0.976296 
vn 0.300706 0 0.953717 
vn 0.258819 0 0.965926 
vn 0.34202 0 0.939693 
vn 0.300706 0 0.953717 
vn 0.382683 0 0.92388 
vn 0.34202 0 0.939693 
vn 0.422618 0 0.906308 
vn 0.382683 0 0.92388 
vn 0.461749 0 0.887011 
vn 0.422618 0 0.906308 
vn 0.5 0 0.866025 
vn 0.461749 0 0.887011 
vn 0.5373 0 0.843391 
vn 0.5 0 0.866025 
vn 0.573576 0 0.819152 
vn 0.5373 0 0.843391 
vn 0.608761 0 0.793353 
vn 0.573576 0 0.819152 
vn 0.642788 0 0.766044 
vn 0.608761 0 0.793353 
vn 0.67559 0 0.737277 
vn 0.642788 0 0.766044 
vn 0.707107 0 0.707107 
vn 0.67559 0 0.737277 
vn 0.737277 0 0.67559 
vn 0.707107 0 0.707107 
vn 0.766044 0 0.642788 
vn 0.737277 0 0.67559 
vn 0.793353 0 0.608761 
vn 0.766044 0 0.642788 
vn 0.819152 0 0.573576 
vn 0.793353 0 0.608761 
vn 0.843391 0 0.5373 
vn 0.819152 0 0.573576 
vn 0.866025 0 0.5 
vn 0.843391 0 0.5373 
vn 0.887011 0 0.461749 
vn 0.866025 0 0.5 
vn 0.906308 0 0.422618 
vn 0.887011 0 0.461749 
vn 0.92388 0 0.382683 
vn 0.906308 0 0.422618 
vn 0.939693 0 0.34202 
vn 0.92388 0 0.382683 
vn 0.953717 0 0.300706 
vn 0.939693 0 0.34202 
vn 0.965926 0 0.258819 
vn 0.953717 0 0.300706 
vn 0.976296 0 0.21644 
vn 0.965926 0 0.258819 
vn 0.984808 0 0.173648 
vn 0.976296 0 0.21644 
vn 0.991445 0 0.130526 
vn 0.984808 0 0.173648 
vn 0.996195 0 0.0871557 
vn 0.991445 0 0.130526 
vn 0.999048 0 0.0436194 
vn 0.996195 0 0.0871557 
vn 1 0 -1.83697e-16 
vn 0.999048 0 0.0436194 
vn 0.999048 0 -0.0436194 
vn 1 0 -1.83697e-16 
vn 0.996195 0 -0.0871557 
vn 0.999048 0 -0.0436194 
vn 0.991445 0 -0.130526 
vn 0.996195 0 -0.0871557 
vn 0.984808 0 -0.173648 
vn 0.991445 0 -0.130526 
vn 0.976296 0 -0.21644 
vn 0.984808 0 -0.173648 
vn 0.965926 0 -0.258819 
vn 0.976296 0 -0.21644 
vn 0.953717 0 -0.300706 
vn 0.965926 0 -0.258819 
vn 0.939693 0 -0.34202 
vn 0.953717 0 -0.300706 
vn 0.92388 0 -0.382683 
vn 0.939693 0 -0.34202 
vn 0.906308 0 -0.422618 
vn 0.92388 0 -0.382683 
vn 0.887011 0 -0.461749 
vn 0.906308 0 -0.422618 
vn 0.866025 0 -0.5 
vn 0.887011 0 -0.461749 
vn 0.843391 0 -0.5373 
vn 0.866025 0 -0.5 
vn 0.819152 0 -0.573576 
vn 0.843391 0 -0.5373 
vn 0.793353 0 -0.608761 
vn 0.819152 0 -0.573576 
vn 0.766044 0 -0.642788 
vn 0.793353 0 -0.608761 
vn 0.737277 0 -0.67559 
vn 0.766044 0 -0.642788 
vn 0.707107 0 -0.707107 
vn 0.737277 0 -0.67559 
vn 0.67559 0 -0.737277 
vn 0.707107 0 -0.707107 
vn 0.642788 0 -0.766044 
vn 0.67559 0 -0.737277 
vn 0.608761 0 -0.793353 
vn 0.642788 0 -0.766044 
vn 0.573576 0 -0.819152 
vn 0.608761 0 -0.793353 
vn 0.5373 0 -0.843391 
vn 0.573576 0 -0.819152 
vn 0.5 0 -0.866025 
vn 0.5373 0 -0.843391 
vn 0.461749 0 -0.887011 
vn 0.5 0 -0.866025 
vn 0.422618 0 -0.906308 
vn 0.461749 0 -0.887011 
vn 0.382683 0 -0.92388 
vn 0.422618 0 -0.906308 
vn 0.34202 0 -0.939693 
vn 0.382683 0 -0.92388 
vn 0.300706 0 -0.953717 
vn 0.34202 0 -0.939693 
vn 0.258819 0 -0.965926 
vn 0.300706 0 -0.953717 
vn 0.21644 0 -0.976296 
vn 0.258819 0 -0.965926 
vn 0.173648 0 -0.984808 
vn 0.21644 0 -0.976296 
vn 0.130526 0 -0.991445 
vn 0.173648 0 -0.984808 
vn 0.0871557 0 -0.996195 
vn 0.130526 0 -0.991445 
vn 0.0436194 0 -0.999048 
vn 0.0871557 0 -0.996195 
vn -1.22465e-16 0 -1 
vn 0.0436194 0 -0.999048 
vn -0.0436194 0 -0.999048 
vn -1.22465e-16 0 -1 
vn -0.0871557 0 -0.996195 
vn -0.0436194 0 -0.999048 
vn -0.130526 0 -0.991445 
vn -0.0871557 0 -0.996195 
vn -0.173648 0 -0.984808 
vn -0.130526 0 -0.991445 
vn -0.21644 0 -0.976296 
vn -0.173648 0 -0.984808 
vn -0.258819 0 -0.965926 
vn -0.21644 0 -0.976296 
vn -0.300706 0 -0.953717 
vn -0.258819 0 -0.965926 
vn -0.34202 0 -0.939693 
vn -0.300706 0 -0.953717 
vn -0.382683 0 -0.92388 
vn -0.34202 0 -0.939693 
vn -0.422618 0 -0.906308 
vn -0.382683 0 -0.92388 
vn -0.461749 0 -0.887011 
vn -0.422618 0 -0.906308 
vn -0.5 0 -0.866025 
vn -0.461749 0 -0.887011 
vn -0.5373 0 -0.843391 
vn -0.5 0 -0.866025 
vn -0.573576 0 -0.819152 
vn -0.5373 0 -0.843391 
vn -0.608761 0 -0.793353 
vn -0.573576 0 -0.819152 
vn -0.642788 0 -0.766044 
vn -0.608761 0 -0.793353 
vn -0.67559 0 -0.737277 
vn -0.642788 0 -0.766044 
vn -0.707107 0 -0.707107 
vn -0.67559 0 -0.737277 
vn -0.737277 0 -0.67559 
vn -0.707107 0 -0.707107 
vn -0.766044 0 -0.642788 
vn -0.737277 0 -0.67559 
vn -0.793353 0 -0.608761 
vn -0.766044 0 -0.642788 
vn -0.819152 0 -0.573576 
vn -0.793353 0 -0.608761 
vn -0.843391 0 -0.5373 
vn -0.819152 0 -0.573576 
vn -0.866025 0 -0.5 
vn -0.843391 0 -0.5373 
vn -0.887011 0 -0.461749 
vn -0.866025 0 -0.5 
vn -0.906308 0 -0.422618 
vn -0.887011 0 -0.461749 
vn -0.92388 0 -0.382683 
vn -0.906308 0 -0.422618 
vn -0.939693 0 -0.34202 
vn -0.92388 0 -0.382683 
vn -0.953717 0 -0.300706 
vn -0.939693 0 -0.34202 
vn -0.965926 0 -0.258819 
vn -0.953717 0 -0.300706 
vn -0.976296 0 -0.21644 
vn -0.965926 0 -0.258819 
vn -0.984808 0 -0.173648 
vn -0.976296 0 -0.21644 
vn -0.991445 0 -0.130526 
vn -0.984808 0 -0.173648 
vn -0.996195 0 -0.0871557 
vn -0.991445 0 -0.130526 
vn -0.999048 0 -0.0436194 
vn -0.996195 0 -0.0871557 
vn -1 0 6.12323e-17 
vn -0.999048 0 -0.0436194 
vn -0.999048 0 0.0436194 
vn -1 0 6.12323e-17 
vn -0.996195 0 0.0871557 
vn -0.999048 0 0.0436194 
vn -0.991445 0 0.130526 
vn -0.996195 0 0.0871557 
vn -0.984808 0 0.173648 
vn -0.991445 0 0.130526 
vn -0.976296 0 0.21644 
vn -0.984808 0 0.173648 
vn -0.965926 0 0.258819 
vn -0.976296 0 0.21644 
vn -0.953717 0 0.300706 
vn -0.965926 0 0.258819 
vn -0.939693 0 0.34202 
vn -0.953717 0 0.300706 
vn -0.92388 0 0.382683 
vn -0.939693 0 0.34202 
vn -0.906308 0 0.422618 
vn -0.92388 0 0.382683 
vn -0.887011 0 0.461749 
vn -0.906308 0 0.422618 
vn -0.866025 0 0.5 
vn -0.887011 0 0.461749 
vn -0.843391 0 0.5373 
vn -0.866025 0 0.5 
vn -0.819152 0 0.573576 
vn -0.843391 0 0.5373 
vn -0.793353 0 0.608761 
vn -0.819152 0 0.573576 
vn -0.766044 0 0.642788 
vn -0.793353 0 0.608761 
vn -0.737277 0 0.67559 
vn -0.766044 0 0.642788 
vn -0.707107 0 0.707107 
vn -0.737277 0 0.67559 
vn -0.67559 0 0.737277 
vn -0.707107 0 0.707107 
vn -0.642788 0 0.766044 
vn -0.67559 0 0.737277 
vn -0.608761 0 0.793353 
vn -0.642788 0 0.766044 
vn -0.573576 0 0.819152 
vn -0.608761 0 0.793353 
vn -0.5373 0 0.843391 
vn -0.573576 0 0.819152 
vn -0.5 0 0.866025 
vn -0.5373 0 0.843391 
vn -0.461749 0 0.887011 
vn -0.5 0 0.866025 
vn -0.422618 0 0.906308 
vn -0.461749 0 0.887011 
vn -0.382683 0 0.92388 
vn -0.422618 0 0.906308 
vn -0.34202 0 0.939693 
vn -0.382683 0 0.92388 
vn -0.300706 0 0.953717 
vn -0.34202 0 0.939693 
vn -0.258819 0 0.965926 
vn -0.300706 0 0.953717 
vn -0.21644 0 0.976296 
vn -0.258819 0 0.965926 
vn -0.173648 0 0.984808 
vn -0.21644 0 0.976296 
vn -0.130526 0 0.991445 
vn -0.173648 0 0.984808 
vn -0.0871557 0 0.996195 
vn -0.130526 0 0.991445 
vn -0.0436194 0 0.999048 
vn -0.0871557 0 0.996195 
vn 3.76807e-16 0 -1 
vn 0 1 0 
vn -1 0 0 
vn 1 0 0 
vn 0 0 1 
vn 0 1 0 
o mesh20
f 1177//1158 1178//1159 1179//1159 
f 1180//1160 1177//1158 1181//1161 
f 1182//1162 1180//1160 1183//1163 
f 1184//1164 1182//1162 1185//1165 
f 1186//1166 1184//1164 1187//1167 
f 1188//1168 1186//1166 1189//1169 
f 1190//1170 1188//1168 1191//1171 
f 1192//1172 1190//1170 1193//1173 
f 1194//1174 1192//1172 1195//1175 
f 1196//1176 1194//1174 1197//1177 
f 1198//1178 1196//1176 1199//1179 
f 1200//1180 1198//1178 1201//1181 
f 1202//1182 1200//1180 1203//1183 
f 1204//1184 1202//1182 1205//1185 
f 1206//1186 1204//1184 1207//1187 
f 1208//1188 1206//1186 1209//1189 
f 1210//1190 1208//1188 1211//1191 
f 1212//1192 1210//1190 1213//1193 
f 1214//1194 1212//1192 1215//1195 
f 1216//1196 1214//1194 1217//1197 
f 1218//1198 1216//1196 1219//1199 
f 1220//1200 1218//1198 1221//1201 
f 1222//1202 1220//1200 1223//1203 
f 1224//1204 1222//1202 1225//1205 
f 1226//1206 1224//1204 1227//1207 
f 1228//1208 1226//1206 1229//1209 
f 1230//1210 1228//1208 1231//1211 
f 1232//1212 1230//1210 1233//1213 
f 1234//1214 1232//1212 1235//1215 
f 1236//1216 1234//1214 1237//1217 
f 1238//1218 1236//1216 1239//1219 
f 1240//1220 1238//1218 1241//1221 
f 1242//1222 1240//1220 1243//1223 
f 1244//1224 1242//1222 1245//1225 
f 1246//1226 1244//1224 1247//1227 
f 1248//1228 1246//1226 1249//1229 
f 1250//1230 1248//1228 1251//1231 
f 1252//1232 1250//1230 1253//1233 
f 1254//1234 1252//1232 1255//1235 
f 1256//1236 1254//1234 1257//1237 
f 1258//1238 1256//1236 1259//1239 
f 1260//1240 1258//1238 1261//1241 
f 1262//1242 1260//1240 1263//1243 
f 1264//1244 1262//1242 1265//1245 
f 1266//1246 1264//1244 1267//1247 
f 1268//1248 1266//1246 1269//1249 
f 1270//1250 1268//1248 1271//1251 
f 1272//1252 1270//1250 1273//1253 
f 1274//1254 1272//1252 1275//1255 
f 1276//1256 1274//1254 1277//1257 
f 1278//1258 1276//1256 1279//1259 
f 1280//1260 1278//1258 1281//1261 
f 1282//1262 1280//1260 1283//1263 
f 1284//1264 1282//1262 1285//1265 
f 1286//1266 1284//1264 1287//1267 
f 1288//1268 1286//1266 1289//1269 
f 1290//1270 1288//1268 1291//1271 
f 1292//1272 1290//1270 1293//1273 
f 1294//1274 1292//1272 1295//1275 
f 1296//1276 1294//1274 1297//1277 
f 1298//1278 1296//1276 1299//1279 
f 1300//1280 1298//1278 1301//1281 
f 1302//1282 1300//1280 1303//1283 
f 1304//1284 1302//1282 1305//1285 
f 1306//1286 1304//1284 1307//1287 
f 1308//1288 1306//1286 1309//1289 
f 1310//1290 1308//1288 1311//1291 
f 1312//1292 1310//1290 1313//1293 
f 1314//1294 1312//1292 1315//1295 
f 1316//1296 1314//1294 1317//1297 
f 1318//1298 1316//1296 1319//1299 
f 1320//1300 1318//1298 1321//1301 
f 1322//1302 1320//1300 1323//1303 
f 1324//1304 1322//1302 1325//1305 
f 1326//1306 1324//1304 1327//1307 
f 1328//1308 1326//1306 1329//1309 
f 1330//1310 1328//1308 1331//1311 
f 1332//1312 1330//1310 1333//1313 
f 1334//1314 1332//1312 1335//1315 
f 1336//1316 1334//1314 1337//1317 
f 1338//1318 1336//1316 1339//1319 
f 1340//1320 1338//1318 1341//1321 
f 1342//1322 1340//1320 1343//1323 
f 1344//1324 1342//1322 1345//1325 
f 1346//1326 1344//1324 1347//1327 
f 1348//1328 1346//1326 1349//1329 
f 1350//1330 1348//1328 1351//1331 
f 1352//1332 1350//1330 1353//1333 
f 1354//1334 1352//1332 1355//1335 
f 1356//1336 1354//1334 1357//1337 
f 1358//1338 1356//1336 1359//1339 
f 1360//1340 1358//1338 1361//1341 
f 1362//1342 1360//1340 1363//1343 
f 1364//1344 1362//1342 1365//1345 
f 1366//1346 1364//1344 1367//1347 
f 1368//1348 1366//1346 1369//1349 
f 1370//1350 1368//1348 1371//1351 
f 1372//1352 1370//1350 1373//1353 
f 1374//1354 1372//1352 1375//1355 
f 1376//1356 1374//1354 1377//1357 
f 1378//1358 1376//1356 1379//1359 
f 1380//1360 1378//1358 1381//1361 
f 1382//1362 1380//1360 1383//1363 
f 1384//1364 1382//1362 1385//1365 
f 1386//1366 1384//1364 1387//1367 
f 1388//1368 1386//1366 1389//1369 
f 1390//1370 1388//1368 1391//1371 
f 1392//1372 1390//1370 1393//1373 
f 1394//1374 1392//1372 1395//1375 
f 1396//1376 1394//1374 1397//1377 
f 1398//1378 1396//1376 1399//1379 
f 1400//1380 1398//1378 1401//1381 
f 1402//1382 1400//1380 1403//1383 
f 1404//1384 1402//1382 1405//1385 
f 1406//1386 1404//1384 1407//1387 
f 1408//1388 1406//1386 1409//1389 
f 1410//1390 1408//1388 1411//1391 
f 1412//1392 1410//1390 1413//1393 
f 1414//1394 1412//1392 1415//1395 
f 1416//1396 1414//1394 1417//1397 
f 1418//1398 1416//1396 1419//1399 
f 1420//1400 1418//1398 1421//1401 
f 1422//1402 1420//1400 1423//1403 
f 1424//1404 1422//1402 1425//1405 
f 1426//1406 1424//1404 1427//1407 
f 1428//1408 1426//1406 1429//1409 
f 1430//1410 1428//1408 1431//1411 
f 1432//1412 1430//1410 1433//1413 
f 1434//1414 1432//1412 1435//1415 
f 1436//1416 1434//1414 1437//1417 
f 1438//1418 1436//1416 1439//1419 
f 1440//1420 1438//1418 1441//1421 
f 1442//1422 1440//1420 1443//1423 
f 1444//1424 1442//1422 1445//1425 
f 1446//1426 1444//1424 1447//1427 
f 1448//1428 1446//1426 1449//1429 
f 1450//1430 1448//1428 1451//1431 
f 1452//1432 1450//1430 1453//1433 
f 1454//1434 1452//1432 1455//1435 
f 1456//1436 1454//1434 1457//1437 
f 1458//1438 1456//1436 1459//1439 
f 1460//1440 1458//1438 1461//1441 
f 1462//1442 1460//1440 1463//1443 
f 1178//1159 1462//1442 1464//1442 
f 1464//1442 1179//1159 1178//1159 
f 1463//1443 1464//1442 1462//1442 
f 1461//1441 1463//1443 1460//1440 
f 1459//1439 1461//1441 1458//1438 
f 1457//1437 1459//1439 1456//1436 
f 1455//1435 1457//1437 1454//1434 
f 1453//1433 1455//1435 1452//1432 
f 1451//1431 1453//1433 1450//1430 
f 1449//1429 1451//1431 1448//1428 
f 1447//1427 1449//1429 1446//1426 
f 1445//1425 1447//1427 1444//1424 
f 1443//1423 1445//1425 1442//1422 
f 1441//1421 1443//1423 1440//1420 
f 1439//1419 1441//1421 1438//1418 
f 1437//1417 1439//1419 1436//1416 
f 1435//1415 1437//1417 1434//1414 
f 1433//1413 1435//1415 1432//1412 
f 1431//1411 1433//1413 1430//1410 
f 1429//1409 1431//1411 1428//1408 
f 1427//1407 1429//1409 1426//1406 
f 1425//1405 1427//1407 1424//1404 
f 1423//1403 1425//1405 1422//1402 
f 1421//1401 1423//1403 1420//1400 
f 1419//1399 1421//1401 1418//1398 
f 1417//1397 1419//1399 1416//1396 
f 1415//1395 1417//1397 1414//1394 
f 1413//1393 1415//1395 1412//1392 
f 1411//1391 1413//1393 1410//1390 
f 1409//1389 1411//1391 1408//1388 
f 1407//1387 1409//1389 1406//1386 
f 1405//1385 1407//1387 1404//1384 
f 1403//1383 1405//1385 1402//1382 
f 1401//1381 1403//1383 1400//1380 
f 1399//1379 1401//1381 1398//1378 
f 1397//1377 1399//1379 1396//1376 
f 1395//1375 1397//1377 1394//1374 
f 1393//1373 1395//1375 1392//1372 
f 1391//1371 1393//1373 1390//1370 
f 1389//1369 1391//1371 1388//1368 
f 1387//1367 1389//1369 1386//1366 
f 1385//1365 1387//1367 1384//1364 
f 1383//1363 1385//1365 1382//1362 
f 1381//1361 1383//1363 1380//1360 
f 1379//1359 1381//1361 1378//1358 
f 1377//1357 1379//1359 1376//1356 
f 1375//1355 1377//1357 1374//1354 
f 1373//1353 1375//1355 1372//1352 
f 1371//1351 1373//1353 1370//1350 
f 1369//1349 1371//1351 1368//1348 
f 1367//1347 1369//1349 1366//1346 
f 1365//1345 1367//1347 1364//1344 
f 1363//1343 1365//1345 1362//1342 
f 1361//1341 1363//1343 1360//1340 
f 1359//1339 1361//1341 1358//1338 
f 1357//1337 1359//1339 1356//1336 
f 1355//1335 1357//1337 1354//1334 
f 1353//1333 1355//1335 1352//1332 
f 1351//1331 1353//1333 1350//1330 
f 1349//1329 1351//1331 1348//1328 
f 1347//1327 1349//1329 1346//1326 
f 1345//1325 1347//1327 1344//1324 
f 1343//1323 1345//1325 1342//1322 
f 1341//1321 1343//1323 1340//1320 
f 1339//1319 1341//1321 1338//1318 
f 1337//1317 1339//1319 1336//1316 
f 1335//1315 1337//1317 1334//1314 
f 1333//1313 1335//1315 1332//1312 
f 1331//1311 1333//1313 1330//1310 
f 1329//1309 1331//1311 1328//1308 
f 1327//1307 1329//1309 1326//1306 
f 1325//1305 1327//1307 1324//1304 
f 1323//1303 1325//1305 1322//1302 
f 1321//1301 1323//1303 1320//1300 
f 1319//1299 1321//1301 1318//1298 
f 1317//1297 1319//1299 1316//1296 
f 1315//1295 1317//1297 1314//1294 
f 1313//1293 1315//1295 1312//1292 
f 1311//1291 1313//1293 1310//1290 
f 1309//1289 1311//1291 1308//1288 
f 1307//1287 1309//1289 1306//1286 
f 1305//1285 1307//1287 1304//1284 
f 1303//1283 1305//1285 1302//1282 
f 1301//1281 1303//1283 1300//1280 
f 1299//1279 1301//1281 1298//1278 
f 1297//1277 1299//1279 1296//1276 
f 1295//1275 1297//1277 1294//1274 
f 1293//1273 1295//1275 1292//1272 
f 1291//1271 1293//1273 1290//1270 
f 1289//1269 1291//1271 1288//1268 
f 1287//1267 1289//1269 1286//1266 
f 1285//1265 1287//1267 1284//1264 
f 1283//1263 1285//1265 1282//1262 
f 1281//1261 1283//1263 1280//1260 
f 1279//1259 1281//1261 1278//1258 
f 1277//1257 1279//1259 1276//1256 
f 1275//1255 1277//1257 1274//1254 
f 1273//1253 1275//1255 1272//1252 
f 1271//1251 1273//1253 1270//1250 
f 1269//1249 1271//1251 1268//1248 
f 1267//1247 1269//1249 1266//1246 
f 1265//1245 1267//1247 1264//1244 
f 1263//1243 1265//1245 1262//1242 
f 1261//1241 1263//1243 1260//1240 
f 1259//1239 1261//1241 1258//1238 
f 1257//1237 1259//1239 1256//1236 
f 1255//1235 1257//1237 1254//1234 
f 1253//1233 1255//1235 1252//1232 
f 1251//1231 1253//1233 1250//1230 
f 1249//1229 1251//1231 1248//1228 
f 1247//1227 1249//1229 1246//1226 
f 1245//1225 1247//1227 1244//1224 
f 1243//1223 1245//1225 1242//1222 
f 1241//1221 1243//1223 1240//1220 
f 1239//1219 1241//1221 1238//1218 
f 1237//1217 1239//1219 1236//1216 
f 1235//1215 1237//1217 1234//1214 
f 1233//1213 1235//1215 1232//1212 
f 1231//1211 1233//1213 1230//1210 
f 1229//1209 1231//1211 1228//1208 
f 1227//1207 1229//1209 1226//1206 
f 1225//1205 1227//1207 1224//1204 
f 1223//1203 1225//1205 1222//1202 
f 1221//1201 1223//1203 1220//1200 
f 1219//1199 1221//1201 1218//1198 
f 1217//1197 1219//1199 1216//1196 
f 1215//1195 1217//1197 1214//1194 
f 1213//1193 1215//1195 1212//1192 
f 1211//1191 1213//1193 1210//1190 
f 1209//1189 1211//1191 1208//1188 
f 1207//1187 1209//1189 1206//1186 
f 1205//1185 1207//1187 1204//1184 
f 1203//1183 1205//1185 1202//1182 
f 1201//1181 1203//1183 1200//1180 
f 1199//1179 1201//1181 1198//1178 
f 1197//1177 1199//1179 1196//1176 
f 1195//1175 1197//1177 1194//1174 
f 1193//1173 1195//1175 1192//1172 
f 1191//1171 1193//1173 1190//1170 
f 1189//1169 1191//1171 1188//1168 
f 1187//1167 1189//1169 1186//1166 
f 1185//1165 1187//1167 1184//1164 
f 1183//1163 1185//1165 1182//1162 
f 1181//1161 1183//1163 1180//1160 
f 1179//1159 1181//1161 1177//1158 
o mesh21
f 1435//1444 1433//1444 1465//1444 
f 1433//1444 1431//1444 1466//1444 
f 1466//1444 1465//1444 1433//1444 
f 1431//1444 1429//1444 1467//1444 
f 1467//1444 1466//1444 1431//1444 
f 1427//1444 1468//1444 1467//1444 
f 1425//1444 1469//1444 1468//1444 
f 1425//1444 1423//1444 1470//1444 
f 1421//1444 1419//1444 1471//1444 
f 1419//1444 1417//1444 1472//1444 
f 1467//1444 1429//1444 1427//1444 
f 1470//1444 1469//1444 1425//1444 
f 1421//1444 1473//1444 1470//1444 
f 1472//1444 1471//1444 1419//1444 
f 1409//1444 1474//1444 1475//1444 
f 1407//1444 1476//1444 1474//1444 
f 1405//1444 1477//1444 1476//1444 
f 1405//1444 1403//1444 1478//1444 
f 1385//1444 1479//1444 1480//1444 
f 1385//1444 1383//1444 1481//1444 
f 1383//1444 1381//1444 1482//1444 
f 1381//1444 1379//1444 1483//1444 
f 1377//1444 1484//1444 1483//1444 
f 1377//1444 1375//1444 1485//1444 
f 1375//1444 1373//1444 1486//1444 
f 1373//1444 1371//1444 1487//1444 
f 1357//1444 1488//1444 1489//1444 
f 1355//1444 1490//1444 1488//1444 
f 1437//1444 1491//1444 1492//1444 
f 1437//1444 1435//1444 1493//1444 
f 1468//1444 1427//1444 1425//1444 
f 1471//1444 1473//1444 1421//1444 
f 1413//1444 1494//1444 1495//1444 
f 1413//1444 1411//1444 1475//1444 
f 1474//1444 1409//1444 1407//1444 
f 1478//1444 1477//1444 1405//1444 
f 1401//1444 1496//1444 1478//1444 
f 1401//1444 1399//1444 1497//1444 
f 1389//1444 1498//1444 1499//1444 
f 1389//1444 1387//1444 1480//1444 
f 1481//1444 1479//1444 1385//1444 
f 1483//1444 1482//1444 1381//1444 
f 1485//1444 1484//1444 1377//1444 
f 1487//1444 1486//1444 1373//1444 
f 1369//1444 1500//1444 1487//1444 
f 1369//1444 1367//1444 1501//1444 
f 1363//1444 1502//1444 1503//1444 
f 1363//1444 1361//1444 1504//1444 
f 1361//1444 1359//1444 1489//1444 
f 1488//1444 1357//1444 1355//1444 
f 1353//1444 1505//1444 1490//1444 
f 1353//1444 1351//1444 1506//1444 
f 1441//1444 1507//1444 1508//1444 
f 1441//1444 1439//1444 1492//1444 
f 1493//1444 1491//1444 1437//1444 
f 1470//1444 1423//1444 1421//1444 
f 1415//1444 1495//1444 1472//1444 
f 1475//1444 1494//1444 1413//1444 
f 1476//1444 1407//1444 1405//1444 
f 1497//1444 1496//1444 1401//1444 
f 1480//1444 1498//1444 1389//1444 
f 1482//1444 1481//1444 1383//1444 
f 1486//1444 1485//1444 1375//1444 
f 1501//1444 1500//1444 1369//1444 
f 1365//1444 1503//1444 1501//1444 
f 1504//1444 1502//1444 1363//1444 
f 1489//1444 1359//1444 1357//1444 
f 1506//1444 1505//1444 1353//1444 
f 1492//1444 1507//1444 1441//1444 
f 1465//1444 1493//1444 1435//1444 
f 1495//1444 1415//1444 1413//1444 
f 1478//1444 1403//1444 1401//1444 
f 1480//1444 1387//1444 1385//1444 
f 1487//1444 1371//1444 1369//1444 
f 1503//1444 1365//1444 1363//1444 
f 1490//1444 1355//1444 1353//1444 
f 1247//1444 1509//1444 1510//1444 
f 1247//1444 1245//1444 1511//1444 
f 1492//1444 1439//1444 1437//1444 
f 1475//1444 1411//1444 1409//1444 
f 1397//1444 1512//1444 1497//1444 
f 1397//1444 1395//1444 1513//1444 
f 1393//1444 1514//1444 1513//1444 
f 1393//1444 1391//1444 1499//1444 
f 1483//1444 1379//1444 1377//1444 
f 1489//1444 1504//1444 1361//1444 
f 1255//1444 1515//1444 1516//1444 
f 1255//1444 1253//1444 1517//1444 
f 1511//1444 1509//1444 1247//1444 
f 1245//1444 1243//1444 1518//1444 
f 1457//1444 1519//1444 1520//1444 
f 1457//1444 1455//1444 1521//1444 
f 1472//1444 1417//1444 1415//1444 
f 1513//1444 1512//1444 1397//1444 
f 1499//1444 1514//1444 1393//1444 
f 1501//1444 1367//1444 1365//1444 
f 1343//1444 1522//1444 1523//1444 
f 1341//1444 1524//1444 1522//1444 
f 1275//1444 1525//1444 1526//1444 
f 1275//1444 1273//1444 1527//1444 
f 1517//1444 1515//1444 1255//1444 
f 1253//1444 1251//1444 1528//1444 
f 1249//1444 1510//1444 1528//1444 
f 1518//1444 1511//1444 1245//1444 
f 1241//1444 1529//1444 1518//1444 
f 1241//1444 1239//1444 1530//1444 
f 1231//1444 1531//1444 1532//1444 
f 1231//1444 1229//1444 1533//1444 
f 1227//1444 1225//1444 1534//1444 
f 1225//1444 1223//1444 1535//1444 
f 1209//1444 1536//1444 1537//1444 
f 1209//1444 1207//1444 1538//1444 
f 1461//1444 1539//1444 1540//1444 
f 1461//1444 1459//1444 1520//1444 
f 1521//1444 1519//1444 1457//1444 
f 1455//1444 1453//1444 1541//1444 
f 1447//1444 1542//1444 1543//1444 
f 1447//1444 1445//1444 1544//1444 
f 1497//1444 1399//1444 1397//1444 
f 1499//1444 1391//1444 1389//1444 
f 1349//1444 1545//1444 1506//1444 
f 1349//1444 1347//1444 1546//1444 
f 1522//1444 1343//1444 1341//1444 
f 1341//1444 1339//1444 1547//1444 
f 1323//1444 1548//1444 1549//1444 
f 1323//1444 1321//1444 1550//1444 
f 1295//1444 1293//1444 1551//1444 
f 1293//1444 1291//1444 1552//1444 
f 1281//1444 1279//1444 1553//1444 
f 1279//1444 1277//1444 1526//1444 
f 1527//1444 1525//1444 1275//1444 
f 1271//1444 1554//1444 1527//1444 
f 1263//1444 1555//1444 1556//1444 
f 1261//1444 1557//1444 1555//1444 
f 1528//1444 1517//1444 1253//1444 
f 1510//1444 1249//1444 1247//1444 
f 1530//1444 1529//1444 1241//1444 
f 1239//1444 1237//1444 1558//1444 
f 1533//1444 1531//1444 1231//1444 
f 1229//1444 1227//1444 1559//1444 
f 1535//1444 1534//1444 1225//1444 
f 1223//1444 1221//1444 1560//1444 
f 1215//1444 1561//1444 1562//1444 
f 1215//1444 1213//1444 1563//1444 
f 1211//1444 1537//1444 1563//1444 
f 1538//1444 1536//1444 1209//1444 
f 1520//1444 1539//1444 1461//1444 
f 1541//1444 1521//1444 1455//1444 
f 1451//1444 1564//1444 1541//1444 
f 1451//1444 1449//1444 1543//1444 
f 1544//1444 1542//1444 1447//1444 
f 1445//1444 1443//1444 1508//1444 
f 1513//1444 1395//1444 1393//1444 
f 1546//1444 1545//1444 1349//1444 
f 1547//1444 1524//1444 1341//1444 
f 1339//1444 1337//1444 1565//1444 
f 1335//1444 1566//1444 1565//1444 
f 1335//1444 1333//1444 1567//1444 
f 1550//1444 1548//1444 1323//1444 
f 1321//1444 1319//1444 1568//1444 
f 1317//1444 1569//1444 1568//1444 
f 1317//1444 1315//1444 1570//1444 
f 1313//1444 1571//1444 1570//1444 
f 1313//1444 1311//1444 1572//1444 
f 1305//1444 1573//1444 1574//1444 
f 1305//1444 1303//1444 1575//1444 
f 1297//1444 1576//1444 1577//1444 
f 1297//1444 1295//1444 1578//1444 
f 1552//1444 1551//1444 1293//1444 
f 1289//1444 1579//1444 1552//1444 
f 1526//1444 1553//1444 1279//1444 
f 1527//1444 1273//1444 1271//1444 
f 1269//1444 1580//1444 1554//1444 
f 1269//1444 1267//1444 1581//1444 
f 1265//1444 1556//1444 1581//1444 
f 1555//1444 1263//1444 1261//1444 
f 1259//1444 1582//1444 1557//1444 
f 1259//1444 1257//1444 1516//1444 
f 1528//1444 1251//1444 1249//1444 
f 1558//1444 1530//1444 1239//1444 
f 1235//1444 1583//1444 1558//1444 
f 1235//1444 1233//1444 1532//1444 
f 1559//1444 1533//1444 1229//1444 
f 1560//1444 1535//1444 1223//1444 
f 1219//1444 1584//1444 1560//1444 
f 1219//1444 1217//1444 1562//1444 
f 1563//1444 1561//1444 1215//1444 
f 1537//1444 1211//1444 1209//1444 
f 1205//1444 1585//1444 1538//1444 
f 1205//1444 1203//1444 1586//1444 
f 1193//1444 1587//1444 1588//1444 
f 1193//1444 1191//1444 1589//1444 
f 1464//1444 1590//1444 1591//1444 
f 1464//1444 1463//1444 1540//1444 
f 1520//1444 1459//1444 1457//1444 
f 1543//1444 1564//1444 1451//1444 
f 1508//1444 1544//1444 1445//1444 
f 1506//1444 1351//1444 1349//1444 
f 1345//1444 1523//1444 1546//1444 
f 1565//1444 1547//1444 1339//1444 
f 1567//1444 1566//1444 1335//1444 
f 1333//1444 1331//1444 1592//1444 
f 1329//1444 1593//1444 1592//1444 
f 1329//1444 1327//1444 1594//1444 
f 1325//1444 1549//1444 1594//1444 
f 1568//1444 1550//1444 1321//1444 
f 1570//1444 1569//1444 1317//1444 
f 1572//1444 1571//1444 1313//1444 
f 1309//1444 1595//1444 1572//1444 
f 1307//1444 1574//1444 1595//1444 
f 1575//1444 1573//1444 1305//1444 
f 1303//1444 1301//1444 1596//1444 
f 1578//1444 1576//1444 1297//1444 
f 1552//1444 1291//1444 1289//1444 
f 1283//1444 1597//1444 1598//1444 
f 1283//1444 1281//1444 1599//1444 
f 1526//1444 1277//1444 1275//1444 
f 1581//1444 1580//1444 1269//1444 
f 1556//1444 1265//1444 1263//1444 
f 1516//1444 1582//1444 1259//1444 
f 1518//1444 1243//1444 1241//1444 
f 1532//1444 1583//1444 1235//1444 
f 1534//1444 1559//1444 1227//1444 
f 1562//1444 1584//1444 1219//1444 
f 1563//1444 1213//1444 1211//1444 
f 1586//1444 1585//1444 1205//1444 
f 1199//1444 1600//1444 1601//1444 
f 1199//1444 1197//1444 1602//1444 
f 1195//1444 1588//1444 1602//1444 
f 1589//1444 1587//1444 1193//1444 
f 1189//1444 1603//1444 1589//1444 
f 1189//1444 1187//1444 1604//1444 
f 1540//1444 1590//1444 1464//1444 
f 1541//1444 1453//1444 1451//1444 
f 1508//1444 1443//1444 1441//1444 
f 1523//1444 1345//1444 1343//1444 
f 1592//1444 1567//1444 1333//1444 
f 1594//1444 1593//1444 1329//1444 
f 1549//1444 1325//1444 1323//1444 
f 1570//1444 1315//1444 1313//1444 
f 1595//1444 1309//1444 1307//1444 
f 1596//1444 1575//1444 1303//1444 
f 1299//1444 1577//1444 1596//1444 
f 1551//1444 1578//1444 1295//1444 
f 1599//1444 1597//1444 1283//1444 
f 1554//1444 1271//1444 1269//1444 
f 1557//1444 1261//1444 1259//1444 
f 1558//1444 1237//1444 1235//1444 
f 1560//1444 1221//1444 1219//1444 
f 1538//1444 1207//1444 1205//1444 
f 1201//1444 1601//1444 1586//1444 
f 1602//1444 1600//1444 1199//1444 
f 1588//1444 1195//1444 1193//1444 
f 1604//1444 1603//1444 1189//1444 
f 1185//1444 1605//1444 1604//1444 
f 1185//1444 1183//1444 1606//1444 
f 1540//1444 1463//1444 1461//1444 
f 1546//1444 1347//1444 1345//1444 
f 1592//1444 1331//1444 1329//1444 
f 1568//1444 1319//1444 1317//1444 
f 1574//1444 1307//1444 1305//1444 
f 1577//1444 1299//1444 1297//1444 
f 1287//1444 1607//1444 1579//1444 
f 1287//1444 1285//1444 1598//1444 
f 1553//1444 1599//1444 1281//1444 
f 1516//1444 1257//1444 1255//1444 
f 1562//1444 1217//1444 1215//1444 
f 1601//1444 1201//1444 1199//1444 
f 1589//1444 1191//1444 1189//1444 
f 1606//1444 1605//1444 1185//1444 
f 1181//1444 1608//1444 1606//1444 
f 1181//1444 1179//1444 1591//1444 
f 1543//1444 1449//1444 1447//1444 
f 1594//1444 1327//1444 1325//1444 
f 1596//1444 1301//1444 1299//1444 
f 1598//1444 1607//1444 1287//1444 
f 1581//1444 1267//1444 1265//1444 
f 1586//1444 1203//1444 1201//1444 
f 1604//1444 1187//1444 1185//1444 
f 1591//1444 1608//1444 1181//1444 
f 1565//1444 1337//1444 1335//1444 
f 1579//1444 1289//1444 1287//1444 
f 1532//1444 1233//1444 1231//1444 
f 1606//1444 1183//1444 1181//1444 
f 1572//1444 1311//1444 1309//1444 
f 1602//1444 1197//1444 1195//1444 
f 1598//1444 1285//1444 1283//1444 
f 1591//1444 1179//1444 1464//1444 
o mesh22
f 1608//1445 1591//1446 1609//1446 
f 1606//1447 1608//1445 1610//1448 
f 1605//1449 1606//1447 1611//1450 
f 1604//1451 1605//1449 1612//1452 
f 1603//1453 1604//1451 1613//1454 
f 1589//1455 1603//1453 1614//1456 
f 1587//1457 1589//1455 1615//1458 
f 1588//1459 1587//1457 1616//1460 
f 1602//1461 1588//1459 1617//1462 
f 1600//1463 1602//1461 1618//1464 
f 1601//1465 1600//1463 1619//1466 
f 1586//1467 1601//1465 1620//1468 
f 1585//1469 1586//1467 1621//1470 
f 1538//1471 1585//1469 1622//1472 
f 1536//1473 1538//1471 1623//1474 
f 1537//1475 1536//1473 1624//1476 
f 1563//1477 1537//1475 1625//1478 
f 1561//1479 1563//1477 1626//1480 
f 1562//1481 1561//1479 1627//1482 
f 1584//1483 1562//1481 1628//1484 
f 1560//1485 1584//1483 1629//1486 
f 1535//1487 1560//1485 1630//1488 
f 1534//1489 1535//1487 1631//1490 
f 1559//1491 1534//1489 1632//1492 
f 1533//1493 1559//1491 1633//1494 
f 1531//1495 1533//1493 1634//1496 
f 1532//1497 1531//1495 1635//1498 
f 1583//1499 1532//1497 1636//1500 
f 1558//1501 1583//1499 1637//1502 
f 1530//1503 1558//1501 1638//1504 
f 1529//1505 1530//1503 1639//1506 
f 1518//1507 1529//1505 1640//1508 
f 1511//1509 1518//1507 1641//1510 
f 1509//1511 1511//1509 1642//1512 
f 1510//1513 1509//1511 1643//1514 
f 1528//1515 1510//1513 1644//1516 
f 1517//1517 1528//1515 1645//1518 
f 1515//1519 1517//1517 1646//1520 
f 1516//1521 1515//1519 1647//1522 
f 1582//1523 1516//1521 1648//1524 
f 1557//1525 1582//1523 1649//1526 
f 1555//1527 1557//1525 1650//1528 
f 1556//1529 1555//1527 1651//1530 
f 1581//1531 1556//1529 1652//1532 
f 1580//1533 1581//1531 1653//1534 
f 1554//1535 1580//1533 1654//1536 
f 1527//1537 1554//1535 1655//1538 
f 1525//1539 1527//1537 1656//1540 
f 1526//1541 1525//1539 1657//1542 
f 1553//1543 1526//1541 1658//1544 
f 1599//1545 1553//1543 1659//1546 
f 1597//1547 1599//1545 1660//1548 
f 1598//1549 1597//1547 1661//1550 
f 1607//1551 1598//1549 1662//1552 
f 1579//1553 1607//1551 1663//1554 
f 1552//1555 1579//1553 1664//1556 
f 1551//1557 1552//1555 1665//1558 
f 1578//1559 1551//1557 1666//1560 
f 1576//1561 1578//1559 1667//1562 
f 1577//1563 1576//1561 1668//1564 
f 1596//1565 1577//1563 1669//1566 
f 1575//1567 1596//1565 1670//1568 
f 1573//1569 1575//1567 1671//1570 
f 1574//1571 1573//1569 1672//1572 
f 1595//1573 1574//1571 1673//1574 
f 1572//1575 1595//1573 1674//1576 
f 1571//1577 1572//1575 1675//1578 
f 1570//1579 1571//1577 1676//1580 
f 1569//1581 1570//1579 1677//1582 
f 1568//1583 1569//1581 1678//1584 
f 1550//1585 1568//1583 1679//1586 
f 1548//1587 1550//1585 1680//1588 
f 1549//1589 1548//1587 1681//1590 
f 1594//1591 1549//1589 1682//1592 
f 1593//1593 1594//1591 1683//1594 
f 1592//1595 1593//1593 1684//1596 
f 1567//1597 1592//1595 1685//1598 
f 1566//1599 1567//1597 1686//1600 
f 1565//1601 1566//1599 1687//1602 
f 1547//1603 1565//1601 1688//1604 
f 1524//1605 1547//1603 1689//1606 
f 1522//1607 1524//1605 1690//1608 
f 1523//1609 1522//1607 1691//1610 
f 1546//1611 1523//1609 1692//1612 
f 1545//1613 1546//1611 1693//1614 
f 1506//1615 1545//1613 1694//1616 
f 1505//1617 1506//1615 1695//1618 
f 1490//1619 1505//1617 1696//1620 
f 1488//1621 1490//1619 1697//1622 
f 1489//1623 1488//1621 1698//1624 
f 1504//1625 1489//1623 1699//1626 
f 1502//1627 1504//1625 1700//1628 
f 1503//1629 1502//1627 1701//1630 
f 1501//1631 1503//1629 1702//1632 
f 1500//1633 1501//1631 1703//1634 
f 1487//1635 1500//1633 1704//1636 
f 1486//1637 1487//1635 1705//1638 
f 1485//1639 1486//1637 1706//1640 
f 1484//1641 1485//1639 1707//1642 
f 1483//1643 1484//1641 1708//1644 
f 1482//1645 1483//1643 1709//1646 
f 1481//1647 1482//1645 1710//1648 
f 1479//1649 1481//1647 1711//1650 
f 1480//1651 1479//1649 1712//1652 
f 1498//1653 1480//1651 1713//1654 
f 1499//1655 1498//1653 1714//1656 
f 1514//1657 1499//1655 1715//1658 
f 1513//1659 1514//1657 1716//1660 
f 1512//1661 1513//1659 1717//1662 
f 1497//1663 1512//1661 1718//1664 
f 1496//1665 1497//1663 1719//1666 
f 1478//1667 1496//1665 1720//1668 
f 1477//1669 1478//1667 1721//1670 
f 1476//1671 1477//1669 1722//1672 
f 1474//1673 1476//1671 1723//1674 
f 1475//1675 1474//1673 1724//1676 
f 1494//1677 1475//1675 1725//1678 
f 1495//1679 1494//1677 1726//1680 
f 1472//1681 1495//1679 1727//1682 
f 1471//1683 1472//1681 1728//1684 
f 1473//1685 1471//1683 1729//1686 
f 1470//1687 1473//1685 1730//1688 
f 1469//1689 1470//1687 1731//1690 
f 1468//1691 1469//1689 1732//1692 
f 1467//1693 1468//1691 1733//1694 
f 1466//1695 1467//1693 1734//1696 
f 1465//1697 1466//1695 1735//1698 
f 1493//1699 1465//1697 1736//1700 
f 1491//1701 1493//1699 1737//1702 
f 1492//1703 1491//1701 1738//1704 
f 1507//1705 1492//1703 1739//1706 
f 1508//1707 1507//1705 1740//1708 
f 1544//1709 1508//1707 1741//1710 
f 1542//1711 1544//1709 1742//1712 
f 1543//1713 1542//1711 1743//1714 
f 1564//1715 1543//1713 1744//1716 
f 1541//1717 1564//1715 1745//1718 
f 1521//1719 1541//1717 1746//1720 
f 1519//1721 1521//1719 1747//1722 
f 1520//1723 1519//1721 1748//1724 
f 1539//1725 1520//1723 1749//1726 
f 1540//1727 1539//1725 1750//1728 
f 1590//1729 1540//1727 1751//1730 
f 1591//1446 1590//1729 1752//1729 
f 1752//1729 1609//1446 1591//1446 
f 1751//1730 1752//1729 1590//1729 
f 1750//1728 1751//1730 1540//1727 
f 1749//1726 1750//1728 1539//1725 
f 1748//1724 1749//1726 1520//1723 
f 1747//1722 1748//1724 1519//1721 
f 1746//1720 1747//1722 1521//1719 
f 1745//1718 1746//1720 1541//1717 
f 1744//1716 1745//1718 1564//1715 
f 1743//1714 1744//1716 1543//1713 
f 1742//1712 1743//1714 1542//1711 
f 1741//1710 1742//1712 1544//1709 
f 1740//1708 1741//1710 1508//1707 
f 1739//1706 1740//1708 1507//1705 
f 1738//1704 1739//1706 1492//1703 
f 1737//1702 1738//1704 1491//1701 
f 1736//1700 1737//1702 1493//1699 
f 1735//1698 1736//1700 1465//1697 
f 1734//1696 1735//1698 1466//1695 
f 1733//1694 1734//1696 1467//1693 
f 1732//1692 1733//1694 1468//1691 
f 1731//1690 1732//1692 1469//1689 
f 1730//1688 1731//1690 1470//1687 
f 1729//1686 1730//1688 1473//1685 
f 1728//1684 1729//1686 1471//1683 
f 1727//1682 1728//1684 1472//1681 
f 1726//1680 1727//1682 1495//1679 
f 1725//1678 1726//1680 1494//1677 
f 1724//1676 1725//1678 1475//1675 
f 1723//1674 1724//1676 1474//1673 
f 1722//1672 1723//1674 1476//1671 
f 1721//1670 1722//1672 1477//1669 
f 1720//1668 1721//1670 1478//1667 
f 1719//1666 1720//1668 1496//1665 
f 1718//1664 1719//1666 1497//1663 
f 1717//1662 1718//1664 1512//1661 
f 1716//1660 1717//1662 1513//1659 
f 1715//1658 1716//1660 1514//1657 
f 1714//1656 1715//1658 1499//1655 
f 1713//1654 1714//1656 1498//1653 
f 1712//1652 1713//1654 1480//1651 
f 1711//1650 1712//1652 1479//1649 
f 1710//1648 1711//1650 1481//1647 
f 1709//1646 1710//1648 1482//1645 
f 1708//1644 1709//1646 1483//1643 
f 1707//1642 1708//1644 1484//1641 
f 1706//1640 1707//1642 1485//1639 
f 1705//1638 1706//1640 1486//1637 
f 1704//1636 1705//1638 1487//1635 
f 1703//1634 1704//1636 1500//1633 
f 1702//1632 1703//1634 1501//1631 
f 1701//1630 1702//1632 1503//1629 
f 1700//1628 1701//1630 1502//1627 
f 1699//1626 1700//1628 1504//1625 
f 1698//1624 1699//1626 1489//1623 
f 1697//1622 1698//1624 1488//1621 
f 1696//1620 1697//1622 1490//1619 
f 1695//1618 1696//1620 1505//1617 
f 1694//1616 1695//1618 1506//1615 
f 1693//1614 1694//1616 1545//1613 
f 1692//1612 1693//1614 1546//1611 
f 1691//1610 1692//1612 1523//1609 
f 1690//1608 1691//1610 1522//1607 
f 1689//1606 1690//1608 1524//1605 
f 1688//1604 1689//1606 1547//1603 
f 1687//1602 1688//1604 1565//1601 
f 1686//1600 1687//1602 1566//1599 
f 1685//1598 1686//1600 1567//1597 
f 1684//1596 1685//1598 1592//1595 
f 1683//1594 1684//1596 1593//1593 
f 1682//1592 1683//1594 1594//1591 
f 1681//1590 1682//1592 1549//1589 
f 1680//1588 1681//1590 1548//1587 
f 1679//1586 1680//1588 1550//1585 
f 1678//1584 1679//1586 1568//1583 
f 1677//1582 1678//1584 1569//1581 
f 1676//1580 1677//1582 1570//1579 
f 1675//1578 1676//1580 1571//1577 
f 1674//1576 1675//1578 1572//1575 
f 1673//1574 1674//1576 1595//1573 
f 1672//1572 1673//1574 1574//1571 
f 1671//1570 1672//1572 1573//1569 
f 1670//1568 1671//1570 1575//1567 
f 1669//1566 1670//1568 1596//1565 
f 1668//1564 1669//1566 1577//1563 
f 1667//1562 1668//1564 1576//1561 
f 1666//1560 1667//1562 1578//1559 
f 1665//1558 1666//1560 1551//1557 
f 1664//1556 1665//1558 1552//1555 
f 1663//1554 1664//1556 1579//1553 
f 1662//1552 1663//1554 1607//1551 
f 1661//1550 1662//1552 1598//1549 
f 1660//1548 1661//1550 1597//1547 
f 1659//1546 1660//1548 1599//1545 
f 1658//1544 1659//1546 1553//1543 
f 1657//1542 1658//1544 1526//1541 
f 1656//1540 1657//1542 1525//1539 
f 1655//1538 1656//1540 1527//1537 
f 1654//1536 1655//1538 1554//1535 
f 1653//1534 1654//1536 1580//1533 
f 1652//1532 1653//1534 1581//1531 
f 1651//1530 1652//1532 1556//1529 
f 1650//1528 1651//1530 1555//1527 
f 1649//1526 1650//1528 1557//1525 
f 1648//1524 1649//1526 1582//1523 
f 1647//1522 1648//1524 1516//1521 
f 1646//1520 1647//1522 1515//1519 
f 1645//1518 1646//1520 1517//1517 
f 1644//1516 1645//1518 1528//1515 
f 1643//1514 1644//1516 1510//1513 
f 1642//1512 1643//1514 1509//1511 
f 1641//1510 1642//1512 1511//1509 
f 1640//1508 1641//1510 1518//1507 
f 1639//1506 1640//1508 1529//1505 
f 1638//1504 1639//1506 1530//1503 
f 1637//1502 1638//1504 1558//1501 
f 1636//1500 1637//1502 1583//1499 
f 1635//1498 1636//1500 1532//1497 
f 1634//1496 1635//1498 1531//1495 
f 1633//1494 1634//1496 1533//1493 
f 1632//1492 1633//1494 1559//1491 
f 1631//1490 1632//1492 1534//1489 
f 1630//1488 1631//1490 1535//1487 
f 1629//1486 1630//1488 1560//1485 
f 1628//1484 1629//1486 1584//1483 
f 1627//1482 1628//1484 1562//1481 
f 1626//1480 1627//1482 1561//1479 
f 1625//1478 1626//1480 1563//1477 
f 1624//1476 1625//1478 1537//1475 
f 1623//1474 1624//1476 1536//1473 
f 1622//1472 1623//1474 1538//1471 
f 1621//1470 1622//1472 1585//1469 
f 1620//1468 1621//1470 1586//1467 
f 1619//1466 1620//1468 1601//1465 
f 1618//1464 1619//1466 1600//1463 
f 1617//1462 1618//1464 1602//1461 
f 1616//1460 1617//1462 1588//1459 
f 1615//1458 1616//1460 1587//1457 
f 1614//1456 1615//1458 1589//1455 
f 1613//1454 1614//1456 1603//1453 
f 1612//1452 1613//1454 1604//1451 
f 1611//1450 1612//1452 1605//1449 
f 1610//1448 1611//1450 1606//1447 
f 1609//1446 1610//1448 1608//1445 
o mesh23
f 1753//1731 1754//1731 1755//1731 
f 1753//1731 1756//1731 1757//1731 
f 1753//1731 1758//1731 1759//1731 
f 1760//1731 1737//1731 1736//1731 
f 1753//1731 1761//1731 1754//1731 
f 1759//1731 1756//1731 1753//1731 
f 1753//1731 1762//1731 1763//1731 
f 1764//1731 1765//1731 1643//1731 
f 1736//1731 1735//1731 1760//1731 
f 1753//1731 1766//1731 1761//1731 
f 1757//1731 1767//1731 1753//1731 
f 1763//1731 1768//1731 1753//1731 
f 1753//1731 1769//1731 1770//1731 
f 1765//1731 1644//1731 1643//1731 
f 1760//1731 1700//1731 1699//1731 
f 1760//1731 1707//1731 1706//1731 
f 1760//1731 1709//1731 1708//1731 
f 1760//1731 1711//1731 1710//1731 
f 1760//1731 1713//1731 1712//1731 
f 1760//1731 1723//1731 1722//1731 
f 1760//1731 1725//1731 1724//1731 
f 1760//1731 1731//1731 1730//1731 
f 1760//1731 1733//1731 1732//1731 
f 1735//1731 1734//1731 1760//1731 
f 1771//1731 1751//1731 1750//1731 
f 1753//1731 1772//1731 1773//1731 
f 1767//1731 1766//1731 1753//1731 
f 1768//1731 1774//1731 1753//1731 
f 1770//1731 1775//1731 1753//1731 
f 1753//1731 1776//1731 1777//1731 
f 1753//1731 1778//1731 1779//1731 
f 1643//1731 1642//1731 1764//1731 
f 1765//1731 1648//1731 1647//1731 
f 1760//1731 1697//1731 1696//1731 
f 1699//1731 1698//1731 1760//1731 
f 1760//1731 1703//1731 1702//1731 
f 1760//1731 1705//1731 1704//1731 
f 1708//1731 1707//1731 1760//1731 
f 1712//1731 1711//1731 1760//1731 
f 1760//1731 1715//1731 1714//1731 
f 1760//1731 1721//1731 1720//1731 
f 1724//1731 1723//1731 1760//1731 
f 1760//1731 1728//1731 1727//1731 
f 1730//1731 1729//1731 1760//1731 
f 1734//1731 1733//1731 1760//1731 
f 1760//1731 1739//1731 1738//1731 
f 1760//1731 1741//1731 1740//1731 
f 1609//1731 1780//1731 1781//1731 
f 1609//1731 1782//1731 1783//1731 
f 1609//1731 1784//1731 1785//1731 
f 1750//1731 1749//1731 1771//1731 
f 1752//1731 1771//1731 1786//1731 
f 1753//1731 1787//1731 1788//1731 
f 1753//1731 1789//1731 1790//1731 
f 1753//1731 1791//1731 1792//1731 
f 1753//1731 1793//1731 1794//1731 
f 1755//1731 1772//1731 1753//1731 
f 1775//1731 1762//1731 1753//1731 
f 1753//1731 1795//1731 1796//1731 
f 1777//1731 1797//1731 1753//1731 
f 1753//1731 1798//1731 1778//1731 
f 1764//1731 1611//1731 1610//1731 
f 1764//1731 1617//1731 1616//1731 
f 1764//1731 1625//1731 1624//1731 
f 1764//1731 1633//1731 1632//1731 
f 1764//1731 1636//1731 1635//1731 
f 1764//1731 1641//1731 1640//1731 
f 1765//1731 1645//1731 1644//1731 
f 1647//1731 1646//1731 1765//1731 
f 1765//1731 1658//1731 1657//1731 
f 1698//1731 1697//1731 1760//1731 
f 1702//1731 1701//1731 1760//1731 
f 1706//1731 1705//1731 1760//1731 
f 1714//1731 1713//1731 1760//1731 
f 1722//1731 1721//1731 1760//1731 
f 1727//1731 1726//1731 1760//1731 
f 1732//1731 1731//1731 1760//1731 
f 1740//1731 1739//1731 1760//1731 
f 1609//1731 1799//1731 1800//1731 
f 1609//1731 1801//1731 1802//1731 
f 1609//1731 1803//1731 1804//1731 
f 1609//1731 1805//1731 1780//1731 
f 1609//1731 1806//1731 1807//1731 
f 1785//1731 1782//1731 1609//1731 
f 1749//1731 1748//1731 1771//1731 
f 1786//1731 1609//1731 1752//1731 
f 1760//1731 1788//1731 1808//1731 
f 1790//1731 1787//1731 1753//1731 
f 1753//1731 1809//1731 1791//1731 
f 1753//1731 1810//1731 1811//1731 
f 1773//1731 1793//1731 1753//1731 
f 1796//1731 1769//1731 1753//1731 
f 1779//1731 1776//1731 1753//1731 
f 1610//1731 1812//1731 1764//1731 
f 1616//1731 1615//1731 1764//1731 
f 1764//1731 1626//1731 1625//1731 
f 1764//1731 1628//1731 1627//1731 
f 1632//1731 1631//1731 1764//1731 
f 1635//1731 1634//1731 1764//1731 
f 1640//1731 1639//1731 1764//1731 
f 1646//1731 1645//1731 1765//1731 
f 1765//1731 1652//1731 1651//1731 
f 1657//1731 1656//1731 1765//1731 
f 1765//1731 1660//1731 1659//1731 
f 1701//1731 1700//1731 1760//1731 
f 1710//1731 1709//1731 1760//1731 
f 1726//1731 1725//1731 1760//1731 
f 1738//1731 1737//1731 1760//1731 
f 1609//1731 1813//1731 1814//1731 
f 1609//1731 1815//1731 1816//1731 
f 1802//1731 1799//1731 1609//1731 
f 1609//1731 1817//1731 1818//1731 
f 1804//1731 1819//1731 1609//1731 
f 1609//1731 1820//1731 1805//1731 
f 1783//1731 1806//1731 1609//1731 
f 1748//1731 1747//1731 1771//1731 
f 1752//1731 1751//1731 1771//1731 
f 1760//1731 1821//1731 1822//1731 
f 1760//1731 1823//1731 1824//1731 
f 1788//1731 1760//1731 1753//1731 
f 1792//1731 1825//1731 1753//1731 
f 1753//1731 1826//1731 1810//1731 
f 1753//1731 1827//1731 1828//1731 
f 1774//1731 1758//1731 1753//1731 
f 1753//1731 1829//1731 1830//1731 
f 1753//1731 1831//1731 1832//1731 
f 1797//1731 1833//1731 1753//1731 
f 1764//1731 1834//1731 1835//1731 
f 1764//1731 1836//1731 1837//1731 
f 1764//1731 1838//1731 1839//1731 
f 1764//1731 1840//1731 1841//1731 
f 1764//1731 1842//1731 1843//1731 
f 1764//1731 1844//1731 1845//1731 
f 1764//1731 1846//1731 1847//1731 
f 1812//1731 1846//1731 1764//1731 
f 1764//1731 1618//1731 1617//1731 
f 1764//1731 1623//1731 1622//1731 
f 1627//1731 1626//1731 1764//1731 
f 1764//1731 1630//1731 1629//1731 
f 1634//1731 1633//1731 1764//1731 
f 1764//1731 1638//1731 1637//1731 
f 1642//1731 1641//1731 1764//1731 
f 1765//1731 1650//1731 1649//1731 
f 1765//1731 1653//1731 1652//1731 
f 1765//1731 1655//1731 1654//1731 
f 1659//1731 1658//1731 1765//1731 
f 1765//1731 1667//1731 1666//1731 
f 1704//1731 1703//1731 1760//1731 
f 1760//1731 1717//1731 1716//1731 
f 1760//1731 1719//1731 1718//1731 
f 1729//1731 1728//1731 1760//1731 
f 1609//1731 1848//1731 1849//1731 
f 1609//1731 1850//1731 1851//1731 
f 1816//1731 1813//1731 1609//1731 
f 1818//1731 1801//1731 1609//1731 
f 1609//1731 1852//1731 1853//1731 
f 1609//1731 1854//1731 1855//1731 
f 1609//1731 1856//1731 1857//1731 
f 1819//1731 1858//1731 1609//1731 
f 1807//1731 1820//1731 1609//1731 
f 1786//1731 1784//1731 1609//1731 
f 1824//1731 1821//1731 1760//1731 
f 1825//1731 1789//1731 1753//1731 
f 1828//1731 1826//1731 1753//1731 
f 1830//1731 1795//1731 1753//1731 
f 1833//1731 1831//1731 1753//1731 
f 1764//1731 1859//1731 1860//1731 
f 1837//1731 1834//1731 1764//1731 
f 1764//1731 1861//1731 1838//1731 
f 1764//1731 1862//1731 1840//1731 
f 1843//1731 1863//1731 1764//1731 
f 1845//1731 1864//1731 1764//1731 
f 1610//1731 1609//1731 1812//1731 
f 1764//1731 1613//1731 1612//1731 
f 1615//1731 1614//1731 1764//1731 
f 1764//1731 1620//1731 1619//1731 
f 1624//1731 1623//1731 1764//1731 
f 1631//1731 1630//1731 1764//1731 
f 1639//1731 1638//1731 1764//1731 
f 1651//1731 1650//1731 1765//1731 
f 1656//1731 1655//1731 1765//1731 
f 1765//1731 1662//1731 1661//1731 
f 1666//1731 1665//1731 1765//1731 
f 1765//1731 1669//1731 1668//1731 
f 1765//1731 1673//1731 1672//1731 
f 1716//1731 1715//1731 1760//1731 
f 1720//1731 1719//1731 1760//1731 
f 1771//1731 1744//1731 1743//1731 
f 1851//1731 1848//1731 1609//1731 
f 1609//1731 1865//1731 1866//1731 
f 1609//1731 1867//1731 1868//1731 
f 1800//1731 1815//1731 1609//1731 
f 1855//1731 1852//1731 1609//1731 
f 1858//1731 1856//1731 1609//1731 
f 1609//1731 1869//1731 1870//1731 
f 1747//1731 1746//1731 1771//1731 
f 1760//1731 1871//1731 1872//1731 
f 1760//1731 1873//1731 1874//1731 
f 1760//1731 1875//1731 1876//1731 
f 1760//1731 1877//1731 1878//1731 
f 1760//1731 1879//1731 1880//1731 
f 1760//1731 1881//1731 1882//1731 
f 1760//1731 1883//1731 1823//1731 
f 1811//1731 1809//1731 1753//1731 
f 1753//1731 1884//1731 1885//1731 
f 1832//1731 1829//1731 1753//1731 
f 1860//1731 1753//1731 1764//1731 
f 1839//1731 1836//1731 1764//1731 
f 1863//1731 1862//1731 1764//1731 
f 1847//1731 1844//1731 1764//1731 
f 1614//1731 1613//1731 1764//1731 
f 1764//1731 1621//1731 1620//1731 
f 1629//1731 1628//1731 1764//1731 
f 1649//1731 1648//1731 1765//1731 
f 1661//1731 1660//1731 1765//1731 
f 1668//1731 1667//1731 1765//1731 
f 1672//1731 1671//1731 1765//1731 
f 1765//1731 1675//1731 1674//1731 
f 1760//1731 1688//1731 1687//1731 
f 1760//1731 1692//1731 1691//1731 
f 1760//1731 1695//1731 1694//1731 
f 1718//1731 1717//1731 1760//1731 
f 1743//1731 1760//1731 1771//1731 
f 1866//1731 1850//1731 1609//1731 
f 1814//1731 1867//1731 1609//1731 
f 1857//1731 1854//1731 1609//1731 
f 1781//1731 1869//1731 1609//1731 
f 1760//1731 1886//1731 1887//1731 
f 1874//1731 1871//1731 1760//1731 
f 1878//1731 1875//1731 1760//1731 
f 1882//1731 1879//1731 1760//1731 
f 1808//1731 1883//1731 1760//1731 
f 1753//1731 1888//1731 1889//1731 
f 1753//1731 1890//1731 1884//1731 
f 1860//1731 1798//1731 1753//1731 
f 1841//1731 1861//1731 1764//1731 
f 1612//1731 1611//1731 1764//1731 
f 1622//1731 1621//1731 1764//1731 
f 1654//1731 1653//1731 1765//1731 
f 1765//1731 1670//1731 1669//1731 
f 1674//1731 1673//1731 1765//1731 
f 1765//1731 1677//1731 1676//1731 
f 1765//1731 1679//1731 1678//1731 
f 1687//1731 1765//1731 1760//1731 
f 1760//1731 1690//1731 1689//1731 
f 1760//1731 1693//1731 1692//1731 
f 1696//1731 1695//1731 1760//1731 
f 1743//1731 1742//1731 1760//1731 
f 1868//1731 1865//1731 1609//1731 
f 1870//1731 1803//1731 1609//1731 
f 1760//1731 1891//1731 1892//1731 
f 1872//1731 1886//1731 1760//1731 
f 1876//1731 1893//1731 1760//1731 
f 1880//1731 1894//1731 1760//1731 
f 1760//1731 1895//1731 1896//1731 
f 1760//1731 1897//1731 1898//1731 
f 1889//1731 1827//1731 1753//1731 
f 1794//1731 1890//1731 1753//1731 
f 1864//1731 1842//1731 1764//1731 
f 1637//1731 1636//1731 1764//1731 
f 1765//1731 1664//1731 1663//1731 
f 1671//1731 1670//1731 1765//1731 
f 1678//1731 1677//1731 1765//1731 
f 1765//1731 1681//1731 1680//1731 
f 1765//1731 1685//1731 1684//1731 
f 1687//1731 1686//1731 1765//1731 
f 1691//1731 1690//1731 1760//1731 
f 1742//1731 1741//1731 1760//1731 
f 1771//1731 1746//1731 1745//1731 
f 1853//1731 1817//1731 1609//1731 
f 1887//1731 1891//1731 1760//1731 
f 1894//1731 1877//1731 1760//1731 
f 1898//1731 1895//1731 1760//1731 
f 1760//1731 1899//1731 1900//1731 
f 1885//1731 1888//1731 1753//1731 
f 1619//1731 1618//1731 1764//1731 
f 1665//1731 1664//1731 1765//1731 
f 1680//1731 1679//1731 1765//1731 
f 1765//1731 1683//1731 1682//1731 
f 1686//1731 1685//1731 1765//1731 
f 1694//1731 1693//1731 1760//1731 
f 1849//1731 1812//1731 1609//1731 
f 1893//1731 1873//1731 1760//1731 
f 1900//1731 1897//1731 1760//1731 
f 1835//1731 1859//1731 1764//1731 
f 1676//1731 1675//1731 1765//1731 
f 1684//1731 1683//1731 1765//1731 
f 1745//1731 1744//1731 1771//1731 
f 1896//1731 1881//1731 1760//1731 
f 1663//1731 1662//1731 1765//1731 
f 1689//1731 1688//1731 1760//1731 
f 1822//1731 1899//1731 1760//1731 
f 1892//1731 1771//1731 1760//1731 
f 1901//1731 1902//1731 1765//1731 
f 1765//1731 1764//1731 1901//1731 
f 1682//1731 1681//1731 1765//1731 
o mesh24
f 1765//1732 1902//1732 1903//1732 
f 1903//1732 1904//1732 1765//1732 
o mesh25
f 1905//1733 1760//1733 1765//1733 
f 1765//1733 1904//1733 1905//1733 
o mesh26
f 1902//1733 1901//1733 1906//1733 
f 1906//1733 1903//1733 1902//1733 
o mesh27
f 1907//1733 1908//1733 1764//1733 
f 1764//1733 1753//1733 1907//1733 
o mesh28
f 1905//1732 1909//1732 1753//1732 
f 1910//1732 1907//1732 1753//1732 
f 1753//1732 1909//1732 1910//1732 
f 1753//1732 1760//1732 1905//1732 
o mesh29
f 1911//1734 1912//1734 1764//1734 
f 1906//1734 1901//1734 1764//1734 
f 1764//1734 1912//1734 1906//1734 
f 1764//1734 1908//1734 1911//1734 
o mesh30
f 1913//1735 1432//1735 1434//1735 
f 1913//1735 1424//1735 1426//1735 
f 1904//1735 1252//1735 1254//1735 
f 1913//1735 1438//1735 1440//1735 
f 1434//1735 1436//1735 1913//1735 
f 1913//1735 1428//1735 1430//1735 
f 1913//1735 1422//1735 1424//1735 
f 1913//1735 1416//1735 1418//1735 
f 1913//1735 1390//1735 1392//1735 
f 1178//1735 1914//1735 1915//1735 
f 1904//1735 1260//1735 1262//1735 
f 1254//1735 1256//1735 1904//1735 
f 1436//1735 1438//1735 1913//1735 
f 1426//1735 1428//1735 1913//1735 
f 1418//1735 1420//1735 1913//1735 
f 1913//1735 1404//1735 1406//1735 
f 1913//1735 1396//1735 1398//1735 
f 1392//1735 1394//1735 1913//1735 
f 1178//1735 1916//1735 1914//1735 
f 1904//1735 1270//1735 1272//1735 
f 1904//1735 1266//1735 1268//1735 
f 1904//1735 1258//1735 1260//1735 
f 1904//1735 1250//1735 1252//1735 
f 1382//1735 1917//1735 1918//1735 
f 1430//1735 1432//1735 1913//1735 
f 1913//1735 1414//1735 1416//1735 
f 1913//1735 1410//1735 1412//1735 
f 1406//1735 1408//1735 1913//1735 
f 1398//1735 1400//1735 1913//1735 
f 1913//1735 1388//1735 1390//1735 
f 1386//1735 1919//1735 1920//1735 
f 1386//1735 1921//1735 1922//1735 
f 1386//1735 1923//1735 1924//1735 
f 1386//1735 1913//1735 1925//1735 
f 1178//1735 1926//1735 1927//1735 
f 1915//1735 1928//1735 1178//1735 
f 1904//1735 1276//1735 1278//1735 
f 1272//1735 1274//1735 1904//1735 
f 1904//1735 1264//1735 1266//1735 
f 1256//1735 1258//1735 1904//1735 
f 1904//1735 1244//1735 1246//1735 
f 1905//1735 1929//1735 1930//1735 
f 1905//1735 1380//1735 1382//1735 
f 1913//1735 1450//1735 1452//1735 
f 1913//1735 1444//1735 1446//1735 
f 1420//1735 1422//1735 1913//1735 
f 1408//1735 1410//1735 1913//1735 
f 1400//1735 1402//1735 1913//1735 
f 1913//1735 1386//1735 1388//1735 
f 1931//1735 1382//1735 1384//1735 
f 1920//1735 1932//1735 1386//1735 
f 1386//1735 1933//1735 1921//1735 
f 1924//1735 1934//1735 1386//1735 
f 1386//1735 1935//1735 1936//1735 
f 1925//1735 1937//1735 1386//1735 
f 1928//1735 1926//1735 1178//1735 
f 1178//1735 1938//1735 1939//1735 
f 1904//1735 1280//1735 1282//1735 
f 1274//1735 1276//1735 1904//1735 
f 1262//1735 1264//1735 1904//1735 
f 1246//1735 1248//1735 1904//1735 
f 1905//1735 1940//1735 1941//1735 
f 1905//1735 1942//1735 1943//1735 
f 1905//1735 1944//1735 1929//1735 
f 1918//1735 1905//1735 1382//1735 
f 1913//1735 1456//1735 1458//1735 
f 1452//1735 1454//1735 1913//1735 
f 1913//1735 1442//1735 1444//1735 
f 1412//1735 1414//1735 1913//1735 
f 1394//1735 1396//1735 1913//1735 
f 1384//1735 1945//1735 1931//1735 
f 1932//1735 1946//1735 1386//1735 
f 1934//1735 1933//1735 1386//1735 
f 1386//1735 1947//1735 1935//1735 
f 1937//1735 1948//1735 1386//1735 
f 1939//1735 1916//1735 1178//1735 
f 1904//1735 1300//1735 1302//1735 
f 1278//1735 1280//1735 1904//1735 
f 1248//1735 1250//1735 1904//1735 
f 1941//1735 1949//1735 1905//1735 
f 1943//1735 1950//1735 1905//1735 
f 1930//1735 1951//1735 1905//1735 
f 1905//1735 1378//1735 1380//1735 
f 1905//1735 1368//1735 1370//1735 
f 1913//1735 1460//1735 1462//1735 
f 1454//1735 1456//1735 1913//1735 
f 1446//1735 1448//1735 1913//1735 
f 1402//1735 1404//1735 1913//1735 
f 1931//1735 1917//1735 1382//1735 
f 1946//1735 1952//1735 1386//1735 
f 1936//1735 1923//1735 1386//1735 
f 1948//1735 1953//1735 1386//1735 
f 1178//1735 1954//1735 1955//1735 
f 1927//1735 1956//1735 1178//1735 
f 1302//1735 1304//1735 1904//1735 
f 1904//1735 1288//1735 1290//1735 
f 1904//1735 1284//1735 1286//1735 
f 1268//1735 1270//1735 1904//1735 
f 1912//1735 1214//1735 1216//1735 
f 1912//1735 1210//1735 1212//1735 
f 1950//1735 1940//1735 1905//1735 
f 1918//1735 1944//1735 1905//1735 
f 1905//1735 1374//1735 1376//1735 
f 1370//1735 1372//1735 1905//1735 
f 1458//1735 1460//1735 1913//1735 
f 1440//1735 1442//1735 1913//1735 
f 1952//1735 1945//1735 1386//1735 
f 1953//1735 1947//1735 1386//1735 
f 1178//1735 1957//1735 1958//1735 
f 1178//1735 1959//1735 1954//1735 
f 1178//1735 1960//1735 1938//1735 
f 1904//1735 1298//1735 1300//1735 
f 1290//1735 1292//1735 1904//1735 
f 1282//1735 1284//1735 1904//1735 
f 1904//1735 1238//1735 1240//1735 
f 1912//1735 1218//1735 1220//1735 
f 1212//1735 1214//1735 1912//1735 
f 1909//1735 1961//1735 1962//1735 
f 1909//1735 1963//1735 1964//1735 
f 1905//1735 1965//1735 1966//1735 
f 1951//1735 1942//1735 1905//1735 
f 1372//1735 1374//1735 1905//1735 
f 1448//1735 1450//1735 1913//1735 
f 1922//1735 1919//1735 1386//1735 
f 1958//1735 1967//1735 1178//1735 
f 1956//1735 1959//1735 1178//1735 
f 1304//1735 1306//1735 1904//1735 
f 1904//1735 1294//1735 1296//1735 
f 1286//1735 1288//1735 1904//1735 
f 1240//1735 1242//1735 1904//1735 
f 1912//1735 1222//1735 1224//1735 
f 1216//1735 1218//1735 1912//1735 
f 1912//1735 1204//1735 1206//1735 
f 1912//1735 1968//1735 1969//1735 
f 1909//1735 1970//1735 1961//1735 
f 1964//1735 1971//1735 1909//1735 
f 1905//1735 1972//1735 1973//1735 
f 1966//1735 1974//1735 1905//1735 
f 1905//1735 1975//1735 1976//1735 
f 1376//1735 1378//1735 1905//1735 
f 1384//1735 1386//1735 1945//1735 
f 1955//1735 1957//1735 1178//1735 
f 1296//1735 1298//1735 1904//1735 
f 1242//1735 1244//1735 1904//1735 
f 1912//1735 1236//1735 1238//1735 
f 1912//1735 1232//1735 1234//1735 
f 1912//1735 1228//1735 1230//1735 
f 1220//1735 1222//1735 1912//1735 
f 1206//1735 1208//1735 1912//1735 
f 1969//1735 1977//1735 1912//1735 
f 1912//1735 1978//1735 1979//1735 
f 1909//1735 1980//1735 1981//1735 
f 1962//1735 1982//1735 1909//1735 
f 1909//1735 1983//1735 1984//1735 
f 1909//1735 1985//1735 1986//1735 
f 1909//1735 1987//1735 1988//1735 
f 1909//1735 1973//1735 1963//1735 
f 1905//1735 1989//1735 1972//1735 
f 1905//1735 1990//1735 1991//1735 
f 1905//1735 1992//1735 1965//1735 
f 1905//1735 1993//1735 1994//1735 
f 1905//1735 1995//1735 1996//1735 
f 1905//1735 1997//1735 1998//1735 
f 1949//1735 1975//1735 1905//1735 
f 1967//1735 1913//1735 1178//1735 
f 1905//1735 1364//1735 1366//1735 
f 1905//1735 1360//1735 1362//1735 
f 1905//1735 1334//1735 1336//1735 
f 1292//1735 1294//1735 1904//1735 
f 1234//1735 1236//1735 1912//1735 
f 1912//1735 1226//1735 1228//1735 
f 1208//1735 1210//1735 1912//1735 
f 1912//1735 1999//1735 2000//1735 
f 1979//1735 1968//1735 1912//1735 
f 1982//1735 1980//1735 1909//1735 
f 1909//1735 2001//1735 1983//1735 
f 1909//1735 2002//1735 1985//1735 
f 1909//1735 2003//1735 2004//1735 
f 1971//1735 1987//1735 1909//1735 
f 1991//1735 1989//1735 1905//1735 
f 1994//1735 1992//1735 1905//1735 
f 1905//1735 2005//1735 1995//1735 
f 1998//1735 2006//1735 1905//1735 
f 1462//1735 1178//1735 1913//1735 
f 1362//1735 1364//1735 1905//1735 
f 1336//1735 1338//1735 1905//1735 
f 1904//1735 1318//1735 1320//1735 
f 1904//1735 1312//1735 1314//1735 
f 1904//1735 1308//1735 1310//1735 
f 1238//1735 1904//1735 1912//1735 
f 1224//1735 1226//1735 1912//1735 
f 1912//1735 1960//1735 1178//1735 
f 1912//1735 2007//1735 2008//1735 
f 1912//1735 2009//1735 2010//1735 
f 1912//1735 2011//1735 2012//1735 
f 1977//1735 1999//1735 1912//1735 
f 1909//1735 2013//1735 2014//1735 
f 1909//1735 2015//1735 2016//1735 
f 1984//1735 1970//1735 1909//1735 
f 1986//1735 2017//1735 1909//1735 
f 2004//1735 2018//1735 1909//1735 
f 1973//1735 1909//1735 1905//1735 
f 1974//1735 2019//1735 1905//1735 
f 2006//1735 2005//1735 1905//1735 
f 1366//1735 1368//1735 1905//1735 
f 1905//1735 1344//1735 1346//1735 
f 1338//1735 1340//1735 1905//1735 
f 1904//1735 1322//1735 1324//1735 
f 1904//1735 1316//1735 1318//1735 
f 1310//1735 1312//1735 1904//1735 
f 1230//1735 1232//1735 1912//1735 
f 1912//1735 1198//1735 1200//1735 
f 1912//1735 1184//1735 1186//1735 
f 2008//1735 1960//1735 1912//1735 
f 2010//1735 2020//1735 1912//1735 
f 2000//1735 2011//1735 1912//1735 
f 1912//1735 2021//1735 2022//1735 
f 2014//1735 2023//1735 1909//1735 
f 1981//1735 2015//1735 1909//1735 
f 1909//1735 2024//1735 2025//1735 
f 2018//1735 2002//1735 1909//1735 
f 2019//1735 1990//1735 1905//1735 
f 1905//1735 2026//1735 2027//1735 
f 1905//1735 2028//1735 2029//1735 
f 1905//1735 2030//1735 2031//1735 
f 1976//1735 1997//1735 1905//1735 
f 1346//1735 1348//1735 1905//1735 
f 1340//1735 1342//1735 1905//1735 
f 1905//1735 1328//1735 1330//1735 
f 1905//1735 1324//1735 1326//1735 
f 1320//1735 1322//1735 1904//1735 
f 1306//1735 1308//1735 1904//1735 
f 1200//1735 1202//1735 1912//1735 
f 1912//1735 1192//1735 1194//1735 
f 1186//1735 1188//1735 1912//1735 
f 1912//1735 1180//1735 1182//1735 
f 1178//1735 1177//1735 1912//1735 
f 2020//1735 2032//1735 1912//1735 
f 2022//1735 1978//1735 1912//1735 
f 1912//1735 2033//1735 2034//1735 
f 1909//1735 2035//1735 2036//1735 
f 1909//1735 2037//1735 2038//1735 
f 1909//1735 2039//1735 2040//1735 
f 1909//1735 2041//1735 2042//1735 
f 2023//1735 2043//1735 1909//1735 
f 2025//1735 2001//1735 1909//1735 
f 1988//1735 2003//1735 1909//1735 
f 2029//1735 2026//1735 1905//1735 
f 1996//1735 2030//1735 1905//1735 
f 1905//1735 1356//1735 1358//1735 
f 1342//1735 1344//1735 1905//1735 
f 1330//1735 1332//1735 1905//1735 
f 1324//1735 1905//1735 1904//1735 
f 1202//1735 1204//1735 1912//1735 
f 1194//1735 1196//1735 1912//1735 
f 1188//1735 1190//1735 1912//1735 
f 1177//1735 1180//1735 1912//1735 
f 2012//1735 2009//1735 1912//1735 
f 1912//1735 2044//1735 2045//1735 
f 1912//1735 2046//1735 2033//1735 
f 1912//1735 1909//1735 2047//1735 
f 2036//1735 2048//1735 1909//1735 
f 1909//1735 2049//1735 2050//1735 
f 2040//1735 2037//1735 1909//1735 
f 2042//1735 2051//1735 1909//1735 
f 1909//1735 2052//1735 2013//1735 
f 2017//1735 2024//1735 1909//1735 
f 2027//1735 2053//1735 1905//1735 
f 1358//1735 1360//1735 1905//1735 
f 1905//1735 1350//1735 1352//1735 
f 1332//1735 1334//1735 1905//1735 
f 1314//1735 1316//1735 1904//1735 
f 1190//1735 1192//1735 1912//1735 
f 2032//1735 2007//1735 1912//1735 
f 2045//1735 2054//1735 1912//1735 
f 2047//1735 2046//1735 1912//1735 
f 1909//1735 2055//1735 2056//1735 
f 2050//1735 2035//1735 1909//1735 
f 2051//1735 2039//1735 1909//1735 
f 2016//1735 2052//1735 1909//1735 
f 2031//1735 2028//1735 1905//1735 
f 1352//1735 1354//1735 1905//1735 
f 1326//1735 1328//1735 1905//1735 
f 1182//1735 1184//1735 1912//1735 
f 2034//1735 2044//1735 1912//1735 
f 2048//1735 2055//1735 1909//1735 
f 2043//1735 2041//1735 1909//1735 
f 1354//1735 1356//1735 1905//1735 
f 1196//1735 1198//1735 1912//1735 
f 2056//1735 2047//1735 1909//1735 
f 2053//1735 1993//1735 1905//1735 
f 2054//1735 2021//1735 1912//1735 
f 1906//1735 1912//1735 1904//1735 
f 1348//1735 1350//1735 1905//1735 
f 2038//1735 2049//1735 1909//1735 
f 1904//1735 1903//1735 1906//1735 
o mesh31
f 2050//1736 2049//1737 2057//1737 
f 2035//1738 2050//1736 2058//1739 
f 2036//1740 2035//1738 2059//1741 
f 2048//1742 2036//1740 2060//1743 
f 2055//1744 2048//1742 2061//1745 
f 2056//1746 2055//1744 2062//1747 
f 2047//1748 2056//1746 2063//1749 
f 2046//1750 2047//1748 2064//1751 
f 2033//1752 2046//1750 2065//1753 
f 2034//1754 2033//1752 2066//1755 
f 2044//1756 2034//1754 2067//1757 
f 2045//1758 2044//1756 2068//1759 
f 2054//1760 2045//1758 2069//1761 
f 2021//1762 2054//1760 2070//1763 
f 2022//1764 2021//1762 2071//1765 
f 1978//1766 2022//1764 2072//1767 
f 1979//1768 1978//1766 2073//1769 
f 1968//1770 1979//1768 2074//1771 
f 1969//1772 1968//1770 2075//1773 
f 1977//1774 1969//1772 2076//1775 
f 1999//1776 1977//1774 2077//1777 
f 2000//1778 1999//1776 2078//1779 
f 2011//1780 2000//1778 2079//1781 
f 2012//1782 2011//1780 2080//1783 
f 2009//1784 2012//1782 2081//1785 
f 2010//1786 2009//1784 2082//1787 
f 2020//1788 2010//1786 2083//1789 
f 2032//1790 2020//1788 2084//1791 
f 2007//1792 2032//1790 2085//1793 
f 2008//1794 2007//1792 2086//1795 
f 1960//1796 2008//1794 2087//1797 
f 1938//1798 1960//1796 2088//1799 
f 1939//1800 1938//1798 2089//1801 
f 1916//1802 1939//1800 2090//1803 
f 1914//1804 1916//1802 2091//1805 
f 1915//1806 1914//1804 2092//1807 
f 1928//1808 1915//1806 2093//1809 
f 1926//1810 1928//1808 2094//1811 
f 1927//1812 1926//1810 2095//1813 
f 1956//1814 1927//1812 2096//1815 
f 1959//1816 1956//1814 2097//1817 
f 1954//1818 1959//1816 2098//1819 
f 1955//1820 1954//1818 2099//1821 
f 1957//1822 1955//1820 2100//1823 
f 1958//1824 1957//1822 2101//1825 
f 1967//1826 1958//1824 2102//1827 
f 1913//1828 1967//1826 2103//1829 
f 1925//1830 1913//1828 2104//1831 
f 1937//1832 1925//1830 2105//1833 
f 1948//1834 1937//1832 2106//1835 
f 1953//1836 1948//1834 2107//1837 
f 1947//1838 1953//1836 2108//1839 
f 1935//1840 1947//1838 2109//1841 
f 1936//1842 1935//1840 2110//1843 
f 1923//1844 1936//1842 2111//1845 
f 1924//1846 1923//1844 2112//1847 
f 1934//1848 1924//1846 2113//1849 
f 1933//1850 1934//1848 2114//1851 
f 1921//1852 1933//1850 2115//1853 
f 1922//1854 1921//1852 2116//1855 
f 1919//1856 1922//1854 2117//1857 
f 1920//1858 1919//1856 2118//1859 
f 1932//1860 1920//1858 2119//1861 
f 1946//1862 1932//1860 2120//1863 
f 1952//1864 1946//1862 2121//1865 
f 1945//1866 1952//1864 2122//1867 
f 1931//1868 1945//1866 2123//1869 
f 1917//1870 1931//1868 2124//1871 
f 1918//1872 1917//1870 2125//1873 
f 1944//1874 1918//1872 2126//1875 
f 1929//1876 1944//1874 2127//1877 
f 1930//1878 1929//1876 2128//1879 
f 1951//1880 1930//1878 2129//1881 
f 1942//1882 1951//1880 2130//1883 
f 1943//1884 1942//1882 2131//1885 
f 1950//1886 1943//1884 2132//1887 
f 1940//1888 1950//1886 2133//1889 
f 1941//1890 1940//1888 2134//1891 
f 1949//1892 1941//1890 2135//1893 
f 1975//1894 1949//1892 2136//1895 
f 1976//1896 1975//1894 2137//1897 
f 1997//1898 1976//1896 2138//1899 
f 1998//1900 1997//1898 2139//1901 
f 2006//1902 1998//1900 2140//1903 
f 2005//1904 2006//1902 2141//1905 
f 1995//1906 2005//1904 2142//1907 
f 1996//1908 1995//1906 2143//1909 
f 2030//1910 1996//1908 2144//1911 
f 2031//1912 2030//1910 2145//1913 
f 2028//1914 2031//1912 2146//1915 
f 2029//1916 2028//1914 2147//1917 
f 2026//1918 2029//1916 2148//1919 
f 2027//1920 2026//1918 2149//1921 
f 2053//1922 2027//1920 2150//1923 
f 1993//1924 2053//1922 2151//1925 
f 1994//1926 1993//1924 2152//1927 
f 1992//1928 1994//1926 2153//1929 
f 1965//1930 1992//1928 2154//1931 
f 1966//1932 1965//1930 2155//1933 
f 1974//1934 1966//1932 2156//1935 
f 2019//1936 1974//1934 2157//1937 
f 1990//1938 2019//1936 2158//1939 
f 1991//1940 1990//1938 2159//1941 
f 1989//1942 1991//1940 2160//1943 
f 1972//1944 1989//1942 2161//1945 
f 1973//1946 1972//1944 2162//1947 
f 1963//1948 1973//1946 2163//1949 
f 1964//1950 1963//1948 2164//1951 
f 1971//1952 1964//1950 2165//1953 
f 1987//1954 1971//1952 2166//1955 
f 1988//1956 1987//1954 2167//1957 
f 2003//1958 1988//1956 2168//1959 
f 2004//1960 2003//1958 2169//1961 
f 2018//1962 2004//1960 2170//1963 
f 2002//1964 2018//1962 2171//1965 
f 1985//1966 2002//1964 2172//1967 
f 1986//1968 1985//1966 2173//1969 
f 2017//1970 1986//1968 2174//1971 
f 2024//1972 2017//1970 2175//1973 
f 2025//1974 2024//1972 2176//1975 
f 2001//1976 2025//1974 2177//1977 
f 1983//1978 2001//1976 2178//1979 
f 1984//1980 1983//1978 2179//1981 
f 1970//1982 1984//1980 2180//1983 
f 1961//1984 1970//1982 2181//1985 
f 1962//1986 1961//1984 2182//1987 
f 1982//1988 1962//1986 2183//1989 
f 1980//1990 1982//1988 2184//1991 
f 1981//1992 1980//1990 2185//1993 
f 2015//1994 1981//1992 2186//1995 
f 2016//1996 2015//1994 2187//1997 
f 2052//1998 2016//1996 2188//1999 
f 2013//2000 2052//1998 2189//2001 
f 2014//2002 2013//2000 2190//2003 
f 2023//2004 2014//2002 2191//2005 
f 2043//2006 2023//2004 2192//2007 
f 2041//2008 2043//2006 2193//2009 
f 2042//2010 2041//2008 2194//2011 
f 2051//2012 2042//2010 2195//2013 
f 2039//2014 2051//2012 2196//2015 
f 2040//2016 2039//2014 2197//2017 
f 2037//2018 2040//2016 2198//2019 
f 2038//2020 2037//2018 2199//2021 
f 2049//1737 2038//2020 2200//2020 
f 2200//2020 2057//1737 2049//1737 
f 2199//2021 2200//2020 2038//2020 
f 2198//2019 2199//2021 2037//2018 
f 2197//2017 2198//2019 2040//2016 
f 2196//2015 2197//2017 2039//2014 
f 2195//2013 2196//2015 2051//2012 
f 2194//2011 2195//2013 2042//2010 
f 2193//2009 2194//2011 2041//2008 
f 2192//2007 2193//2009 2043//2006 
f 2191//2005 2192//2007 2023//2004 
f 2190//2003 2191//2005 2014//2002 
f 2189//2001 2190//2003 2013//2000 
f 2188//1999 2189//2001 2052//1998 
f 2187//1997 2188//1999 2016//1996 
f 2186//1995 2187//1997 2015//1994 
f 2185//1993 2186//1995 1981//1992 
f 2184//1991 2185//1993 1980//1990 
f 2183//1989 2184//1991 1982//1988 
f 2182//1987 2183//1989 1962//1986 
f 2181//1985 2182//1987 1961//1984 
f 2180//1983 2181//1985 1970//1982 
f 2179//1981 2180//1983 1984//1980 
f 2178//1979 2179//1981 1983//1978 
f 2177//1977 2178//1979 2001//1976 
f 2176//1975 2177//1977 2025//1974 
f 2175//1973 2176//1975 2024//1972 
f 2174//1971 2175//1973 2017//1970 
f 2173//1969 2174//1971 1986//1968 
f 2172//1967 2173//1969 1985//1966 
f 2171//1965 2172//1967 2002//1964 
f 2170//1963 2171//1965 2018//1962 
f 2169//1961 2170//1963 2004//1960 
f 2168//1959 2169//1961 2003//1958 
f 2167//1957 2168//1959 1988//1956 
f 2166//1955 2167//1957 1987//1954 
f 2165//1953 2166//1955 1971//1952 
f 2164//1951 2165//1953 1964//1950 
f 2163//1949 2164//1951 1963//1948 
f 2162//1947 2163//1949 1973//1946 
f 2161//1945 2162//1947 1972//1944 
f 2160//1943 2161//1945 1989//1942 
f 2159//1941 2160//1943 1991//1940 
f 2158//1939 2159//1941 1990//1938 
f 2157//1937 2158//1939 2019//1936 
f 2156//1935 2157//1937 1974//1934 
f 2155//1933 2156//1935 1966//1932 
f 2154//1931 2155//1933 1965//1930 
f 2153//1929 2154//1931 1992//1928 
f 2152//1927 2153//1929 1994//1926 
f 2151//1925 2152//1927 1993//1924 
f 2150//1923 2151//1925 2053//1922 
f 2149//1921 2150//1923 2027//1920 
f 2148//1919 2149//1921 2026//1918 
f 2147//1917 2148//1919 2029//1916 
f 2146//1915 2147//1917 2028//1914 
f 2145//1913 2146//1915 2031//1912 
f 2144//1911 2145//1913 2030//1910 
f 2143//1909 2144//1911 1996//1908 
f 2142//1907 2143//1909 1995//1906 
f 2141//1905 2142//1907 2005//1904 
f 2140//1903 2141//1905 2006//1902 
f 2139//1901 2140//1903 1998//1900 
f 2138//1899 2139//1901 1997//1898 
f 2137//1897 2138//1899 1976//1896 
f 2136//1895 2137//1897 1975//1894 
f 2135//1893 2136//1895 1949//1892 
f 2134//1891 2135//1893 1941//1890 
f 2133//1889 2134//1891 1940//1888 
f 2132//1887 2133//1889 1950//1886 
f 2131//1885 2132//1887 1943//1884 
f 2130//1883 2131//1885 1942//1882 
f 2129//1881 2130//1883 1951//1880 
f 2128//1879 2129//1881 1930//1878 
f 2127//1877 2128//1879 1929//1876 
f 2126//1875 2127//1877 1944//1874 
f 2125//1873 2126//1875 1918//1872 
f 2124//1871 2125//1873 1917//1870 
f 2123//1869 2124//1871 1931//1868 
f 2122//1867 2123//1869 1945//1866 
f 2121//1865 2122//1867 1952//1864 
f 2120//1863 2121//1865 1946//1862 
f 2119//1861 2120//1863 1932//1860 
f 2118//1859 2119//1861 1920//1858 
f 2117//1857 2118//1859 1919//1856 
f 2116//1855 2117//1857 1922//1854 
f 2115//1853 2116//1855 1921//1852 
f 2114//1851 2115//1853 1933//1850 
f 2113//1849 2114//1851 1934//1848 
f 2112//1847 2113//1849 1924//1846 
f 2111//1845 2112//1847 1923//1844 
f 2110//1843 2111//1845 1936//1842 
f 2109//1841 2110//1843 1935//1840 
f 2108//1839 2109//1841 1947//1838 
f 2107//1837 2108//1839 1953//1836 
f 2106//1835 2107//1837 1948//1834 
f 2105//1833 2106//1835 1937//1832 
f 2104//1831 2105//1833 1925//1830 
f 2103//1829 2104//1831 1913//1828 
f 2102//1827 2103//1829 1967//1826 
f 2101//1825 2102//1827 1958//1824 
f 2100//1823 2101//1825 1957//1822 
f 2099//1821 2100//1823 1955//1820 
f 2098//1819 2099//1821 1954//1818 
f 2097//1817 2098//1819 1959//1816 
f 2096//1815 2097//1817 1956//1814 
f 2095//1813 2096//1815 1927//1812 
f 2094//1811 2095//1813 1926//1810 
f 2093//1809 2094//1811 1928//1808 
f 2092//1807 2093//1809 1915//1806 
f 2091//1805 2092//1807 1914//1804 
f 2090//1803 2091//1805 1916//1802 
f 2089//1801 2090//1803 1939//1800 
f 2088//1799 2089//1801 1938//1798 
f 2087//1797 2088//1799 1960//1796 
f 2086//1795 2087//1797 2008//1794 
f 2085//1793 2086//1795 2007//1792 
f 2084//1791 2085//1793 2032//1790 
f 2083//1789 2084//1791 2020//1788 
f 2082//1787 2083//1789 2010//1786 
f 2081//1785 2082//1787 2009//1784 
f 2080//1783 2081//1785 2012//1782 
f 2079//1781 2080//1783 2011//1780 
f 2078//1779 2079//1781 2000//1778 
f 2077//1777 2078//1779 1999//1776 
f 2076//1775 2077//1777 1977//1774 
f 2075//1773 2076//1775 1969//1772 
f 2074//1771 2075//1773 1968//1770 
f 2073//1769 2074//1771 1979//1768 
f 2072//1767 2073//1769 1978//1766 
f 2071//1765 2072//1767 2022//1764 
f 2070//1763 2071//1765 2021//1762 
f 2069//1761 2070//1763 2054//1760 
f 2068//1759 2069//1761 2045//1758 
f 2067//1757 2068//1759 2044//1756 
f 2066//1755 2067//1757 2034//1754 
f 2065//1753 2066//1755 2033//1752 
f 2064//1751 2065//1753 2046//1750 
f 2063//1749 2064//1751 2047//1748 
f 2062//1747 2063//1749 2056//1746 
f 2061//1745 2062//1747 2055//1744 
f 2060//1743 2061//1745 2048//1742 
f 2059//1741 2060//1743 2036//1740 
f 2058//1739 2059//1741 2035//1738 
f 2057//1737 2058//1739 2050//1736 
o mesh32
f 2149//2022 2148//2022 2201//2022 
f 2148//2022 2147//2022 2202//2022 
f 2202//2022 2201//2022 2148//2022 
f 2146//2022 2203//2022 2202//2022 
f 2202//2022 2147//2022 2146//2022 
f 2145//2022 2204//2022 2203//2022 
f 2144//2022 2205//2022 2204//2022 
f 2144//2022 2143//2022 2206//2022 
f 2141//2022 2207//2022 2208//2022 
f 2141//2022 2140//2022 2209//2022 
f 2138//2022 2210//2022 2211//2022 
f 2138//2022 2137//2022 2212//2022 
f 2134//2022 2213//2022 2214//2022 
f 2134//2022 2133//2022 2215//2022 
f 2132//2022 2216//2022 2215//2022 
f 2132//2022 2131//2022 2217//2022 
f 2124//2022 2218//2022 2219//2022 
f 2124//2022 2123//2022 2220//2022 
f 2123//2022 2122//2022 2221//2022 
f 2122//2022 2121//2022 2222//2022 
f 2119//2022 2118//2022 2223//2022 
f 2118//2022 2117//2022 2224//2022 
f 2098//2022 2225//2022 2226//2022 
f 2098//2022 2097//2022 2227//2022 
f 2150//2022 2228//2022 2229//2022 
f 2150//2022 2149//2022 2230//2022 
f 2203//2022 2146//2022 2145//2022 
f 2206//2022 2205//2022 2144//2022 
f 2142//2022 2208//2022 2206//2022 
f 2209//2022 2207//2022 2141//2022 
f 2139//2022 2211//2022 2209//2022 
f 2212//2022 2210//2022 2138//2022 
f 2136//2022 2231//2022 2212//2022 
f 2136//2022 2135//2022 2214//2022 
f 2215//2022 2213//2022 2134//2022 
f 2217//2022 2216//2022 2132//2022 
f 2126//2022 2232//2022 2233//2022 
f 2126//2022 2125//2022 2219//2022 
f 2220//2022 2218//2022 2124//2022 
f 2222//2022 2221//2022 2122//2022 
f 2119//2022 2234//2022 2235//2022 
f 2224//2022 2223//2022 2118//2022 
f 2099//2022 2226//2022 2236//2022 
f 2227//2022 2225//2022 2098//2022 
f 2088//2022 2237//2022 2238//2022 
f 2088//2022 2087//2022 2239//2022 
f 2189//2022 2240//2022 2241//2022 
f 2188//2022 2242//2022 2240//2022 
f 2187//2022 2243//2022 2242//2022 
f 2187//2022 2186//2022 2244//2022 
f 2183//2022 2182//2022 2245//2022 
f 2182//2022 2181//2022 2246//2022 
f 2230//2022 2228//2022 2150//2022 
f 2204//2022 2145//2022 2144//2022 
f 2208//2022 2142//2022 2141//2022 
f 2211//2022 2139//2022 2138//2022 
f 2214//2022 2231//2022 2136//2022 
f 2215//2022 2133//2022 2132//2022 
f 2130//2022 2247//2022 2217//2022 
f 2130//2022 2129//2022 2248//2022 
f 2219//2022 2232//2022 2126//2022 
f 2221//2022 2220//2022 2123//2022 
f 2120//2022 2235//2022 2222//2022 
f 2223//2022 2234//2022 2119//2022 
f 2114//2022 2249//2022 2250//2022 
f 2114//2022 2113//2022 2251//2022 
f 2102//2022 2252//2022 2253//2022 
f 2102//2022 2101//2022 2254//2022 
f 2101//2022 2100//2022 2236//2022 
f 2226//2022 2099//2022 2098//2022 
f 2239//2022 2237//2022 2088//2022 
f 2087//2022 2086//2022 2255//2022 
f 2085//2022 2256//2022 2255//2022 
f 2085//2022 2084//2022 2257//2022 
f 2193//2022 2258//2022 2259//2022 
f 2193//2022 2192//2022 2260//2022 
f 2240//2022 2189//2022 2188//2022 
f 2244//2022 2243//2022 2187//2022 
f 2184//2022 2183//2022 2261//2022 
f 2246//2022 2245//2022 2182//2022 
f 2201//2022 2230//2022 2149//2022 
f 2209//2022 2140//2022 2139//2022 
f 2214//2022 2135//2022 2134//2022 
f 2248//2022 2247//2022 2130//2022 
f 2128//2022 2262//2022 2248//2022 
f 2128//2022 2127//2022 2233//2022 
f 2219//2022 2125//2022 2124//2022 
f 2235//2022 2120//2022 2119//2022 
f 2251//2022 2249//2022 2114//2022 
f 2113//2022 2112//2022 2263//2022 
f 2254//2022 2252//2022 2102//2022 
f 2236//2022 2100//2022 2099//2022 
f 2096//2022 2264//2022 2227//2022 
f 2096//2022 2095//2022 2265//2022 
f 2090//2022 2266//2022 2267//2022 
f 2090//2022 2089//2022 2238//2022 
f 2255//2022 2239//2022 2087//2022 
f 2257//2022 2256//2022 2085//2022 
f 2083//2022 2268//2022 2257//2022 
f 2083//2022 2082//2022 2269//2022 
f 2196//2022 2270//2022 2271//2022 
f 2196//2022 2195//2022 2272//2022 
f 2260//2022 2258//2022 2193//2022 
f 2192//2022 2191//2022 2273//2022 
f 2242//2022 2188//2022 2187//2022 
f 2186//2022 2185//2022 2274//2022 
f 2185//2022 2184//2022 2275//2022 
f 2245//2022 2261//2022 2183//2022 
f 2165//2022 2276//2022 2277//2022 
f 2165//2022 2164//2022 2278//2022 
f 2162//2022 2279//2022 2280//2022 
f 2162//2022 2161//2022 2281//2022 
f 2206//2022 2143//2022 2142//2022 
f 2217//2022 2131//2022 2130//2022 
f 2233//2022 2262//2022 2128//2022 
f 2222//2022 2121//2022 2120//2022 
f 2263//2022 2251//2022 2113//2022 
f 2111//2022 2282//2022 2263//2022 
f 2110//2022 2283//2022 2282//2022 
f 2110//2022 2109//2022 2284//2022 
f 2108//2022 2285//2022 2284//2022 
f 2108//2022 2107//2022 2286//2022 
f 2106//2022 2287//2022 2286//2022 
f 2106//2022 2105//2022 2288//2022 
f 2104//2022 2289//2022 2288//2022 
f 2104//2022 2103//2022 2253//2022 
f 2236//2022 2254//2022 2101//2022 
f 2265//2022 2264//2022 2096//2022 
f 2238//2022 2266//2022 2090//2022 
f 2255//2022 2086//2022 2085//2022 
f 2269//2022 2268//2022 2083//2022 
f 2082//2022 2081//2022 2290//2022 
f 2064//2022 2291//2022 2292//2022 
f 2064//2022 2063//2022 2293//2022 
f 2061//2022 2294//2022 2295//2022 
f 2061//2022 2060//2022 2296//2022 
f 2272//2022 2270//2022 2196//2022 
f 2195//2022 2194//2022 2259//2022 
f 2273//2022 2260//2022 2192//2022 
f 2191//2022 2190//2022 2241//2022 
f 2274//2022 2244//2022 2186//2022 
f 2261//2022 2275//2022 2184//2022 
f 2180//2022 2297//2022 2246//2022 
f 2180//2022 2179//2022 2298//2022 
f 2168//2022 2299//2022 2300//2022 
f 2168//2022 2167//2022 2301//2022 
f 2166//2022 2277//2022 2301//2022 
f 2278//2022 2276//2022 2165//2022 
f 2281//2022 2279//2022 2162//2022 
f 2160//2022 2302//2022 2281//2022 
f 2159//2022 2303//2022 2302//2022 
f 2159//2022 2158//2022 2304//2022 
f 2212//2022 2137//2022 2136//2022 
f 2233//2022 2127//2022 2126//2022 
f 2116//2022 2305//2022 2224//2022 
f 2116//2022 2115//2022 2250//2022 
f 2263//2022 2112//2022 2111//2022 
f 2284//2022 2283//2022 2110//2022 
f 2286//2022 2285//2022 2108//2022 
f 2288//2022 2287//2022 2106//2022 
f 2253//2022 2289//2022 2104//2022 
f 2227//2022 2097//2022 2096//2022 
f 2094//2022 2306//2022 2265//2022 
f 2094//2022 2093//2022 2307//2022 
f 2092//2022 2308//2022 2307//2022 
f 2092//2022 2091//2022 2267//2022 
f 2238//2022 2089//2022 2088//2022 
f 2290//2022 2269//2022 2082//2022 
f 2080//2022 2309//2022 2290//2022 
f 2079//2022 2310//2022 2309//2022 
f 2077//2022 2076//2022 2311//2022 
f 2076//2022 2075//2022 2312//2022 
f 2073//2022 2313//2022 2314//2022 
f 2073//2022 2072//2022 2315//2022 
f 2071//2022 2316//2022 2315//2022 
f 2070//2022 2317//2022 2316//2022 
f 2069//2022 2318//2022 2317//2022 
f 2069//2022 2068//2022 2319//2022 
f 2065//2022 2292//2022 2320//2022 
f 2293//2022 2291//2022 2064//2022 
f 2062//2022 2295//2022 2293//2022 
f 2296//2022 2294//2022 2061//2022 
f 2198//2022 2321//2022 2322//2022 
f 2198//2022 2197//2022 2271//2022 
f 2259//2022 2272//2022 2195//2022 
f 2241//2022 2273//2022 2191//2022 
f 2275//2022 2274//2022 2185//2022 
f 2298//2022 2297//2022 2180//2022 
f 2178//2022 2323//2022 2298//2022 
f 2178//2022 2177//2022 2324//2022 
f 2171//2022 2325//2022 2326//2022 
f 2171//2022 2170//2022 2327//2022 
f 2170//2022 2169//2022 2300//2022 
f 2301//2022 2299//2022 2168//2022 
f 2277//2022 2166//2022 2165//2022 
f 2164//2022 2163//2022 2280//2022 
f 2281//2022 2161//2022 2160//2022 
f 2304//2022 2303//2022 2159//2022 
f 2248//2022 2129//2022 2128//2022 
f 2250//2022 2305//2022 2116//2022 
f 2282//2022 2111//2022 2110//2022 
f 2286//2022 2107//2022 2106//2022 
f 2253//2022 2103//2022 2102//2022 
f 2307//2022 2306//2022 2094//2022 
f 2267//2022 2308//2022 2092//2022 
f 2257//2022 2084//2022 2083//2022 
f 2309//2022 2080//2022 2079//2022 
f 2079//2022 2078//2022 2328//2022 
f 2077//2022 2329//2022 2328//2022 
f 2312//2022 2311//2022 2076//2022 
f 2074//2022 2314//2022 2312//2022 
f 2315//2022 2313//2022 2073//2022 
f 2316//2022 2071//2022 2070//2022 
f 2319//2022 2318//2022 2069//2022 
f 2292//2022 2065//2022 2064//2022 
f 2295//2022 2062//2022 2061//2022 
f 2271//2022 2321//2022 2198//2022 
f 2259//2022 2194//2022 2193//2022 
f 2246//2022 2181//2022 2180//2022 
f 2324//2022 2323//2022 2178//2022 
f 2327//2022 2325//2022 2171//2022 
f 2300//2022 2169//2022 2168//2022 
f 2280//2022 2278//2022 2164//2022 
f 2302//2022 2160//2022 2159//2022 
f 2156//2022 2330//2022 2331//2022 
f 2156//2022 2155//2022 2332//2022 
f 2155//2022 2154//2022 2333//2022 
f 2154//2022 2153//2022 2334//2022 
f 2224//2022 2117//2022 2116//2022 
f 2284//2022 2109//2022 2108//2022 
f 2265//2022 2095//2022 2094//2022 
f 2267//2022 2091//2022 2090//2022 
f 2328//2022 2310//2022 2079//2022 
f 2311//2022 2329//2022 2077//2022 
f 2314//2022 2074//2022 2073//2022 
f 2317//2022 2070//2022 2069//2022 
f 2293//2022 2063//2022 2062//2022 
f 2060//2022 2059//2022 2335//2022 
f 2058//2022 2336//2022 2335//2022 
f 2058//2022 2057//2022 2337//2022 
f 2200//2022 2338//2022 2337//2022 
f 2200//2022 2199//2022 2322//2022 
f 2271//2022 2197//2022 2196//2022 
f 2298//2022 2179//2022 2178//2022 
f 2175//2022 2339//2022 2340//2022 
f 2175//2022 2174//2022 2341//2022 
f 2173//2022 2342//2022 2341//2022 
f 2173//2022 2172//2022 2326//2022 
f 2300//2022 2327//2022 2170//2022 
f 2280//2022 2163//2022 2162//2022 
f 2332//2022 2330//2022 2156//2022 
f 2334//2022 2333//2022 2154//2022 
f 2250//2022 2115//2022 2114//2022 
f 2307//2022 2093//2022 2092//2022 
f 2328//2022 2078//2022 2077//2022 
f 2315//2022 2072//2022 2071//2022 
f 2067//2022 2343//2022 2319//2022 
f 2067//2022 2066//2022 2320//2022 
f 2335//2022 2296//2022 2060//2022 
f 2337//2022 2336//2022 2058//2022 
f 2322//2022 2338//2022 2200//2022 
f 2241//2022 2190//2022 2189//2022 
f 2176//2022 2340//2022 2324//2022 
f 2341//2022 2339//2022 2175//2022 
f 2326//2022 2342//2022 2173//2022 
f 2301//2022 2167//2022 2166//2022 
f 2157//2022 2331//2022 2304//2022 
f 2333//2022 2332//2022 2155//2022 
f 2288//2022 2105//2022 2104//2022 
f 2312//2022 2075//2022 2074//2022 
f 2320//2022 2343//2022 2067//2022 
f 2335//2022 2059//2022 2058//2022 
f 2322//2022 2199//2022 2198//2022 
f 2340//2022 2176//2022 2175//2022 
f 2326//2022 2172//2022 2171//2022 
f 2331//2022 2157//2022 2156//2022 
f 2152//2022 2344//2022 2334//2022 
f 2152//2022 2151//2022 2229//2022 
f 2290//2022 2081//2022 2080//2022 
f 2320//2022 2066//2022 2065//2022 
f 2324//2022 2177//2022 2176//2022 
f 2304//2022 2158//2022 2157//2022 
f 2229//2022 2344//2022 2152//2022 
f 2319//2022 2068//2022 2067//2022 
f 2341//2022 2174//2022 2173//2022 
f 2229//2022 2151//2022 2150//2022 
f 2334//2022 2153//2022 2152//2022 
f 2337//2022 2057//2022 2200//2022 
o mesh33
f 2336//2023 2337//2024 1829//2024 
f 2335//2025 2336//2023 1832//2026 
f 2296//2027 2335//2025 1831//2028 
f 2294//2029 2296//2027 1833//2030 
f 2295//2031 2294//2029 1797//2032 
f 2293//2033 2295//2031 1777//2034 
f 2291//2035 2293//2033 1776//2036 
f 2292//2037 2291//2035 1779//2038 
f 2320//2039 2292//2037 1778//2040 
f 2343//2041 2320//2039 1798//2042 
f 2319//2043 2343//2041 1860//2044 
f 2318//2045 2319//2043 1859//2046 
f 2317//2047 2318//2045 1835//2048 
f 2316//2049 2317//2047 1834//2050 
f 2315//2051 2316//2049 1837//2052 
f 2313//2053 2315//2051 1836//2054 
f 2314//2055 2313//2053 1839//2056 
f 2312//2057 2314//2055 1838//2058 
f 2311//2059 2312//2057 1861//2060 
f 2329//2061 2311//2059 1841//2062 
f 2328//2063 2329//2061 1840//2064 
f 2310//2065 2328//2063 1862//2066 
f 2309//2067 2310//2065 1863//2068 
f 2290//2069 2309//2067 1843//2070 
f 2269//2071 2290//2069 1842//2072 
f 2268//2073 2269//2071 1864//2074 
f 2257//2075 2268//2073 1845//2076 
f 2256//2077 2257//2075 1844//2078 
f 2255//2079 2256//2077 1847//2080 
f 2239//2081 2255//2079 1846//2082 
f 2237//2083 2239//2081 1812//2084 
f 2238//2085 2237//2083 1849//2086 
f 2266//2087 2238//2085 1848//2088 
f 2267//2089 2266//2087 1851//2090 
f 2308//2091 2267//2089 1850//2092 
f 2307//2093 2308//2091 1866//2094 
f 2306//2095 2307//2093 1865//2096 
f 2265//2097 2306//2095 1868//2098 
f 2264//2099 2265//2097 1867//2100 
f 2227//2101 2264//2099 1814//2102 
f 2225//2103 2227//2101 1813//2104 
f 2226//2105 2225//2103 1816//2106 
f 2236//2107 2226//2105 1815//2108 
f 2254//2109 2236//2107 1800//2110 
f 2252//2111 2254//2109 1799//2112 
f 2253//2113 2252//2111 1802//2114 
f 2289//2115 2253//2113 1801//2116 
f 2288//2117 2289//2115 1818//2118 
f 2287//2119 2288//2117 1817//2120 
f 2286//2121 2287//2119 1853//2122 
f 2285//2123 2286//2121 1852//2124 
f 2284//2125 2285//2123 1855//2126 
f 2283//2127 2284//2125 1854//2128 
f 2282//2129 2283//2127 1857//2130 
f 2263//2131 2282//2129 1856//2132 
f 2251//2133 2263//2131 1858//2134 
f 2249//2135 2251//2133 1819//2136 
f 2250//2137 2249//2135 1804//2138 
f 2305//2139 2250//2137 1803//2140 
f 2224//2141 2305//2139 1870//2142 
f 2223//2143 2224//2141 1869//2144 
f 2234//2145 2223//2143 1781//2146 
f 2235//2147 2234//2145 1780//2148 
f 2222//2149 2235//2147 1805//2150 
f 2221//2151 2222//2149 1820//2152 
f 2220//2153 2221//2151 1807//2154 
f 2218//2155 2220//2153 1806//2156 
f 2219//2157 2218//2155 1783//2158 
f 2232//2159 2219//2157 1782//2160 
f 2233//2161 2232//2159 1785//2162 
f 2262//2163 2233//2161 1784//2164 
f 2248//2165 2262//2163 1786//2166 
f 2247//2167 2248//2165 1771//2168 
f 2217//2169 2247//2167 1892//2170 
f 2216//2171 2217//2169 1891//2172 
f 2215//2173 2216//2171 1887//2174 
f 2213//2175 2215//2173 1886//2176 
f 2214//2177 2213//2175 1872//2178 
f 2231//2179 2214//2177 1871//2180 
f 2212//2181 2231//2179 1874//2182 
f 2210//2183 2212//2181 1873//2184 
f 2211//2185 2210//2183 1893//2186 
f 2209//2187 2211//2185 1876//2188 
f 2207//2189 2209//2187 1875//2190 
f 2208//2191 2207//2189 1878//2192 
f 2206//2193 2208//2191 1877//2194 
f 2205//2195 2206//2193 1894//2196 
f 2204//2197 2205//2195 1880//2198 
f 2203//2199 2204//2197 1879//2200 
f 2202//2201 2203//2199 1882//2202 
f 2201//2203 2202//2201 1881//2204 
f 2230//2205 2201//2203 1896//2206 
f 2228//2207 2230//2205 1895//2208 
f 2229//2209 2228//2207 1898//2210 
f 2344//2211 2229//2209 1897//2212 
f 2334//2213 2344//2211 1900//2214 
f 2333//2215 2334//2213 1899//2216 
f 2332//2217 2333//2215 1822//2218 
f 2330//2219 2332//2217 1821//2220 
f 2331//2221 2330//2219 1824//2222 
f 2304//2223 2331//2221 1823//2224 
f 2303//2225 2304//2223 1883//2226 
f 2302//2227 2303//2225 1808//2228 
f 2281//2229 2302//2227 1788//2230 
f 2279//2231 2281//2229 1787//2232 
f 2280//2233 2279//2231 1790//2234 
f 2278//2235 2280//2233 1789//2236 
f 2276//2237 2278//2235 1825//2238 
f 2277//2239 2276//2237 1792//2240 
f 2301//2241 2277//2239 1791//2242 
f 2299//2243 2301//2241 1809//2244 
f 2300//2245 2299//2243 1811//2246 
f 2327//2247 2300//2245 1810//2248 
f 2325//2249 2327//2247 1826//2250 
f 2326//2251 2325//2249 1828//2252 
f 2342//2253 2326//2251 1827//2254 
f 2341//2255 2342//2253 1889//2256 
f 2339//2257 2341//2255 1888//2258 
f 2340//2259 2339//2257 1885//2260 
f 2324//2261 2340//2259 1884//2262 
f 2323//2263 2324//2261 1890//2264 
f 2298//2265 2323//2263 1794//2266 
f 2297//2267 2298//2265 1793//2268 
f 2246//2269 2297//2267 1773//2270 
f 2245//2271 2246//2269 1772//2272 
f 2261//2273 2245//2271 1755//2274 
f 2275//2275 2261//2273 1754//2276 
f 2274//2277 2275//2275 1761//2278 
f 2244//2279 2274//2277 1766//2280 
f 2243//2281 2244//2279 1767//2282 
f 2242//2283 2243//2281 1757//2284 
f 2240//2285 2242//2283 1756//2286 
f 2241//2287 2240//2285 1759//2288 
f 2273//2289 2241//2287 1758//2290 
f 2260//2291 2273//2289 1774//2292 
f 2258//2293 2260//2291 1768//2294 
f 2259//2295 2258//2293 1763//2296 
f 2272//2297 2259//2295 1762//2298 
f 2270//2299 2272//2297 1775//2300 
f 2271//2301 2270//2299 1770//2302 
f 2321//2303 2271//2301 1769//2304 
f 2322//2305 2321//2303 1796//2306 
f 2338//2307 2322//2305 1795//2308 
f 2337//2024 2338//2307 1830//2307 
f 1830//2307 1829//2024 2337//2024 
f 1795//2308 1830//2307 2338//2307 
f 1796//2306 1795//2308 2322//2305 
f 1769//2304 1796//2306 2321//2303 
f 1770//2302 1769//2304 2271//2301 
f 1775//2300 1770//2302 2270//2299 
f 1762//2298 1775//2300 2272//2297 
f 1763//2296 1762//2298 2259//2295 
f 1768//2294 1763//2296 2258//2293 
f 1774//2292 1768//2294 2260//2291 
f 1758//2290 1774//2292 2273//2289 
f 1759//2288 1758//2290 2241//2287 
f 1756//2286 1759//2288 2240//2285 
f 1757//2284 1756//2286 2242//2283 
f 1767//2282 1757//2284 2243//2281 
f 1766//2280 1767//2282 2244//2279 
f 1761//2278 1766//2280 2274//2277 
f 1754//2276 1761//2278 2275//2275 
f 1755//2274 1754//2276 2261//2273 
f 1772//2272 1755//2274 2245//2271 
f 1773//2270 1772//2272 2246//2269 
f 1793//2268 1773//2270 2297//2267 
f 1794//2266 1793//2268 2298//2265 
f 1890//2264 1794//2266 2323//2263 
f 1884//2262 1890//2264 2324//2261 
f 1885//2260 1884//2262 2340//2259 
f 1888//2258 1885//2260 2339//2257 
f 1889//2256 1888//2258 2341//2255 
f 1827//2254 1889//2256 2342//2253 
f 1828//2252 1827//2254 2326//2251 
f 1826//2250 1828//2252 2325//2249 
f 1810//2248 1826//2250 2327//2247 
f 1811//2246 1810//2248 2300//2245 
f 1809//2244 1811//2246 2299//2243 
f 1791//2242 1809//2244 2301//2241 
f 1792//2240 1791//2242 2277//2239 
f 1825//2238 1792//2240 2276//2237 
f 1789//2236 1825//2238 2278//2235 
f 1790//2234 1789//2236 2280//2233 
f 1787//2232 1790//2234 2279//2231 
f 1788//2230 1787//2232 2281//2229 
f 1808//2228 1788//2230 2302//2227 
f 1883//2226 1808//2228 2303//2225 
f 1823//2224 1883//2226 2304//2223 
f 1824//2222 1823//2224 2331//2221 
f 1821//2220 1824//2222 2330//2219 
f 1822//2218 1821//2220 2332//2217 
f 1899//2216 1822//2218 2333//2215 
f 1900//2214 1899//2216 2334//2213 
f 1897//2212 1900//2214 2344//2211 
f 1898//2210 1897//2212 2229//2209 
f 1895//2208 1898//2210 2228//2207 
f 1896//2206 1895//2208 2230//2205 
f 1881//2204 1896//2206 2201//2203 
f 1882//2202 1881//2204 2202//2201 
f 1879//2200 1882//2202 2203//2199 
f 1880//2198 1879//2200 2204//2197 
f 1894//2196 1880//2198 2205//2195 
f 1877//2194 1894//2196 2206//2193 
f 1878//2192 1877//2194 2208//2191 
f 1875//2190 1878//2192 2207//2189 
f 1876//2188 1875//2190 2209//2187 
f 1893//2186 1876//2188 2211//2185 
f 1873//2184 1893//2186 2210//2183 
f 1874//2182 1873//2184 2212//2181 
f 1871//2180 1874//2182 2231//2179 
f 1872//2178 1871//2180 2214//2177 
f 1886//2176 1872//2178 2213//2175 
f 1887//2174 1886//2176 2215//2173 
f 1891//2172 1887//2174 2216//2171 
f 1892//2170 1891//2172 2217//2169 
f 1771//2168 1892//2170 2247//2167 
f 1786//2166 1771//2168 2248//2165 
f 1784//2164 1786//2166 2262//2163 
f 1785//2162 1784//2164 2233//2161 
f 1782//2160 1785//2162 2232//2159 
f 1783//2158 1782//2160 2219//2157 
f 1806//2156 1783//2158 2218//2155 
f 1807//2154 1806//2156 2220//2153 
f 1820//2152 1807//2154 2221//2151 
f 1805//2150 1820//2152 2222//2149 
f 1780//2148 1805//2150 2235//2147 
f 1781//2146 1780//2148 2234//2145 
f 1869//2144 1781//2146 2223//2143 
f 1870//2142 1869//2144 2224//2141 
f 1803//2140 1870//2142 2305//2139 
f 1804//2138 1803//2140 2250//2137 
f 1819//2136 1804//2138 2249//2135 
f 1858//2134 1819//2136 2251//2133 
f 1856//2132 1858//2134 2263//2131 
f 1857//2130 1856//2132 2282//2129 
f 1854//2128 1857//2130 2283//2127 
f 1855//2126 1854//2128 2284//2125 
f 1852//2124 1855//2126 2285//2123 
f 1853//2122 1852//2124 2286//2121 
f 1817//2120 1853//2122 2287//2119 
f 1818//2118 1817//2120 2288//2117 
f 1801//2116 1818//2118 2289//2115 
f 1802//2114 1801//2116 2253//2113 
f 1799//2112 1802//2114 2252//2111 
f 1800//2110 1799//2112 2254//2109 
f 1815//2108 1800//2110 2236//2107 
f 1816//2106 1815//2108 2226//2105 
f 1813//2104 1816//2106 2225//2103 
f 1814//2102 1813//2104 2227//2101 
f 1867//2100 1814//2102 2264//2099 
f 1868//2098 1867//2100 2265//2097 
f 1865//2096 1868//2098 2306//2095 
f 1866//2094 1865//2096 2307//2093 
f 1850//2092 1866//2094 2308//2091 
f 1851//2090 1850//2092 2267//2089 
f 1848//2088 1851//2090 2266//2087 
f 1849//2086 1848//2088 2238//2085 
f 1812//2084 1849//2086 2237//2083 
f 1846//2082 1812//2084 2239//2081 
f 1847//2080 1846//2082 2255//2079 
f 1844//2078 1847//2080 2256//2077 
f 1845//2076 1844//2078 2257//2075 
f 1864//2074 1845//2076 2268//2073 
f 1842//2072 1864//2074 2269//2071 
f 1843//2070 1842//2072 2290//2069 
f 1863//2068 1843//2070 2309//2067 
f 1862//2066 1863//2068 2310//2065 
f 1840//2064 1862//2066 2328//2063 
f 1841//2062 1840//2064 2329//2061 
f 1861//2060 1841//2062 2311//2059 
f 1838//2058 1861//2060 2312//2057 
f 1839//2056 1838//2058 2314//2055 
f 1836//2054 1839//2056 2313//2053 
f 1837//2052 1836//2054 2315//2051 
f 1834//2050 1837//2052 2316//2049 
f 1835//2048 1834//2050 2317//2047 
f 1859//2046 1835//2048 2318//2045 
f 1860//2044 1859//2046 2319//2043 
f 1798//2042 1860//2044 2343//2041 
f 1778//2040 1798//2042 2320//2039 
f 1779//2038 1778//2040 2292//2037 
f 1776//2036 1779//2038 2291//2035 
f 1777//2034 1776//2036 2293//2033 
f 1797//2032 1777//2034 2295//2031 
f 1833//2030 1797//2032 2294//2029 
f 1831//2028 1833//2030 2296//2027 
f 1832//2026 1831//2028 2335//2025 
f 1829//2024 1832//2026 2336//2023 
o mesh34
f 1909//2309 2345//2309 2346//2309 
f 2347//2309 2346//2309 2345//2309 
f 2345//2309 2348//2309 2347//2309 
f 1912//2309 1911//2309 2345//2309 
f 2345//2309 1909//2309 1912//2309 
f 2346//2309 1910//2309 1909//2309 
o mesh35
f 1911//2310 1908//2310 2349//2310 
f 1908//2310 1907//2310 2350//2310 
f 2350//2310 2349//2310 1908//2310 
f 1910//2310 2346//2310 2350//2310 
f 2350//2310 1907//2310 1910//2310 
f 2349//2310 2345//2310 1911//2310 
o mesh36
f 2348//2311 2345//2311 2349//2311 
f 2349//2311 2351//2311 2348//2311 
o mesh37
f 2352//2312 2350//2312 2346//2312 
f 2346//2312 2347//2312 2352//2312 
o mesh38
f 2351//2313 2349//2313 2350//2313 
f 2350//2313 2352//2313 2351//2313 
o mesh39
f 2347//2314 2348//2314 2351//2314 
f 2351//2314 2352//2314 2347//2314 
