# OBJ generated by ONSHAPE BY PTC INC, 1.215 Units = meters
mtllib face-cap-battery-babysitter.mtl
g Part 1
v 0.016359 -0.064135 0.0316312 
v 0.01651 -0.064135 0.031623 
v 0.01651 -0.06223 0.031623 
v 0.0162097 -0.064135 0.0316557 
v 0.016359 -0.06223 0.0316312 
v 0.0160639 -0.064135 0.0316961 
v 0.0162097 -0.06223 0.0316557 
v 0.0159234 -0.064135 0.0317521 
v 0.0160639 -0.06223 0.0316961 
v 0.0157898 -0.064135 0.031823 
v 0.0159234 -0.06223 0.0317521 
v 0.0156646 -0.064135 0.0319079 
v 0.0157898 -0.06223 0.031823 
v 0.0155493 -0.064135 0.0320058 
v 0.0156646 -0.06223 0.0319079 
v 0.0154453 -0.064135 0.0321156 
v 0.0155493 -0.06223 0.0320058 
v 0.0153537 -0.064135 0.032236 
v 0.0154453 -0.06223 0.0321156 
v 0.0152757 -0.064135 0.0323656 
v 0.0153537 -0.06223 0.032236 
v 0.0152122 -0.064135 0.0325029 
v 0.0152757 -0.06223 0.0323656 
v 0.0151639 -0.064135 0.0326463 
v 0.0152122 -0.06223 0.0325029 
v 0.0151314 -0.064135 0.032794 
v 0.0151639 -0.06223 0.0326463 
v 0.015115 -0.064135 0.0329444 
v 0.0151314 -0.06223 0.032794 
v 0.015115 -0.064135 0.0330956 
v 0.015115 -0.06223 0.0329444 
v 0.0151314 -0.064135 0.033246 
v 0.015115 -0.06223 0.0330956 
v 0.0151639 -0.064135 0.0333937 
v 0.0151314 -0.06223 0.033246 
v 0.0152122 -0.064135 0.0335371 
v 0.0151639 -0.06223 0.0333937 
v 0.0152757 -0.064135 0.0336744 
v 0.0152122 -0.06223 0.0335371 
v 0.0153537 -0.064135 0.033804 
v 0.0152757 -0.06223 0.0336744 
v 0.0154453 -0.064135 0.0339244 
v 0.0153537 -0.06223 0.033804 
v 0.0155493 -0.064135 0.0340342 
v 0.0154453 -0.06223 0.0339244 
v 0.0156646 -0.064135 0.0341321 
v 0.0155493 -0.06223 0.0340342 
v 0.0157898 -0.064135 0.034217 
v 0.0156646 -0.06223 0.0341321 
v 0.0159234 -0.064135 0.0342879 
v 0.0157898 -0.06223 0.034217 
v 0.0160639 -0.064135 0.0343439 
v 0.0159234 -0.06223 0.0342879 
v 0.0162097 -0.064135 0.0343843 
v 0.0160639 -0.06223 0.0343439 
v 0.016359 -0.064135 0.0344088 
v 0.0162097 -0.06223 0.0343843 
v 0.01651 -0.064135 0.034417 
v 0.016359 -0.06223 0.0344088 
v 0.016661 -0.064135 0.0344088 
v 0.01651 -0.06223 0.034417 
v 0.0168103 -0.064135 0.0343843 
v 0.016661 -0.06223 0.0344088 
v 0.0169561 -0.064135 0.0343439 
v 0.0168103 -0.06223 0.0343843 
v 0.0170966 -0.064135 0.0342879 
v 0.0169561 -0.06223 0.0343439 
v 0.0172302 -0.064135 0.034217 
v 0.0170966 -0.06223 0.0342879 
v 0.0173554 -0.064135 0.0341321 
v 0.0172302 -0.06223 0.034217 
v 0.0174707 -0.064135 0.0340342 
v 0.0173554 -0.06223 0.0341321 
v 0.0175747 -0.064135 0.0339244 
v 0.0174707 -0.06223 0.0340342 
v 0.0176663 -0.064135 0.033804 
v 0.0175747 -0.06223 0.0339244 
v 0.0177443 -0.064135 0.0336744 
v 0.0176663 -0.06223 0.033804 
v 0.0178078 -0.064135 0.0335371 
v 0.0177443 -0.06223 0.0336744 
v 0.0178561 -0.064135 0.0333937 
v 0.0178078 -0.06223 0.0335371 
v 0.0178886 -0.064135 0.033246 
v 0.0178561 -0.06223 0.0333937 
v 0.017905 -0.064135 0.0330956 
v 0.0178886 -0.06223 0.033246 
v 0.017905 -0.064135 0.0329444 
v 0.017905 -0.06223 0.0330956 
v 0.0178886 -0.064135 0.032794 
v 0.017905 -0.06223 0.0329444 
v 0.0178561 -0.064135 0.0326463 
v 0.0178886 -0.06223 0.032794 
v 0.0178078 -0.064135 0.0325029 
v 0.0178561 -0.06223 0.0326463 
v 0.0177443 -0.064135 0.0323656 
v 0.0178078 -0.06223 0.0325029 
v 0.0176663 -0.064135 0.032236 
v 0.0177443 -0.06223 0.0323656 
v 0.0175747 -0.064135 0.0321156 
v 0.0176663 -0.06223 0.032236 
v 0.0174707 -0.064135 0.0320058 
v 0.0175747 -0.06223 0.0321156 
v 0.0173554 -0.064135 0.0319079 
v 0.0174707 -0.06223 0.0320058 
v 0.0172302 -0.064135 0.031823 
v 0.0173554 -0.06223 0.0319079 
v 0.0170966 -0.064135 0.0317521 
v 0.0172302 -0.06223 0.031823 
v 0.0169561 -0.064135 0.0316961 
v 0.0170966 -0.06223 0.0317521 
v 0.0168103 -0.064135 0.0316557 
v 0.0169561 -0.06223 0.0316961 
v 0.016661 -0.064135 0.0316312 
v 0.0168103 -0.06223 0.0316557 
v 0.016661 -0.06223 0.0316312 
v 0.0194267 -0.064135 0.0328619 
v 0.0194267 -0.064135 0.0331781 
v 0.0193925 -0.064135 0.0334926 
v 0.0193245 -0.064135 0.0322385 
v 0.0193925 -0.064135 0.0325474 
v 0.0192235 -0.064135 0.0319388 
v 0.0193245 -0.064135 0.0338015 
v 0.0189277 -0.064135 0.0313808 
v 0.0190907 -0.064135 0.0316518 
v 0.0192235 -0.064135 0.0341012 
v 0.0190907 -0.064135 0.0343882 
v 0.0187363 -0.064135 0.031129 
v 0.0189277 -0.064135 0.0346592 
v 0.0187363 -0.064135 0.034911 
v 0.0139293 -0.064135 0.0343882 
v 0.0137965 -0.064135 0.0341012 
v 0.0182777 -0.064135 0.0306946 
v 0.0185188 -0.064135 0.0308994 
v 0.0185188 -0.064135 0.0351406 
v 0.0140923 -0.064135 0.0346592 
v 0.0136955 -0.064135 0.0338015 
v 0.0136275 -0.064135 0.0334926 
v 0.0135933 -0.064135 0.0331781 
v 0.0135933 -0.064135 0.0328619 
v 0.0147423 -0.064135 0.0306946 
v 0.0150041 -0.064135 0.0305171 
v 0.0180159 -0.064135 0.0305171 
v 0.0182777 -0.064135 0.0353454 
v 0.0180159 -0.064135 0.0355229 
v 0.0168258 -0.064135 0.0359239 
v 0.01651 -0.064135 0.035941 
v 0.0161942 -0.064135 0.0359239 
v 0.0158821 -0.064135 0.0358727 
v 0.0136275 -0.064135 0.0325474 
v 0.0136955 -0.064135 0.0322385 
v 0.0137965 -0.064135 0.0319388 
v 0.0139293 -0.064135 0.0316518 
v 0.0145012 -0.064135 0.0308994 
v 0.0168258 -0.064135 0.0301161 
v 0.0171379 -0.064135 0.0301673 
v 0.0174427 -0.064135 0.0302519 
v 0.0177365 -0.064135 0.030369 
v 0.0177365 -0.064135 0.035671 
v 0.0174427 -0.064135 0.0357881 
v 0.0171379 -0.064135 0.0358727 
v 0.0140923 -0.064135 0.0313808 
v 0.0142837 -0.064135 0.031129 
v 0.0152835 -0.064135 0.030369 
v 0.0155773 -0.064135 0.0357881 
v 0.0152835 -0.064135 0.035671 
v 0.0150041 -0.064135 0.0355229 
v 0.0147423 -0.064135 0.0353454 
v 0.0145012 -0.064135 0.0351406 
v 0.0142837 -0.064135 0.034911 
v 0.0155773 -0.064135 0.0302519 
v 0.0158821 -0.064135 0.0301673 
v 0.0161942 -0.064135 0.0301161 
v 0.01651 -0.064135 0.030099 
v 0.0161942 -0.06604 0.0301161 
v 0.01651 -0.06604 0.030099 
v 0.0158821 -0.06604 0.0301673 
v 0.0155773 -0.06604 0.0302519 
v 0.0152835 -0.06604 0.030369 
v 0.0150041 -0.06604 0.0305171 
v 0.0147423 -0.06604 0.0306946 
v 0.0145012 -0.06604 0.0308994 
v 0.0142837 -0.06604 0.031129 
v 0.0140923 -0.06604 0.0313808 
v 0.0139293 -0.06604 0.0316518 
v 0.0137965 -0.06604 0.0319388 
v 0.0136955 -0.06604 0.0322385 
v 0.0136275 -0.06604 0.0325474 
v 0.0135933 -0.06604 0.0328619 
v 0.0135933 -0.06604 0.0331781 
v 0.0136275 -0.06604 0.0334926 
v 0.0136955 -0.06604 0.0338015 
v 0.0137965 -0.06604 0.0341012 
v 0.0139293 -0.06604 0.0343882 
v 0.0140923 -0.06604 0.0346592 
v 0.0142837 -0.06604 0.034911 
v 0.0145012 -0.06604 0.0351406 
v 0.0147423 -0.06604 0.0353454 
v 0.0150041 -0.06604 0.0355229 
v 0.0152835 -0.06604 0.035671 
v 0.0155773 -0.06604 0.0357881 
v 0.0158821 -0.06604 0.0358727 
v 0.0161942 -0.06604 0.0359239 
v 0.01651 -0.06604 0.035941 
v 0.0168258 -0.06604 0.0359239 
v 0.0171379 -0.06604 0.0358727 
v 0.0174427 -0.06604 0.0357881 
v 0.0177365 -0.06604 0.035671 
v 0.0180159 -0.06604 0.0355229 
v 0.0182777 -0.06604 0.0353454 
v 0.0185188 -0.06604 0.0351406 
v 0.0187363 -0.06604 0.034911 
v 0.0189277 -0.06604 0.0346592 
v 0.0190907 -0.06604 0.0343882 
v 0.0192235 -0.06604 0.0341012 
v 0.0193245 -0.06604 0.0338015 
v 0.0193925 -0.06604 0.0334926 
v 0.0194267 -0.06604 0.0331781 
v 0.0194267 -0.06604 0.0328619 
v 0.0193925 -0.06604 0.0325474 
v 0.0193245 -0.06604 0.0322385 
v 0.0192235 -0.06604 0.0319388 
v 0.0190907 -0.06604 0.0316518 
v 0.0189277 -0.06604 0.0313808 
v 0.0187363 -0.06604 0.031129 
v 0.0185188 -0.06604 0.0308994 
v 0.0182777 -0.06604 0.0306946 
v 0.0180159 -0.06604 0.0305171 
v 0.0177365 -0.06604 0.030369 
v 0.0174427 -0.06604 0.0302519 
v 0.0171379 -0.06604 0.0301673 
v 0.0168258 -0.06604 0.0301161 
v -0.0320593 -0.06223 -0.0236238 
v -0.0321746 -0.06223 -0.0235259 
v -0.0322998 -0.06223 -0.023441 
v -0.0324334 -0.06223 -0.0233701 
v -0.0325739 -0.06223 -0.0233141 
v -0.03683 -0.06223 0.03683 
v -0.017905 -0.06223 0.0330956 
v -0.017905 -0.06223 0.0329444 
v -0.0327197 -0.06223 -0.0232737 
v -0.0316414 -0.06223 -0.024412 
v 0.016637 -0.06223 -0.024765 
v -0.016637 -0.06223 -0.024765 
v -0.0178886 -0.06223 0.033246 
v -0.032869 -0.06223 -0.0232492 
v -0.0317222 -0.06223 -0.0241209 
v -0.031625 -0.06223 -0.0247136 
v -0.031625 -0.06223 -0.0245624 
v -0.0178886 -0.06223 0.032794 
v -0.0318637 -0.06223 -0.023854 
v -0.0319553 -0.06223 -0.0237336 
v -0.0317857 -0.06223 -0.0239836 
v -0.0316739 -0.06223 -0.0242643 
v -0.0316414 -0.06223 -0.024864 
v -0.03302 -0.06223 -0.023241 
v -0.0177443 -0.06223 0.0323656 
v -0.0178561 -0.06223 0.0326463 
v -0.0178078 -0.06223 0.0325029 
v -0.0178561 -0.06223 0.0333937 
v -0.0317222 -0.06223 -0.0251551 
v -0.0316739 -0.06223 -0.0250117 
v -0.01651 -0.06223 0.031623 
v -0.0168103 -0.06223 0.0316557 
v -0.016661 -0.06223 0.0316312 
v -0.0176663 -0.06223 0.032236 
v -0.0177443 -0.06223 0.0336744 
v -0.0178078 -0.06223 0.0335371 
v -0.0318637 -0.06223 -0.025422 
v -0.0317857 -0.06223 -0.0252924 
v -0.0320593 -0.06223 -0.0256522 
v -0.0319553 -0.06223 -0.0255424 
v -0.0324334 -0.06223 -0.0259059 
v -0.0322998 -0.06223 -0.025835 
v -0.0327197 -0.06223 -0.0260023 
v -0.0325739 -0.06223 -0.0259619 
v -0.0175747 -0.06223 0.0321156 
v -0.0321746 -0.06223 -0.0257501 
v -0.032869 -0.06223 -0.0260268 
v -0.0174707 -0.06223 0.0320058 
v -0.0173554 -0.06223 0.0319079 
v -0.0175747 -0.06223 0.0339244 
v -0.0176663 -0.06223 0.033804 
v -0.0127 -0.06223 0.03683 
v -0.016661 -0.06223 0.0344088 
v -0.0168103 -0.06223 0.0343843 
v -0.016359 -0.06223 0.0316312 
v 0.03683 -0.06223 -0.028448 
v 0.032869 -0.06223 -0.0260268 
v 0.03302 -0.06223 -0.026035 
v 0.016637 -0.06223 -0.028448 
v 0.0322998 -0.06223 -0.025835 
v 0.0324334 -0.06223 -0.0259059 
v 0.03683 -0.06223 0.03683 
v -0.0170966 -0.06223 0.0317521 
v -0.0169561 -0.06223 0.0316961 
v -0.0172302 -0.06223 0.031823 
v -0.0173554 -0.06223 0.0341321 
v -0.0174707 -0.06223 0.0340342 
v -0.0170966 -0.06223 0.0342879 
v -0.0172302 -0.06223 0.034217 
v -0.0169561 -0.06223 0.0343439 
v -0.01651 -0.06223 0.034417 
v -0.0157898 -0.06223 0.031823 
v -0.0156646 -0.06223 0.0319079 
v 0.0127 -0.06223 0.04064 
v -0.0154453 -0.06223 0.0339244 
v -0.0155493 -0.06223 0.0340342 
v 0.0337402 -0.06223 -0.025835 
v 0.0338654 -0.06223 -0.0257501 
v 0.033171 -0.06223 -0.0260268 
v 0.0327197 -0.06223 -0.0260023 
v 0.0325739 -0.06223 -0.0259619 
v 0.0320593 -0.06223 -0.0256522 
v 0.0321746 -0.06223 -0.0257501 
v -0.016637 -0.06223 -0.028448 
v -0.03683 -0.06223 -0.028448 
v -0.0152757 -0.06223 0.0323656 
v -0.0152122 -0.06223 0.0325029 
v -0.0154453 -0.06223 0.0321156 
v -0.0153537 -0.06223 0.032236 
v -0.0159234 -0.06223 0.0317521 
v -0.0162097 -0.06223 0.0316557 
v -0.0156646 -0.06223 0.0341321 
v -0.0152122 -0.06223 0.0335371 
v -0.0152757 -0.06223 0.0336744 
v 0.0336066 -0.06223 -0.0259059 
v 0.0333203 -0.06223 -0.0260023 
v 0.0334661 -0.06223 -0.0259619 
v 0.031625 -0.06223 -0.0247136 
v 0.0316414 -0.06223 -0.024864 
v -0.03302 -0.06223 -0.026035 
v -0.0337402 -0.06223 -0.025835 
v -0.0336066 -0.06223 -0.0259059 
v -0.015115 -0.06223 0.0329444 
v -0.0155493 -0.06223 0.0320058 
v -0.0157898 -0.06223 0.034217 
v -0.0153537 -0.06223 0.033804 
v -0.0151639 -0.06223 0.0333937 
v 0.0127 -0.06223 0.03683 
v 0.031625 -0.06223 -0.0245624 
v -0.033171 -0.06223 -0.0260268 
v -0.0334661 -0.06223 -0.0259619 
v -0.0339807 -0.06223 -0.0256522 
v -0.0338654 -0.06223 -0.0257501 
v -0.034415 -0.06223 -0.0245624 
v -0.034415 -0.06223 -0.0247136 
v -0.0151639 -0.06223 0.0326463 
v -0.0151314 -0.06223 0.032794 
v -0.0160639 -0.06223 0.0316961 
v -0.0151314 -0.06223 0.033246 
v 0.0343986 -0.06223 -0.024412 
v 0.0343661 -0.06223 -0.0242643 
v 0.0339807 -0.06223 -0.0256522 
v 0.0340847 -0.06223 -0.0255424 
v 0.0318637 -0.06223 -0.025422 
v 0.0319553 -0.06223 -0.0255424 
v 0.0317222 -0.06223 -0.0251551 
v 0.0317857 -0.06223 -0.0252924 
v 0.0316739 -0.06223 -0.0250117 
v 0.0316414 -0.06223 -0.024412 
v -0.0333203 -0.06223 -0.0260023 
v -0.0341763 -0.06223 -0.025422 
v -0.0340847 -0.06223 -0.0255424 
v -0.0343178 -0.06223 -0.0251551 
v -0.0342543 -0.06223 -0.0252924 
v -0.0343986 -0.06223 -0.024864 
v -0.0343661 -0.06223 -0.0250117 
v -0.0343986 -0.06223 -0.024412 
v -0.0343178 -0.06223 -0.0241209 
v -0.0343661 -0.06223 -0.0242643 
v -0.0162097 -0.06223 0.0343843 
v -0.016359 -0.06223 0.0344088 
v -0.0159234 -0.06223 0.0342879 
v -0.0160639 -0.06223 0.0343439 
v -0.015115 -0.06223 0.0330956 
v 0.0339807 -0.06223 -0.0236238 
v 0.0338654 -0.06223 -0.0235259 
v 0.034415 -0.06223 -0.0245624 
v 0.0317222 -0.06223 -0.0241209 
v 0.0316739 -0.06223 -0.0242643 
v 0.0320593 -0.06223 -0.0236238 
v 0.0324334 -0.06223 -0.0233701 
v 0.0322998 -0.06223 -0.023441 
v -0.0333203 -0.06223 -0.0232737 
v -0.0334661 -0.06223 -0.0233141 
v 0.0336066 -0.06223 -0.0233701 
v 0.0334661 -0.06223 -0.0233141 
v 0.0337402 -0.06223 -0.023441 
v 0.034415 -0.06223 -0.0247136 
v 0.0343661 -0.06223 -0.0250117 
v 0.0343986 -0.06223 -0.024864 
v 0.0318637 -0.06223 -0.023854 
v 0.0317857 -0.06223 -0.0239836 
v 0.0319553 -0.06223 -0.0237336 
v 0.0325739 -0.06223 -0.0233141 
v 0.032869 -0.06223 -0.0232492 
v 0.0327197 -0.06223 -0.0232737 
v -0.0341763 -0.06223 -0.023854 
v -0.0342543 -0.06223 -0.0239836 
v -0.0339807 -0.06223 -0.0236238 
v -0.0340847 -0.06223 -0.0237336 
v -0.0337402 -0.06223 -0.023441 
v -0.0338654 -0.06223 -0.0235259 
v -0.0336066 -0.06223 -0.0233701 
v 0.0333203 -0.06223 -0.0232737 
v 0.033171 -0.06223 -0.0232492 
v 0.0341763 -0.06223 -0.023854 
v 0.0340847 -0.06223 -0.0237336 
v 0.0343178 -0.06223 -0.0241209 
v 0.0342543 -0.06223 -0.0239836 
v 0.0321746 -0.06223 -0.0235259 
v 0.03302 -0.06223 -0.023241 
v -0.033171 -0.06223 -0.0232492 
v 0.0343178 -0.06223 -0.0251551 
v 0.0341763 -0.06223 -0.025422 
v 0.0342543 -0.06223 -0.0252924 
v -0.0127 -0.06223 0.04064 
v -0.011938 -0.06604 0.04064 
v -0.0127 -0.06604 0.04064 
v 0.0127 -0.06604 0.04064 
v -0.0127 -0.06604 0.03683 
v -0.03683 -0.06604 0.03683 
v 0.0127 -0.06604 0.03683 
v 0.03683 -0.06604 0.03683 
v 0.016637 -0.063246 -0.025781 
v -0.016637 -0.063246 -0.025781 
v -0.016661 -0.064135 0.0316312 
v -0.01651 -0.064135 0.031623 
v -0.0168103 -0.064135 0.0316557 
v -0.0169561 -0.064135 0.0316961 
v -0.0170966 -0.064135 0.0317521 
v -0.0172302 -0.064135 0.031823 
v -0.0173554 -0.064135 0.0319079 
v -0.0174707 -0.064135 0.0320058 
v -0.0175747 -0.064135 0.0321156 
v -0.0176663 -0.064135 0.032236 
v -0.0177443 -0.064135 0.0323656 
v -0.0178078 -0.064135 0.0325029 
v -0.0178561 -0.064135 0.0326463 
v -0.0178886 -0.064135 0.032794 
v -0.017905 -0.064135 0.0329444 
v -0.017905 -0.064135 0.0330956 
v -0.0178886 -0.064135 0.033246 
v -0.0178561 -0.064135 0.0333937 
v -0.0178078 -0.064135 0.0335371 
v -0.0177443 -0.064135 0.0336744 
v -0.0176663 -0.064135 0.033804 
v -0.0175747 -0.064135 0.0339244 
v -0.0174707 -0.064135 0.0340342 
v -0.0173554 -0.064135 0.0341321 
v -0.0172302 -0.064135 0.034217 
v -0.0170966 -0.064135 0.0342879 
v -0.0169561 -0.064135 0.0343439 
v -0.0168103 -0.064135 0.0343843 
v -0.016661 -0.064135 0.0344088 
v -0.01651 -0.064135 0.034417 
v -0.016359 -0.064135 0.0344088 
v -0.0162097 -0.064135 0.0343843 
v -0.0160639 -0.064135 0.0343439 
v -0.0159234 -0.064135 0.0342879 
v -0.0157898 -0.064135 0.034217 
v -0.0156646 -0.064135 0.0341321 
v -0.0155493 -0.064135 0.0340342 
v -0.0154453 -0.064135 0.0339244 
v -0.0153537 -0.064135 0.033804 
v -0.0152757 -0.064135 0.0336744 
v -0.0152122 -0.064135 0.0335371 
v -0.0151639 -0.064135 0.0333937 
v -0.0151314 -0.064135 0.033246 
v -0.015115 -0.064135 0.0330956 
v -0.015115 -0.064135 0.0329444 
v -0.0151314 -0.064135 0.032794 
v -0.0151639 -0.064135 0.0326463 
v -0.0152122 -0.064135 0.0325029 
v -0.0152757 -0.064135 0.0323656 
v -0.0153537 -0.064135 0.032236 
v -0.0154453 -0.064135 0.0321156 
v -0.0155493 -0.064135 0.0320058 
v -0.0156646 -0.064135 0.0319079 
v -0.0157898 -0.064135 0.031823 
v -0.0159234 -0.064135 0.0317521 
v -0.0160639 -0.064135 0.0316961 
v -0.0162097 -0.064135 0.0316557 
v -0.016359 -0.064135 0.0316312 
v -0.033171 -0.064135 -0.0260268 
v -0.03302 -0.064135 -0.026035 
v -0.0333203 -0.064135 -0.0260023 
v -0.0334661 -0.064135 -0.0259619 
v -0.0336066 -0.064135 -0.0259059 
v -0.0337402 -0.064135 -0.025835 
v -0.0338654 -0.064135 -0.0257501 
v -0.0339807 -0.064135 -0.0256522 
v -0.0340847 -0.064135 -0.0255424 
v -0.0341763 -0.064135 -0.025422 
v -0.0342543 -0.064135 -0.0252924 
v -0.0343178 -0.064135 -0.0251551 
v -0.0343661 -0.064135 -0.0250117 
v -0.0343986 -0.064135 -0.024864 
v -0.034415 -0.064135 -0.0247136 
v -0.034415 -0.064135 -0.0245624 
v -0.0343986 -0.064135 -0.024412 
v -0.0343661 -0.064135 -0.0242643 
v -0.0343178 -0.064135 -0.0241209 
v -0.0342543 -0.064135 -0.0239836 
v -0.0341763 -0.064135 -0.023854 
v -0.0340847 -0.064135 -0.0237336 
v -0.0339807 -0.064135 -0.0236238 
v -0.0338654 -0.064135 -0.0235259 
v -0.0337402 -0.064135 -0.023441 
v -0.0336066 -0.064135 -0.0233701 
v -0.0334661 -0.064135 -0.0233141 
v -0.0333203 -0.064135 -0.0232737 
v -0.033171 -0.064135 -0.0232492 
v -0.03302 -0.064135 -0.023241 
v -0.032869 -0.064135 -0.0232492 
v -0.0327197 -0.064135 -0.0232737 
v -0.0325739 -0.064135 -0.0233141 
v -0.0324334 -0.064135 -0.0233701 
v -0.0322998 -0.064135 -0.023441 
v -0.0321746 -0.064135 -0.0235259 
v -0.0320593 -0.064135 -0.0236238 
v -0.0319553 -0.064135 -0.0237336 
v -0.0318637 -0.064135 -0.023854 
v -0.0317857 -0.064135 -0.0239836 
v -0.0317222 -0.064135 -0.0241209 
v -0.0316739 -0.064135 -0.0242643 
v -0.0316414 -0.064135 -0.024412 
v -0.031625 -0.064135 -0.0245624 
v -0.031625 -0.064135 -0.0247136 
v -0.0316414 -0.064135 -0.024864 
v -0.0316739 -0.064135 -0.0250117 
v -0.0317222 -0.064135 -0.0251551 
v -0.0317857 -0.064135 -0.0252924 
v -0.0318637 -0.064135 -0.025422 
v -0.0319553 -0.064135 -0.0255424 
v -0.0320593 -0.064135 -0.0256522 
v -0.0321746 -0.064135 -0.0257501 
v -0.0322998 -0.064135 -0.025835 
v -0.0324334 -0.064135 -0.0259059 
v -0.0325739 -0.064135 -0.0259619 
v -0.0327197 -0.064135 -0.0260023 
v -0.032869 -0.064135 -0.0260268 
v 0.032869 -0.064135 -0.0260268 
v 0.03302 -0.064135 -0.026035 
v 0.0327197 -0.064135 -0.0260023 
v 0.0325739 -0.064135 -0.0259619 
v 0.0324334 -0.064135 -0.0259059 
v 0.0322998 -0.064135 -0.025835 
v 0.0321746 -0.064135 -0.0257501 
v 0.0320593 -0.064135 -0.0256522 
v 0.0319553 -0.064135 -0.0255424 
v 0.0318637 -0.064135 -0.025422 
v 0.0317857 -0.064135 -0.0252924 
v 0.0317222 -0.064135 -0.0251551 
v 0.0316739 -0.064135 -0.0250117 
v 0.0316414 -0.064135 -0.024864 
v 0.031625 -0.064135 -0.0247136 
v 0.031625 -0.064135 -0.0245624 
v 0.0316414 -0.064135 -0.024412 
v 0.0316739 -0.064135 -0.0242643 
v 0.0317222 -0.064135 -0.0241209 
v 0.0317857 -0.064135 -0.0239836 
v 0.0318637 -0.064135 -0.023854 
v 0.0319553 -0.064135 -0.0237336 
v 0.0320593 -0.064135 -0.0236238 
v 0.0321746 -0.064135 -0.0235259 
v 0.0322998 -0.064135 -0.023441 
v 0.0324334 -0.064135 -0.0233701 
v 0.0325739 -0.064135 -0.0233141 
v 0.0327197 -0.064135 -0.0232737 
v 0.032869 -0.064135 -0.0232492 
v 0.03302 -0.064135 -0.023241 
v 0.033171 -0.064135 -0.0232492 
v 0.0333203 -0.064135 -0.0232737 
v 0.0334661 -0.064135 -0.0233141 
v 0.0336066 -0.064135 -0.0233701 
v 0.0337402 -0.064135 -0.023441 
v 0.0338654 -0.064135 -0.0235259 
v 0.0339807 -0.064135 -0.0236238 
v 0.0340847 -0.064135 -0.0237336 
v 0.0341763 -0.064135 -0.023854 
v 0.0342543 -0.064135 -0.0239836 
v 0.0343178 -0.064135 -0.0241209 
v 0.0343661 -0.064135 -0.0242643 
v 0.0343986 -0.064135 -0.024412 
v 0.034415 -0.064135 -0.0245624 
v 0.034415 -0.064135 -0.0247136 
v 0.0343986 -0.064135 -0.024864 
v 0.0343661 -0.064135 -0.0250117 
v 0.0343178 -0.064135 -0.0251551 
v 0.0342543 -0.064135 -0.0252924 
v 0.0341763 -0.064135 -0.025422 
v 0.0340847 -0.064135 -0.0255424 
v 0.0339807 -0.064135 -0.0256522 
v 0.0338654 -0.064135 -0.0257501 
v 0.0337402 -0.064135 -0.025835 
v 0.0336066 -0.064135 -0.0259059 
v 0.0334661 -0.064135 -0.0259619 
v 0.0333203 -0.064135 -0.0260023 
v 0.033171 -0.064135 -0.0260268 
v -0.0194267 -0.064135 0.0331781 
v -0.0194267 -0.064135 0.0328619 
v -0.0135933 -0.064135 0.0328619 
v -0.0135933 -0.064135 0.0331781 
v -0.0147423 -0.064135 0.0353454 
v -0.0150041 -0.064135 0.0355229 
v -0.0193925 -0.064135 0.0325474 
v -0.0147423 -0.064135 0.0306946 
v -0.0145012 -0.064135 0.0308994 
v -0.0136275 -0.064135 0.0334926 
v -0.0139293 -0.064135 0.0343882 
v -0.0140923 -0.064135 0.0346592 
v -0.0145012 -0.064135 0.0351406 
v -0.0193245 -0.064135 0.0338015 
v -0.0193925 -0.064135 0.0334926 
v -0.0142837 -0.064135 0.031129 
v -0.0140923 -0.064135 0.0313808 
v -0.0139293 -0.064135 0.0316518 
v -0.0137965 -0.064135 0.0319388 
v -0.0136955 -0.064135 0.0322385 
v -0.0136275 -0.064135 0.0325474 
v -0.0136955 -0.064135 0.0338015 
v -0.0137965 -0.064135 0.0341012 
v -0.0142837 -0.064135 0.034911 
v -0.0152835 -0.064135 0.035671 
v -0.0192235 -0.064135 0.0341012 
v -0.0193245 -0.064135 0.0322385 
v -0.0150041 -0.064135 0.0305171 
v -0.0161942 -0.064135 0.0359239 
v -0.01651 -0.064135 0.035941 
v -0.0168258 -0.064135 0.0359239 
v -0.0171379 -0.064135 0.0358727 
v -0.0192235 -0.064135 0.0319388 
v -0.0190907 -0.064135 0.0316518 
v -0.0161942 -0.064135 0.0301161 
v -0.0158821 -0.064135 0.0301673 
v -0.0155773 -0.064135 0.0302519 
v -0.0152835 -0.064135 0.030369 
v -0.0155773 -0.064135 0.0357881 
v -0.0158821 -0.064135 0.0358727 
v -0.0189277 -0.064135 0.0346592 
v -0.0190907 -0.064135 0.0343882 
v -0.0189277 -0.064135 0.0313808 
v -0.0187363 -0.064135 0.031129 
v -0.0174427 -0.064135 0.0357881 
v -0.0177365 -0.064135 0.035671 
v -0.0185188 -0.064135 0.0308994 
v -0.0182777 -0.064135 0.0306946 
v -0.0180159 -0.064135 0.0305171 
v -0.0180159 -0.064135 0.0355229 
v -0.0182777 -0.064135 0.0353454 
v -0.0185188 -0.064135 0.0351406 
v -0.0187363 -0.064135 0.034911 
v -0.0177365 -0.064135 0.030369 
v -0.0174427 -0.064135 0.0302519 
v -0.0171379 -0.064135 0.0301673 
v -0.0168258 -0.064135 0.0301161 
v -0.01651 -0.064135 0.030099 
v -0.0168258 -0.06604 0.0301161 
v -0.01651 -0.06604 0.030099 
v -0.0171379 -0.06604 0.0301673 
v -0.0174427 -0.06604 0.0302519 
v -0.0177365 -0.06604 0.030369 
v -0.0180159 -0.06604 0.0305171 
v -0.0182777 -0.06604 0.0306946 
v -0.0185188 -0.06604 0.0308994 
v -0.0187363 -0.06604 0.031129 
v -0.0189277 -0.06604 0.0313808 
v -0.0190907 -0.06604 0.0316518 
v -0.0192235 -0.06604 0.0319388 
v -0.0193245 -0.06604 0.0322385 
v -0.0193925 -0.06604 0.0325474 
v -0.0194267 -0.06604 0.0328619 
v -0.0194267 -0.06604 0.0331781 
v -0.0193925 -0.06604 0.0334926 
v -0.0193245 -0.06604 0.0338015 
v -0.0192235 -0.06604 0.0341012 
v -0.0190907 -0.06604 0.0343882 
v -0.0189277 -0.06604 0.0346592 
v -0.0187363 -0.06604 0.034911 
v -0.0185188 -0.06604 0.0351406 
v -0.0182777 -0.06604 0.0353454 
v -0.0180159 -0.06604 0.0355229 
v -0.0177365 -0.06604 0.035671 
v -0.0174427 -0.06604 0.0357881 
v -0.0171379 -0.06604 0.0358727 
v -0.0168258 -0.06604 0.0359239 
v -0.01651 -0.06604 0.035941 
v -0.0161942 -0.06604 0.0359239 
v -0.0158821 -0.06604 0.0358727 
v -0.0155773 -0.06604 0.0357881 
v -0.0152835 -0.06604 0.035671 
v -0.0150041 -0.06604 0.0355229 
v -0.0147423 -0.06604 0.0353454 
v -0.0145012 -0.06604 0.0351406 
v -0.0142837 -0.06604 0.034911 
v -0.0140923 -0.06604 0.0346592 
v -0.0139293 -0.06604 0.0343882 
v -0.0137965 -0.06604 0.0341012 
v -0.0136955 -0.06604 0.0338015 
v -0.0136275 -0.06604 0.0334926 
v -0.0135933 -0.06604 0.0331781 
v -0.0135933 -0.06604 0.0328619 
v -0.0136275 -0.06604 0.0325474 
v -0.0136955 -0.06604 0.0322385 
v -0.0137965 -0.06604 0.0319388 
v -0.0139293 -0.06604 0.0316518 
v -0.0140923 -0.06604 0.0313808 
v -0.0142837 -0.06604 0.031129 
v -0.0145012 -0.06604 0.0308994 
v -0.0147423 -0.06604 0.0306946 
v -0.0150041 -0.06604 0.0305171 
v -0.0152835 -0.06604 0.030369 
v -0.0155773 -0.06604 0.0302519 
v -0.0158821 -0.06604 0.0301673 
v -0.0161942 -0.06604 0.0301161 
v -0.03302 -0.064135 -0.027559 
v -0.0327042 -0.064135 -0.0275419 
v -0.0323921 -0.064135 -0.0274907 
v -0.0320873 -0.064135 -0.0274061 
v -0.0317935 -0.064135 -0.027289 
v -0.0315141 -0.064135 -0.0271409 
v -0.0312523 -0.064135 -0.0269634 
v -0.0301033 -0.064135 -0.0247961 
v -0.0301033 -0.064135 -0.0244799 
v -0.0310112 -0.064135 -0.0267586 
v -0.0307937 -0.064135 -0.026529 
v -0.0306023 -0.064135 -0.0262772 
v -0.0304393 -0.064135 -0.0260062 
v -0.0303065 -0.064135 -0.0257192 
v -0.0302055 -0.064135 -0.0254195 
v -0.0301375 -0.064135 -0.0251106 
v -0.0301375 -0.064135 -0.0241654 
v -0.03302 -0.064135 -0.021717 
v -0.0333358 -0.064135 -0.0217341 
v -0.0302055 -0.064135 -0.0238565 
v -0.0303065 -0.064135 -0.0235568 
v -0.0315141 -0.064135 -0.0221351 
v -0.0317935 -0.064135 -0.021987 
v -0.0320873 -0.064135 -0.0218699 
v -0.0323921 -0.064135 -0.0217853 
v -0.0327042 -0.064135 -0.0217341 
v -0.0336479 -0.064135 -0.0217853 
v -0.0339527 -0.064135 -0.0218699 
v -0.0345259 -0.064135 -0.0221351 
v -0.0347877 -0.064135 -0.0223126 
v -0.0304393 -0.064135 -0.0232698 
v -0.0306023 -0.064135 -0.0229988 
v -0.0307937 -0.064135 -0.022747 
v -0.0310112 -0.064135 -0.0225174 
v -0.0312523 -0.064135 -0.0223126 
v -0.0342465 -0.064135 -0.021987 
v -0.0350288 -0.064135 -0.0225174 
v -0.0359367 -0.064135 -0.0244799 
v -0.0359367 -0.064135 -0.0247961 
v -0.0352463 -0.064135 -0.022747 
v -0.0354377 -0.064135 -0.0229988 
v -0.0356007 -0.064135 -0.0232698 
v -0.0357335 -0.064135 -0.0235568 
v -0.0358345 -0.064135 -0.0238565 
v -0.0359025 -0.064135 -0.0241654 
v -0.0359025 -0.064135 -0.0251106 
v -0.0358345 -0.064135 -0.0254195 
v -0.0357335 -0.064135 -0.0257192 
v -0.0342465 -0.064135 -0.027289 
v -0.0339527 -0.064135 -0.0274061 
v -0.0356007 -0.064135 -0.0260062 
v -0.0354377 -0.064135 -0.0262772 
v -0.0352463 -0.064135 -0.026529 
v -0.0350288 -0.064135 -0.0267586 
v -0.0347877 -0.064135 -0.0269634 
v -0.0345259 -0.064135 -0.0271409 
v -0.0336479 -0.064135 -0.0274907 
v -0.0333358 -0.064135 -0.0275419 
v -0.0333358 -0.06604 -0.0275419 
v -0.03302 -0.06604 -0.027559 
v -0.0336479 -0.06604 -0.0274907 
v -0.0339527 -0.06604 -0.0274061 
v -0.0342465 -0.06604 -0.027289 
v -0.0345259 -0.06604 -0.0271409 
v -0.0347877 -0.06604 -0.0269634 
v -0.0350288 -0.06604 -0.0267586 
v -0.0352463 -0.06604 -0.026529 
v -0.0354377 -0.06604 -0.0262772 
v -0.0356007 -0.06604 -0.0260062 
v -0.0357335 -0.06604 -0.0257192 
v -0.0358345 -0.06604 -0.0254195 
v -0.0359025 -0.06604 -0.0251106 
v -0.0359367 -0.06604 -0.0247961 
v -0.0359367 -0.06604 -0.0244799 
v -0.0359025 -0.06604 -0.0241654 
v -0.0358345 -0.06604 -0.0238565 
v -0.0357335 -0.06604 -0.0235568 
v -0.0356007 -0.06604 -0.0232698 
v -0.0354377 -0.06604 -0.0229988 
v -0.0352463 -0.06604 -0.022747 
v -0.0350288 -0.06604 -0.0225174 
v -0.0347877 -0.06604 -0.0223126 
v -0.0345259 -0.06604 -0.0221351 
v -0.0342465 -0.06604 -0.021987 
v -0.0339527 -0.06604 -0.0218699 
v -0.0336479 -0.06604 -0.0217853 
v -0.0333358 -0.06604 -0.0217341 
v -0.03302 -0.06604 -0.021717 
v -0.0327042 -0.06604 -0.0217341 
v -0.0323921 -0.06604 -0.0217853 
v -0.0320873 -0.06604 -0.0218699 
v -0.0317935 -0.06604 -0.021987 
v -0.0315141 -0.06604 -0.0221351 
v -0.0312523 -0.06604 -0.0223126 
v -0.0310112 -0.06604 -0.0225174 
v -0.0307937 -0.06604 -0.022747 
v -0.0306023 -0.06604 -0.0229988 
v -0.0304393 -0.06604 -0.0232698 
v -0.0303065 -0.06604 -0.0235568 
v -0.0302055 -0.06604 -0.0238565 
v -0.0301375 -0.06604 -0.0241654 
v -0.0301033 -0.06604 -0.0244799 
v -0.0301033 -0.06604 -0.0247961 
v -0.0301375 -0.06604 -0.0251106 
v -0.0302055 -0.06604 -0.0254195 
v -0.0303065 -0.06604 -0.0257192 
v -0.0304393 -0.06604 -0.0260062 
v -0.0306023 -0.06604 -0.0262772 
v -0.0307937 -0.06604 -0.026529 
v -0.0310112 -0.06604 -0.0267586 
v -0.0312523 -0.06604 -0.0269634 
v -0.0315141 -0.06604 -0.0271409 
v -0.0317935 -0.06604 -0.027289 
v -0.0320873 -0.06604 -0.0274061 
v -0.0323921 -0.06604 -0.0274907 
v -0.0327042 -0.06604 -0.0275419 
v 0.03302 -0.064135 -0.027559 
v 0.0333358 -0.064135 -0.0275419 
v 0.0336479 -0.064135 -0.0274907 
v 0.0339527 -0.064135 -0.0274061 
v 0.0342465 -0.064135 -0.027289 
v 0.0345259 -0.064135 -0.0271409 
v 0.0347877 -0.064135 -0.0269634 
v 0.0359367 -0.064135 -0.0247961 
v 0.0359367 -0.064135 -0.0244799 
v 0.0350288 -0.064135 -0.0267586 
v 0.0352463 -0.064135 -0.026529 
v 0.0354377 -0.064135 -0.0262772 
v 0.0356007 -0.064135 -0.0260062 
v 0.0357335 -0.064135 -0.0257192 
v 0.0358345 -0.064135 -0.0254195 
v 0.0359025 -0.064135 -0.0251106 
v 0.0359025 -0.064135 -0.0241654 
v 0.03302 -0.064135 -0.021717 
v 0.0327042 -0.064135 -0.0217341 
v 0.0358345 -0.064135 -0.0238565 
v 0.0357335 -0.064135 -0.0235568 
v 0.0345259 -0.064135 -0.0221351 
v 0.0342465 -0.064135 -0.021987 
v 0.0339527 -0.064135 -0.0218699 
v 0.0336479 -0.064135 -0.0217853 
v 0.0333358 -0.064135 -0.0217341 
v 0.0323921 -0.064135 -0.0217853 
v 0.0320873 -0.064135 -0.0218699 
v 0.0315141 -0.064135 -0.0221351 
v 0.0312523 -0.064135 -0.0223126 
v 0.0356007 -0.064135 -0.0232698 
v 0.0354377 -0.064135 -0.0229988 
v 0.0352463 -0.064135 -0.022747 
v 0.0350288 -0.064135 -0.0225174 
v 0.0347877 -0.064135 -0.0223126 
v 0.0317935 -0.064135 -0.021987 
v 0.0310112 -0.064135 -0.0225174 
v 0.0301033 -0.064135 -0.0244799 
v 0.0301033 -0.064135 -0.0247961 
v 0.0307937 -0.064135 -0.022747 
v 0.0306023 -0.064135 -0.0229988 
v 0.0304393 -0.064135 -0.0232698 
v 0.0303065 -0.064135 -0.0235568 
v 0.0302055 -0.064135 -0.0238565 
v 0.0301375 -0.064135 -0.0241654 
v 0.0301375 -0.064135 -0.0251106 
v 0.0302055 -0.064135 -0.0254195 
v 0.0303065 -0.064135 -0.0257192 
v 0.0317935 -0.064135 -0.027289 
v 0.0320873 -0.064135 -0.0274061 
v 0.0304393 -0.064135 -0.0260062 
v 0.0306023 -0.064135 -0.0262772 
v 0.0307937 -0.064135 -0.026529 
v 0.0310112 -0.064135 -0.0267586 
v 0.0312523 -0.064135 -0.0269634 
v 0.0315141 -0.064135 -0.0271409 
v 0.0323921 -0.064135 -0.0274907 
v 0.0327042 -0.064135 -0.0275419 
v 0.0327042 -0.06604 -0.0275419 
v 0.03302 -0.06604 -0.027559 
v 0.0323921 -0.06604 -0.0274907 
v 0.0320873 -0.06604 -0.0274061 
v 0.0317935 -0.06604 -0.027289 
v 0.0315141 -0.06604 -0.0271409 
v 0.0312523 -0.06604 -0.0269634 
v 0.0310112 -0.06604 -0.0267586 
v 0.0307937 -0.06604 -0.026529 
v 0.0306023 -0.06604 -0.0262772 
v 0.0304393 -0.06604 -0.0260062 
v 0.0303065 -0.06604 -0.0257192 
v 0.0302055 -0.06604 -0.0254195 
v 0.0301375 -0.06604 -0.0251106 
v 0.0301033 -0.06604 -0.0247961 
v 0.0301033 -0.06604 -0.0244799 
v 0.0301375 -0.06604 -0.0241654 
v 0.0302055 -0.06604 -0.0238565 
v 0.0303065 -0.06604 -0.0235568 
v 0.0304393 -0.06604 -0.0232698 
v 0.0306023 -0.06604 -0.0229988 
v 0.0307937 -0.06604 -0.022747 
v 0.0310112 -0.06604 -0.0225174 
v 0.0312523 -0.06604 -0.0223126 
v 0.0315141 -0.06604 -0.0221351 
v 0.0317935 -0.06604 -0.021987 
v 0.0320873 -0.06604 -0.0218699 
v 0.0323921 -0.06604 -0.0217853 
v 0.0327042 -0.06604 -0.0217341 
v 0.03302 -0.06604 -0.021717 
v 0.0333358 -0.06604 -0.0217341 
v 0.0336479 -0.06604 -0.0217853 
v 0.0339527 -0.06604 -0.0218699 
v 0.0342465 -0.06604 -0.021987 
v 0.0345259 -0.06604 -0.0221351 
v 0.0347877 -0.06604 -0.0223126 
v 0.0350288 -0.06604 -0.0225174 
v 0.0352463 -0.06604 -0.022747 
v 0.0354377 -0.06604 -0.0229988 
v 0.0356007 -0.06604 -0.0232698 
v 0.0357335 -0.06604 -0.0235568 
v 0.0358345 -0.06604 -0.0238565 
v 0.0359025 -0.06604 -0.0241654 
v 0.0359367 -0.06604 -0.0244799 
v 0.0359367 -0.06604 -0.0247961 
v 0.0359025 -0.06604 -0.0251106 
v 0.0358345 -0.06604 -0.0254195 
v 0.0357335 -0.06604 -0.0257192 
v 0.0356007 -0.06604 -0.0260062 
v 0.0354377 -0.06604 -0.0262772 
v 0.0352463 -0.06604 -0.026529 
v 0.0350288 -0.06604 -0.0267586 
v 0.0347877 -0.06604 -0.0269634 
v 0.0345259 -0.06604 -0.0271409 
v 0.0342465 -0.06604 -0.027289 
v 0.0339527 -0.06604 -0.0274061 
v 0.0336479 -0.06604 -0.0274907 
v 0.0333358 -0.06604 -0.0275419 
v -0.03683 -0.06604 0.004191 
v -0.03683 -0.02159 -0.032258 
v -0.03683 -0.06604 -0.032258 
v -0.03683 -0.02159 -0.028448 
v 0.03683 -0.06604 0.004191 
v 0.03683 -0.02159 -0.032258 
v 0.03683 -0.02159 -0.028448 
v 0.03683 -0.06604 -0.032258 
v -0.011938 -0.06604 -0.032258 
v -0.001905 -0.06604 -0.025781 
v -0.001905 -0.06604 -0.03048 
v -0.010287 -0.06604 -0.025781 
v -0.010287 -0.06604 -0.03048 
v -0.011938 -0.06604 0.004191 
v -0.010287 -0.064135 -0.03048 
v -0.010287 -0.064135 -0.025781 
v -0.016637 -0.064135 -0.025781 
v -0.016637 -0.064135 -0.03048 
v -0.001905 -0.064135 -0.025781 
v 0.016637 -0.064135 -0.025781 
v 0.016637 -0.064135 -0.03048 
v -0.001905 -0.064135 -0.03048 
v 0.016637 -0.030734 -0.03048 
v -0.016637 -0.030734 -0.03048 
v 0.016637 -0.030734 -0.026543 
v -0.016637 -0.030734 -0.026543 
v -0.016637 -0.035306 -0.028448 
v -0.016637 -0.035306 -0.026543 
v 0.016637 -0.035306 -0.028448 
v 0.016637 -0.035306 -0.026543 
v -0.018542 -0.035306 -0.026543 
v -0.018542 -0.035306 -0.028448 
v -0.018542 -0.027051 -0.026543 
v -0.018542 -0.027051 -0.028448 
v 0.018542 -0.035306 -0.028448 
v 0.018542 -0.027051 -0.028448 
v 0.018542 -0.035306 -0.026543 
v 0.018542 -0.027051 -0.026543 
vn 0.108119 0 0.994138 
vn 2.44929e-16 0 1 
vn 0.21497 0 0.976621 
vn 0.108119 0 0.994138 
vn 0.319302 0 0.947653 
vn 0.21497 0 0.976621 
vn 0.419889 0 0.907575 
vn 0.319302 0 0.947653 
vn 0.515554 0 0.856857 
vn 0.419889 0 0.907575 
vn 0.605174 0 0.796093 
vn 0.515554 0 0.856857 
vn 0.687699 0 0.725995 
vn 0.605174 0 0.796093 
vn 0.762162 0 0.647386 
vn 0.687699 0 0.725995 
vn 0.827689 0 0.561187 
vn 0.762162 0 0.647386 
vn 0.883512 0 0.468408 
vn 0.827689 0 0.561187 
vn 0.928977 0 0.370138 
vn 0.883512 0 0.468408 
vn 0.96355 0 0.267528 
vn 0.928977 0 0.370138 
vn 0.986827 0 0.161782 
vn 0.96355 0 0.267528 
vn 0.998533 0 0.0541389 
vn 0.986827 0 0.161782 
vn 0.998533 0 -0.0541389 
vn 0.998533 0 0.0541389 
vn 0.986827 0 -0.161782 
vn 0.998533 0 -0.0541389 
vn 0.96355 0 -0.267528 
vn 0.986827 0 -0.161782 
vn 0.928977 0 -0.370138 
vn 0.96355 0 -0.267528 
vn 0.883512 0 -0.468408 
vn 0.928977 0 -0.370138 
vn 0.827689 0 -0.561187 
vn 0.883512 0 -0.468408 
vn 0.762162 0 -0.647386 
vn 0.827689 0 -0.561187 
vn 0.687699 0 -0.725995 
vn 0.762162 0 -0.647386 
vn 0.605174 0 -0.796093 
vn 0.687699 0 -0.725995 
vn 0.515554 0 -0.856857 
vn 0.605174 0 -0.796093 
vn 0.419889 0 -0.907575 
vn 0.515554 0 -0.856857 
vn 0.319302 0 -0.947653 
vn 0.419889 0 -0.907575 
vn 0.21497 0 -0.976621 
vn 0.319302 0 -0.947653 
vn 0.108119 0 -0.994138 
vn 0.21497 0 -0.976621 
vn -1.22465e-16 0 -1 
vn 0.108119 0 -0.994138 
vn -0.108119 0 -0.994138 
vn -1.22465e-16 0 -1 
vn -0.21497 0 -0.976621 
vn -0.108119 0 -0.994138 
vn -0.319302 0 -0.947653 
vn -0.21497 0 -0.976621 
vn -0.419889 0 -0.907575 
vn -0.319302 0 -0.947653 
vn -0.515554 0 -0.856857 
vn -0.419889 0 -0.907575 
vn -0.605174 0 -0.796093 
vn -0.515554 0 -0.856857 
vn -0.687699 0 -0.725995 
vn -0.605174 0 -0.796093 
vn -0.762162 0 -0.647386 
vn -0.687699 0 -0.725995 
vn -0.827689 0 -0.561187 
vn -0.762162 0 -0.647386 
vn -0.883512 0 -0.468408 
vn -0.827689 0 -0.561187 
vn -0.928977 0 -0.370138 
vn -0.883512 0 -0.468408 
vn -0.96355 0 -0.267528 
vn -0.928977 0 -0.370138 
vn -0.986827 0 -0.161782 
vn -0.96355 0 -0.267528 
vn -0.998533 0 -0.0541389 
vn -0.986827 0 -0.161782 
vn -0.998533 0 0.0541389 
vn -0.998533 0 -0.0541389 
vn -0.986827 0 0.161782 
vn -0.998533 0 0.0541389 
vn -0.96355 0 0.267528 
vn -0.986827 0 0.161782 
vn -0.928977 0 0.370138 
vn -0.96355 0 0.267528 
vn -0.883512 0 0.468408 
vn -0.928977 0 0.370138 
vn -0.827689 0 0.561187 
vn -0.883512 0 0.468408 
vn -0.762162 0 0.647386 
vn -0.827689 0 0.561187 
vn -0.687699 0 0.725995 
vn -0.762162 0 0.647386 
vn -0.605174 0 0.796093 
vn -0.687699 0 0.725995 
vn -0.515554 0 0.856857 
vn -0.605174 0 0.796093 
vn -0.419889 0 0.907575 
vn -0.515554 0 0.856857 
vn -0.319302 0 0.947653 
vn -0.419889 0 0.907575 
vn -0.21497 0 0.976621 
vn -0.319302 0 0.947653 
vn -0.108119 0 0.994138 
vn -0.21497 0 0.976621 
vn 0 -1 0 
vn 0.108119 0 0.994138 
vn 2.44929e-16 0 1 
vn 0.21497 0 0.976621 
vn 0.108119 0 0.994138 
vn 0.319302 0 0.947653 
vn 0.21497 0 0.976621 
vn 0.419889 0 0.907575 
vn 0.319302 0 0.947653 
vn 0.515554 0 0.856857 
vn 0.419889 0 0.907575 
vn 0.605174 0 0.796093 
vn 0.515554 0 0.856857 
vn 0.687699 0 0.725995 
vn 0.605174 0 0.796093 
vn 0.762162 0 0.647386 
vn 0.687699 0 0.725995 
vn 0.827689 0 0.561187 
vn 0.762162 0 0.647386 
vn 0.883512 0 0.468408 
vn 0.827689 0 0.561187 
vn 0.928977 0 0.370138 
vn 0.883512 0 0.468408 
vn 0.96355 0 0.267528 
vn 0.928977 0 0.370138 
vn 0.986827 0 0.161782 
vn 0.96355 0 0.267528 
vn 0.998533 0 0.0541389 
vn 0.986827 0 0.161782 
vn 0.998533 0 -0.0541389 
vn 0.998533 0 0.0541389 
vn 0.986827 0 -0.161782 
vn 0.998533 0 -0.0541389 
vn 0.96355 0 -0.267528 
vn 0.986827 0 -0.161782 
vn 0.928977 0 -0.370138 
vn 0.96355 0 -0.267528 
vn 0.883512 0 -0.468408 
vn 0.928977 0 -0.370138 
vn 0.827689 0 -0.561187 
vn 0.883512 0 -0.468408 
vn 0.762162 0 -0.647386 
vn 0.827689 0 -0.561187 
vn 0.687699 0 -0.725995 
vn 0.762162 0 -0.647386 
vn 0.605174 0 -0.796093 
vn 0.687699 0 -0.725995 
vn 0.515554 0 -0.856857 
vn 0.605174 0 -0.796093 
vn 0.419889 0 -0.907575 
vn 0.515554 0 -0.856857 
vn 0.319302 0 -0.947653 
vn 0.419889 0 -0.907575 
vn 0.21497 0 -0.976621 
vn 0.319302 0 -0.947653 
vn 0.108119 0 -0.994138 
vn 0.21497 0 -0.976621 
vn -1.22465e-16 0 -1 
vn 0.108119 0 -0.994138 
vn -0.108119 0 -0.994138 
vn -1.22465e-16 0 -1 
vn -0.21497 0 -0.976621 
vn -0.108119 0 -0.994138 
vn -0.319302 0 -0.947653 
vn -0.21497 0 -0.976621 
vn -0.419889 0 -0.907575 
vn -0.319302 0 -0.947653 
vn -0.515554 0 -0.856857 
vn -0.419889 0 -0.907575 
vn -0.605174 0 -0.796093 
vn -0.515554 0 -0.856857 
vn -0.687699 0 -0.725995 
vn -0.605174 0 -0.796093 
vn -0.762162 0 -0.647386 
vn -0.687699 0 -0.725995 
vn -0.827689 0 -0.561187 
vn -0.762162 0 -0.647386 
vn -0.883512 0 -0.468408 
vn -0.827689 0 -0.561187 
vn -0.928977 0 -0.370138 
vn -0.883512 0 -0.468408 
vn -0.96355 0 -0.267528 
vn -0.928977 0 -0.370138 
vn -0.986827 0 -0.161782 
vn -0.96355 0 -0.267528 
vn -0.998533 0 -0.0541389 
vn -0.986827 0 -0.161782 
vn -0.998533 0 0.0541389 
vn -0.998533 0 -0.0541389 
vn -0.986827 0 0.161782 
vn -0.998533 0 0.0541389 
vn -0.96355 0 0.267528 
vn -0.986827 0 0.161782 
vn -0.928977 0 0.370138 
vn -0.96355 0 0.267528 
vn -0.883512 0 0.468408 
vn -0.928977 0 0.370138 
vn -0.827689 0 0.561187 
vn -0.883512 0 0.468408 
vn -0.762162 0 0.647386 
vn -0.827689 0 0.561187 
vn -0.687699 0 0.725995 
vn -0.762162 0 0.647386 
vn -0.605174 0 0.796093 
vn -0.687699 0 0.725995 
vn -0.515554 0 0.856857 
vn -0.605174 0 0.796093 
vn -0.419889 0 0.907575 
vn -0.515554 0 0.856857 
vn -0.319302 0 0.947653 
vn -0.419889 0 0.907575 
vn -0.21497 0 0.976621 
vn -0.319302 0 0.947653 
vn -0.108119 0 0.994138 
vn -0.21497 0 0.976621 
vn 0 1 0 
vn 0 0 1 
vn -1 0 0 
vn 1 0 0 
vn 0 0.707107 -0.707107 
vn 0.108119 0 0.994138 
vn 2.44929e-16 0 1 
vn 0.21497 0 0.976621 
vn 0.108119 0 0.994138 
vn 0.319302 0 0.947653 
vn 0.21497 0 0.976621 
vn 0.419889 0 0.907575 
vn 0.319302 0 0.947653 
vn 0.515554 0 0.856857 
vn 0.419889 0 0.907575 
vn 0.605174 0 0.796093 
vn 0.515554 0 0.856857 
vn 0.687699 0 0.725995 
vn 0.605174 0 0.796093 
vn 0.762162 0 0.647386 
vn 0.687699 0 0.725995 
vn 0.827689 0 0.561187 
vn 0.762162 0 0.647386 
vn 0.883512 0 0.468408 
vn 0.827689 0 0.561187 
vn 0.928977 0 0.370138 
vn 0.883512 0 0.468408 
vn 0.96355 0 0.267528 
vn 0.928977 0 0.370138 
vn 0.986827 0 0.161782 
vn 0.96355 0 0.267528 
vn 0.998533 0 0.0541389 
vn 0.986827 0 0.161782 
vn 0.998533 0 -0.0541389 
vn 0.998533 0 0.0541389 
vn 0.986827 0 -0.161782 
vn 0.998533 0 -0.0541389 
vn 0.96355 0 -0.267528 
vn 0.986827 0 -0.161782 
vn 0.928977 0 -0.370138 
vn 0.96355 0 -0.267528 
vn 0.883512 0 -0.468408 
vn 0.928977 0 -0.370138 
vn 0.827689 0 -0.561187 
vn 0.883512 0 -0.468408 
vn 0.762162 0 -0.647386 
vn 0.827689 0 -0.561187 
vn 0.687699 0 -0.725995 
vn 0.762162 0 -0.647386 
vn 0.605174 0 -0.796093 
vn 0.687699 0 -0.725995 
vn 0.515554 0 -0.856857 
vn 0.605174 0 -0.796093 
vn 0.419889 0 -0.907575 
vn 0.515554 0 -0.856857 
vn 0.319302 0 -0.947653 
vn 0.419889 0 -0.907575 
vn 0.21497 0 -0.976621 
vn 0.319302 0 -0.947653 
vn 0.108119 0 -0.994138 
vn 0.21497 0 -0.976621 
vn -1.22465e-16 0 -1 
vn 0.108119 0 -0.994138 
vn -0.108119 0 -0.994138 
vn -1.22465e-16 0 -1 
vn -0.21497 0 -0.976621 
vn -0.108119 0 -0.994138 
vn -0.319302 0 -0.947653 
vn -0.21497 0 -0.976621 
vn -0.419889 0 -0.907575 
vn -0.319302 0 -0.947653 
vn -0.515554 0 -0.856857 
vn -0.419889 0 -0.907575 
vn -0.605174 0 -0.796093 
vn -0.515554 0 -0.856857 
vn -0.687699 0 -0.725995 
vn -0.605174 0 -0.796093 
vn -0.762162 0 -0.647386 
vn -0.687699 0 -0.725995 
vn -0.827689 0 -0.561187 
vn -0.762162 0 -0.647386 
vn -0.883512 0 -0.468408 
vn -0.827689 0 -0.561187 
vn -0.928977 0 -0.370138 
vn -0.883512 0 -0.468408 
vn -0.96355 0 -0.267528 
vn -0.928977 0 -0.370138 
vn -0.986827 0 -0.161782 
vn -0.96355 0 -0.267528 
vn -0.998533 0 -0.0541389 
vn -0.986827 0 -0.161782 
vn -0.998533 0 0.0541389 
vn -0.998533 0 -0.0541389 
vn -0.986827 0 0.161782 
vn -0.998533 0 0.0541389 
vn -0.96355 0 0.267528 
vn -0.986827 0 0.161782 
vn -0.928977 0 0.370138 
vn -0.96355 0 0.267528 
vn -0.883512 0 0.468408 
vn -0.928977 0 0.370138 
vn -0.827689 0 0.561187 
vn -0.883512 0 0.468408 
vn -0.762162 0 0.647386 
vn -0.827689 0 0.561187 
vn -0.687699 0 0.725995 
vn -0.762162 0 0.647386 
vn -0.605174 0 0.796093 
vn -0.687699 0 0.725995 
vn -0.515554 0 0.856857 
vn -0.605174 0 0.796093 
vn -0.419889 0 0.907575 
vn -0.515554 0 0.856857 
vn -0.319302 0 0.947653 
vn -0.419889 0 0.907575 
vn -0.21497 0 0.976621 
vn -0.319302 0 0.947653 
vn -0.108119 0 0.994138 
vn -0.21497 0 0.976621 
vn 0.108119 0 0.994138 
vn 2.44929e-16 0 1 
vn 0.21497 0 0.976621 
vn 0.108119 0 0.994138 
vn 0.319302 0 0.947653 
vn 0.21497 0 0.976621 
vn 0.419889 0 0.907575 
vn 0.319302 0 0.947653 
vn 0.515554 0 0.856857 
vn 0.419889 0 0.907575 
vn 0.605174 0 0.796093 
vn 0.515554 0 0.856857 
vn 0.687699 0 0.725995 
vn 0.605174 0 0.796093 
vn 0.762162 0 0.647386 
vn 0.687699 0 0.725995 
vn 0.827689 0 0.561187 
vn 0.762162 0 0.647386 
vn 0.883512 0 0.468408 
vn 0.827689 0 0.561187 
vn 0.928977 0 0.370138 
vn 0.883512 0 0.468408 
vn 0.96355 0 0.267528 
vn 0.928977 0 0.370138 
vn 0.986827 0 0.161782 
vn 0.96355 0 0.267528 
vn 0.998533 0 0.0541389 
vn 0.986827 0 0.161782 
vn 0.998533 0 -0.0541389 
vn 0.998533 0 0.0541389 
vn 0.986827 0 -0.161782 
vn 0.998533 0 -0.0541389 
vn 0.96355 0 -0.267528 
vn 0.986827 0 -0.161782 
vn 0.928977 0 -0.370138 
vn 0.96355 0 -0.267528 
vn 0.883512 0 -0.468408 
vn 0.928977 0 -0.370138 
vn 0.827689 0 -0.561187 
vn 0.883512 0 -0.468408 
vn 0.762162 0 -0.647386 
vn 0.827689 0 -0.561187 
vn 0.687699 0 -0.725995 
vn 0.762162 0 -0.647386 
vn 0.605174 0 -0.796093 
vn 0.687699 0 -0.725995 
vn 0.515554 0 -0.856857 
vn 0.605174 0 -0.796093 
vn 0.419889 0 -0.907575 
vn 0.515554 0 -0.856857 
vn 0.319302 0 -0.947653 
vn 0.419889 0 -0.907575 
vn 0.21497 0 -0.976621 
vn 0.319302 0 -0.947653 
vn 0.108119 0 -0.994138 
vn 0.21497 0 -0.976621 
vn -1.22465e-16 0 -1 
vn 0.108119 0 -0.994138 
vn -0.108119 0 -0.994138 
vn -1.22465e-16 0 -1 
vn -0.21497 0 -0.976621 
vn -0.108119 0 -0.994138 
vn -0.319302 0 -0.947653 
vn -0.21497 0 -0.976621 
vn -0.419889 0 -0.907575 
vn -0.319302 0 -0.947653 
vn -0.515554 0 -0.856857 
vn -0.419889 0 -0.907575 
vn -0.605174 0 -0.796093 
vn -0.515554 0 -0.856857 
vn -0.687699 0 -0.725995 
vn -0.605174 0 -0.796093 
vn -0.762162 0 -0.647386 
vn -0.687699 0 -0.725995 
vn -0.827689 0 -0.561187 
vn -0.762162 0 -0.647386 
vn -0.883512 0 -0.468408 
vn -0.827689 0 -0.561187 
vn -0.928977 0 -0.370138 
vn -0.883512 0 -0.468408 
vn -0.96355 0 -0.267528 
vn -0.928977 0 -0.370138 
vn -0.986827 0 -0.161782 
vn -0.96355 0 -0.267528 
vn -0.998533 0 -0.0541389 
vn -0.986827 0 -0.161782 
vn -0.998533 0 0.0541389 
vn -0.998533 0 -0.0541389 
vn -0.986827 0 0.161782 
vn -0.998533 0 0.0541389 
vn -0.96355 0 0.267528 
vn -0.986827 0 0.161782 
vn -0.928977 0 0.370138 
vn -0.96355 0 0.267528 
vn -0.883512 0 0.468408 
vn -0.928977 0 0.370138 
vn -0.827689 0 0.561187 
vn -0.883512 0 0.468408 
vn -0.762162 0 0.647386 
vn -0.827689 0 0.561187 
vn -0.687699 0 0.725995 
vn -0.762162 0 0.647386 
vn -0.605174 0 0.796093 
vn -0.687699 0 0.725995 
vn -0.515554 0 0.856857 
vn -0.605174 0 0.796093 
vn -0.419889 0 0.907575 
vn -0.515554 0 0.856857 
vn -0.319302 0 0.947653 
vn -0.419889 0 0.907575 
vn -0.21497 0 0.976621 
vn -0.319302 0 0.947653 
vn -0.108119 0 0.994138 
vn -0.21497 0 0.976621 
vn 0.108119 0 0.994138 
vn 2.44929e-16 0 1 
vn 0.21497 0 0.976621 
vn 0.108119 0 0.994138 
vn 0.319302 0 0.947653 
vn 0.21497 0 0.976621 
vn 0.419889 0 0.907575 
vn 0.319302 0 0.947653 
vn 0.515554 0 0.856857 
vn 0.419889 0 0.907575 
vn 0.605174 0 0.796093 
vn 0.515554 0 0.856857 
vn 0.687699 0 0.725995 
vn 0.605174 0 0.796093 
vn 0.762162 0 0.647386 
vn 0.687699 0 0.725995 
vn 0.827689 0 0.561187 
vn 0.762162 0 0.647386 
vn 0.883512 0 0.468408 
vn 0.827689 0 0.561187 
vn 0.928977 0 0.370138 
vn 0.883512 0 0.468408 
vn 0.96355 0 0.267528 
vn 0.928977 0 0.370138 
vn 0.986827 0 0.161782 
vn 0.96355 0 0.267528 
vn 0.998533 0 0.0541389 
vn 0.986827 0 0.161782 
vn 0.998533 0 -0.0541389 
vn 0.998533 0 0.0541389 
vn 0.986827 0 -0.161782 
vn 0.998533 0 -0.0541389 
vn 0.96355 0 -0.267528 
vn 0.986827 0 -0.161782 
vn 0.928977 0 -0.370138 
vn 0.96355 0 -0.267528 
vn 0.883512 0 -0.468408 
vn 0.928977 0 -0.370138 
vn 0.827689 0 -0.561187 
vn 0.883512 0 -0.468408 
vn 0.762162 0 -0.647386 
vn 0.827689 0 -0.561187 
vn 0.687699 0 -0.725995 
vn 0.762162 0 -0.647386 
vn 0.605174 0 -0.796093 
vn 0.687699 0 -0.725995 
vn 0.515554 0 -0.856857 
vn 0.605174 0 -0.796093 
vn 0.419889 0 -0.907575 
vn 0.515554 0 -0.856857 
vn 0.319302 0 -0.947653 
vn 0.419889 0 -0.907575 
vn 0.21497 0 -0.976621 
vn 0.319302 0 -0.947653 
vn 0.108119 0 -0.994138 
vn 0.21497 0 -0.976621 
vn -1.22465e-16 0 -1 
vn 0.108119 0 -0.994138 
vn -0.108119 0 -0.994138 
vn -1.22465e-16 0 -1 
vn -0.21497 0 -0.976621 
vn -0.108119 0 -0.994138 
vn -0.319302 0 -0.947653 
vn -0.21497 0 -0.976621 
vn -0.419889 0 -0.907575 
vn -0.319302 0 -0.947653 
vn -0.515554 0 -0.856857 
vn -0.419889 0 -0.907575 
vn -0.605174 0 -0.796093 
vn -0.515554 0 -0.856857 
vn -0.687699 0 -0.725995 
vn -0.605174 0 -0.796093 
vn -0.762162 0 -0.647386 
vn -0.687699 0 -0.725995 
vn -0.827689 0 -0.561187 
vn -0.762162 0 -0.647386 
vn -0.883512 0 -0.468408 
vn -0.827689 0 -0.561187 
vn -0.928977 0 -0.370138 
vn -0.883512 0 -0.468408 
vn -0.96355 0 -0.267528 
vn -0.928977 0 -0.370138 
vn -0.986827 0 -0.161782 
vn -0.96355 0 -0.267528 
vn -0.998533 0 -0.0541389 
vn -0.986827 0 -0.161782 
vn -0.998533 0 0.0541389 
vn -0.998533 0 -0.0541389 
vn -0.986827 0 0.161782 
vn -0.998533 0 0.0541389 
vn -0.96355 0 0.267528 
vn -0.986827 0 0.161782 
vn -0.928977 0 0.370138 
vn -0.96355 0 0.267528 
vn -0.883512 0 0.468408 
vn -0.928977 0 0.370138 
vn -0.827689 0 0.561187 
vn -0.883512 0 0.468408 
vn -0.762162 0 0.647386 
vn -0.827689 0 0.561187 
vn -0.687699 0 0.725995 
vn -0.762162 0 0.647386 
vn -0.605174 0 0.796093 
vn -0.687699 0 0.725995 
vn -0.515554 0 0.856857 
vn -0.605174 0 0.796093 
vn -0.419889 0 0.907575 
vn -0.515554 0 0.856857 
vn -0.319302 0 0.947653 
vn -0.419889 0 0.907575 
vn -0.21497 0 0.976621 
vn -0.319302 0 0.947653 
vn -0.108119 0 0.994138 
vn -0.21497 0 0.976621 
vn 0 -1 0 
vn 0.108119 0 0.994138 
vn 2.44929e-16 0 1 
vn 0.21497 0 0.976621 
vn 0.108119 0 0.994138 
vn 0.319302 0 0.947653 
vn 0.21497 0 0.976621 
vn 0.419889 0 0.907575 
vn 0.319302 0 0.947653 
vn 0.515554 0 0.856857 
vn 0.419889 0 0.907575 
vn 0.605174 0 0.796093 
vn 0.515554 0 0.856857 
vn 0.687699 0 0.725995 
vn 0.605174 0 0.796093 
vn 0.762162 0 0.647386 
vn 0.687699 0 0.725995 
vn 0.827689 0 0.561187 
vn 0.762162 0 0.647386 
vn 0.883512 0 0.468408 
vn 0.827689 0 0.561187 
vn 0.928977 0 0.370138 
vn 0.883512 0 0.468408 
vn 0.96355 0 0.267528 
vn 0.928977 0 0.370138 
vn 0.986827 0 0.161782 
vn 0.96355 0 0.267528 
vn 0.998533 0 0.0541389 
vn 0.986827 0 0.161782 
vn 0.998533 0 -0.0541389 
vn 0.998533 0 0.0541389 
vn 0.986827 0 -0.161782 
vn 0.998533 0 -0.0541389 
vn 0.96355 0 -0.267528 
vn 0.986827 0 -0.161782 
vn 0.928977 0 -0.370138 
vn 0.96355 0 -0.267528 
vn 0.883512 0 -0.468408 
vn 0.928977 0 -0.370138 
vn 0.827689 0 -0.561187 
vn 0.883512 0 -0.468408 
vn 0.762162 0 -0.647386 
vn 0.827689 0 -0.561187 
vn 0.687699 0 -0.725995 
vn 0.762162 0 -0.647386 
vn 0.605174 0 -0.796093 
vn 0.687699 0 -0.725995 
vn 0.515554 0 -0.856857 
vn 0.605174 0 -0.796093 
vn 0.419889 0 -0.907575 
vn 0.515554 0 -0.856857 
vn 0.319302 0 -0.947653 
vn 0.419889 0 -0.907575 
vn 0.21497 0 -0.976621 
vn 0.319302 0 -0.947653 
vn 0.108119 0 -0.994138 
vn 0.21497 0 -0.976621 
vn -1.22465e-16 0 -1 
vn 0.108119 0 -0.994138 
vn -0.108119 0 -0.994138 
vn -1.22465e-16 0 -1 
vn -0.21497 0 -0.976621 
vn -0.108119 0 -0.994138 
vn -0.319302 0 -0.947653 
vn -0.21497 0 -0.976621 
vn -0.419889 0 -0.907575 
vn -0.319302 0 -0.947653 
vn -0.515554 0 -0.856857 
vn -0.419889 0 -0.907575 
vn -0.605174 0 -0.796093 
vn -0.515554 0 -0.856857 
vn -0.687699 0 -0.725995 
vn -0.605174 0 -0.796093 
vn -0.762162 0 -0.647386 
vn -0.687699 0 -0.725995 
vn -0.827689 0 -0.561187 
vn -0.762162 0 -0.647386 
vn -0.883512 0 -0.468408 
vn -0.827689 0 -0.561187 
vn -0.928977 0 -0.370138 
vn -0.883512 0 -0.468408 
vn -0.96355 0 -0.267528 
vn -0.928977 0 -0.370138 
vn -0.986827 0 -0.161782 
vn -0.96355 0 -0.267528 
vn -0.998533 0 -0.0541389 
vn -0.986827 0 -0.161782 
vn -0.998533 0 0.0541389 
vn -0.998533 0 -0.0541389 
vn -0.986827 0 0.161782 
vn -0.998533 0 0.0541389 
vn -0.96355 0 0.267528 
vn -0.986827 0 0.161782 
vn -0.928977 0 0.370138 
vn -0.96355 0 0.267528 
vn -0.883512 0 0.468408 
vn -0.928977 0 0.370138 
vn -0.827689 0 0.561187 
vn -0.883512 0 0.468408 
vn -0.762162 0 0.647386 
vn -0.827689 0 0.561187 
vn -0.687699 0 0.725995 
vn -0.762162 0 0.647386 
vn -0.605174 0 0.796093 
vn -0.687699 0 0.725995 
vn -0.515554 0 0.856857 
vn -0.605174 0 0.796093 
vn -0.419889 0 0.907575 
vn -0.515554 0 0.856857 
vn -0.319302 0 0.947653 
vn -0.419889 0 0.907575 
vn -0.21497 0 0.976621 
vn -0.319302 0 0.947653 
vn -0.108119 0 0.994138 
vn -0.21497 0 0.976621 
vn 0 -1 0 
vn 0.108119 0 0.994138 
vn 2.44929e-16 0 1 
vn 0.21497 0 0.976621 
vn 0.108119 0 0.994138 
vn 0.319302 0 0.947653 
vn 0.21497 0 0.976621 
vn 0.419889 0 0.907575 
vn 0.319302 0 0.947653 
vn 0.515554 0 0.856857 
vn 0.419889 0 0.907575 
vn 0.605174 0 0.796093 
vn 0.515554 0 0.856857 
vn 0.687699 0 0.725995 
vn 0.605174 0 0.796093 
vn 0.762162 0 0.647386 
vn 0.687699 0 0.725995 
vn 0.827689 0 0.561187 
vn 0.762162 0 0.647386 
vn 0.883512 0 0.468408 
vn 0.827689 0 0.561187 
vn 0.928977 0 0.370138 
vn 0.883512 0 0.468408 
vn 0.96355 0 0.267528 
vn 0.928977 0 0.370138 
vn 0.986827 0 0.161782 
vn 0.96355 0 0.267528 
vn 0.998533 0 0.0541389 
vn 0.986827 0 0.161782 
vn 0.998533 0 -0.0541389 
vn 0.998533 0 0.0541389 
vn 0.986827 0 -0.161782 
vn 0.998533 0 -0.0541389 
vn 0.96355 0 -0.267528 
vn 0.986827 0 -0.161782 
vn 0.928977 0 -0.370138 
vn 0.96355 0 -0.267528 
vn 0.883512 0 -0.468408 
vn 0.928977 0 -0.370138 
vn 0.827689 0 -0.561187 
vn 0.883512 0 -0.468408 
vn 0.762162 0 -0.647386 
vn 0.827689 0 -0.561187 
vn 0.687699 0 -0.725995 
vn 0.762162 0 -0.647386 
vn 0.605174 0 -0.796093 
vn 0.687699 0 -0.725995 
vn 0.515554 0 -0.856857 
vn 0.605174 0 -0.796093 
vn 0.419889 0 -0.907575 
vn 0.515554 0 -0.856857 
vn 0.319302 0 -0.947653 
vn 0.419889 0 -0.907575 
vn 0.21497 0 -0.976621 
vn 0.319302 0 -0.947653 
vn 0.108119 0 -0.994138 
vn 0.21497 0 -0.976621 
vn -1.22465e-16 0 -1 
vn 0.108119 0 -0.994138 
vn -0.108119 0 -0.994138 
vn -1.22465e-16 0 -1 
vn -0.21497 0 -0.976621 
vn -0.108119 0 -0.994138 
vn -0.319302 0 -0.947653 
vn -0.21497 0 -0.976621 
vn -0.419889 0 -0.907575 
vn -0.319302 0 -0.947653 
vn -0.515554 0 -0.856857 
vn -0.419889 0 -0.907575 
vn -0.605174 0 -0.796093 
vn -0.515554 0 -0.856857 
vn -0.687699 0 -0.725995 
vn -0.605174 0 -0.796093 
vn -0.762162 0 -0.647386 
vn -0.687699 0 -0.725995 
vn -0.827689 0 -0.561187 
vn -0.762162 0 -0.647386 
vn -0.883512 0 -0.468408 
vn -0.827689 0 -0.561187 
vn -0.928977 0 -0.370138 
vn -0.883512 0 -0.468408 
vn -0.96355 0 -0.267528 
vn -0.928977 0 -0.370138 
vn -0.986827 0 -0.161782 
vn -0.96355 0 -0.267528 
vn -0.998533 0 -0.0541389 
vn -0.986827 0 -0.161782 
vn -0.998533 0 0.0541389 
vn -0.998533 0 -0.0541389 
vn -0.986827 0 0.161782 
vn -0.998533 0 0.0541389 
vn -0.96355 0 0.267528 
vn -0.986827 0 0.161782 
vn -0.928977 0 0.370138 
vn -0.96355 0 0.267528 
vn -0.883512 0 0.468408 
vn -0.928977 0 0.370138 
vn -0.827689 0 0.561187 
vn -0.883512 0 0.468408 
vn -0.762162 0 0.647386 
vn -0.827689 0 0.561187 
vn -0.687699 0 0.725995 
vn -0.762162 0 0.647386 
vn -0.605174 0 0.796093 
vn -0.687699 0 0.725995 
vn -0.515554 0 0.856857 
vn -0.605174 0 0.796093 
vn -0.419889 0 0.907575 
vn -0.515554 0 0.856857 
vn -0.319302 0 0.947653 
vn -0.419889 0 0.907575 
vn -0.21497 0 0.976621 
vn -0.319302 0 0.947653 
vn -0.108119 0 0.994138 
vn -0.21497 0 0.976621 
vn 0 -1 0 
vn 0.108119 0 0.994138 
vn 2.44929e-16 0 1 
vn 0.21497 0 0.976621 
vn 0.108119 0 0.994138 
vn 0.319302 0 0.947653 
vn 0.21497 0 0.976621 
vn 0.419889 0 0.907575 
vn 0.319302 0 0.947653 
vn 0.515554 0 0.856857 
vn 0.419889 0 0.907575 
vn 0.605174 0 0.796093 
vn 0.515554 0 0.856857 
vn 0.687699 0 0.725995 
vn 0.605174 0 0.796093 
vn 0.762162 0 0.647386 
vn 0.687699 0 0.725995 
vn 0.827689 0 0.561187 
vn 0.762162 0 0.647386 
vn 0.883512 0 0.468408 
vn 0.827689 0 0.561187 
vn 0.928977 0 0.370138 
vn 0.883512 0 0.468408 
vn 0.96355 0 0.267528 
vn 0.928977 0 0.370138 
vn 0.986827 0 0.161782 
vn 0.96355 0 0.267528 
vn 0.998533 0 0.0541389 
vn 0.986827 0 0.161782 
vn 0.998533 0 -0.0541389 
vn 0.998533 0 0.0541389 
vn 0.986827 0 -0.161782 
vn 0.998533 0 -0.0541389 
vn 0.96355 0 -0.267528 
vn 0.986827 0 -0.161782 
vn 0.928977 0 -0.370138 
vn 0.96355 0 -0.267528 
vn 0.883512 0 -0.468408 
vn 0.928977 0 -0.370138 
vn 0.827689 0 -0.561187 
vn 0.883512 0 -0.468408 
vn 0.762162 0 -0.647386 
vn 0.827689 0 -0.561187 
vn 0.687699 0 -0.725995 
vn 0.762162 0 -0.647386 
vn 0.605174 0 -0.796093 
vn 0.687699 0 -0.725995 
vn 0.515554 0 -0.856857 
vn 0.605174 0 -0.796093 
vn 0.419889 0 -0.907575 
vn 0.515554 0 -0.856857 
vn 0.319302 0 -0.947653 
vn 0.419889 0 -0.907575 
vn 0.21497 0 -0.976621 
vn 0.319302 0 -0.947653 
vn 0.108119 0 -0.994138 
vn 0.21497 0 -0.976621 
vn -1.22465e-16 0 -1 
vn 0.108119 0 -0.994138 
vn -0.108119 0 -0.994138 
vn -1.22465e-16 0 -1 
vn -0.21497 0 -0.976621 
vn -0.108119 0 -0.994138 
vn -0.319302 0 -0.947653 
vn -0.21497 0 -0.976621 
vn -0.419889 0 -0.907575 
vn -0.319302 0 -0.947653 
vn -0.515554 0 -0.856857 
vn -0.419889 0 -0.907575 
vn -0.605174 0 -0.796093 
vn -0.515554 0 -0.856857 
vn -0.687699 0 -0.725995 
vn -0.605174 0 -0.796093 
vn -0.762162 0 -0.647386 
vn -0.687699 0 -0.725995 
vn -0.827689 0 -0.561187 
vn -0.762162 0 -0.647386 
vn -0.883512 0 -0.468408 
vn -0.827689 0 -0.561187 
vn -0.928977 0 -0.370138 
vn -0.883512 0 -0.468408 
vn -0.96355 0 -0.267528 
vn -0.928977 0 -0.370138 
vn -0.986827 0 -0.161782 
vn -0.96355 0 -0.267528 
vn -0.998533 0 -0.0541389 
vn -0.986827 0 -0.161782 
vn -0.998533 0 0.0541389 
vn -0.998533 0 -0.0541389 
vn -0.986827 0 0.161782 
vn -0.998533 0 0.0541389 
vn -0.96355 0 0.267528 
vn -0.986827 0 0.161782 
vn -0.928977 0 0.370138 
vn -0.96355 0 0.267528 
vn -0.883512 0 0.468408 
vn -0.928977 0 0.370138 
vn -0.827689 0 0.561187 
vn -0.883512 0 0.468408 
vn -0.762162 0 0.647386 
vn -0.827689 0 0.561187 
vn -0.687699 0 0.725995 
vn -0.762162 0 0.647386 
vn -0.605174 0 0.796093 
vn -0.687699 0 0.725995 
vn -0.515554 0 0.856857 
vn -0.605174 0 0.796093 
vn -0.419889 0 0.907575 
vn -0.515554 0 0.856857 
vn -0.319302 0 0.947653 
vn -0.419889 0 0.907575 
vn -0.21497 0 0.976621 
vn -0.319302 0 0.947653 
vn -0.108119 0 0.994138 
vn -0.21497 0 0.976621 
vn -1 0 1.7074e-16 
vn 1 0 2.00871e-16 
vn 0 1 0 
vn 0 0 -1 
vn 0 -1 0 
vn 1 0 0 
vn 0 1 0 
vn 0 0 -1 
vn -1 0 0 
vn 0 0 1 
vn 0 -1 0 
vn 1 0 0 
vn -1 0 0 
vn 0 -1 0 
vn 0 0 1 
vn 1 0 0 
vn 0 1 0 
usemtl 0.615686_0.811765_0.929412_0.000000_0.000000
o mesh0
f 1//1 2//2 3//2 
f 4//3 1//1 5//4 
f 6//5 4//3 7//6 
f 8//7 6//5 9//8 
f 10//9 8//7 11//10 
f 12//11 10//9 13//12 
f 14//13 12//11 15//14 
f 16//15 14//13 17//16 
f 18//17 16//15 19//18 
f 20//19 18//17 21//20 
f 22//21 20//19 23//22 
f 24//23 22//21 25//24 
f 26//25 24//23 27//26 
f 28//27 26//25 29//28 
f 30//29 28//27 31//30 
f 32//31 30//29 33//32 
f 34//33 32//31 35//34 
f 36//35 34//33 37//36 
f 38//37 36//35 39//38 
f 40//39 38//37 41//40 
f 42//41 40//39 43//42 
f 44//43 42//41 45//44 
f 46//45 44//43 47//46 
f 48//47 46//45 49//48 
f 50//49 48//47 51//50 
f 52//51 50//49 53//52 
f 54//53 52//51 55//54 
f 56//55 54//53 57//56 
f 58//57 56//55 59//58 
f 60//59 58//57 61//60 
f 62//61 60//59 63//62 
f 64//63 62//61 65//64 
f 66//65 64//63 67//66 
f 68//67 66//65 69//68 
f 70//69 68//67 71//70 
f 72//71 70//69 73//72 
f 74//73 72//71 75//74 
f 76//75 74//73 77//76 
f 78//77 76//75 79//78 
f 80//79 78//77 81//80 
f 82//81 80//79 83//82 
f 84//83 82//81 85//84 
f 86//85 84//83 87//86 
f 88//87 86//85 89//88 
f 90//89 88//87 91//90 
f 92//91 90//89 93//92 
f 94//93 92//91 95//94 
f 96//95 94//93 97//96 
f 98//97 96//95 99//98 
f 100//99 98//97 101//100 
f 102//101 100//99 103//102 
f 104//103 102//101 105//104 
f 106//105 104//103 107//106 
f 108//107 106//105 109//108 
f 110//109 108//107 111//110 
f 112//111 110//109 113//112 
f 114//113 112//111 115//114 
f 2//2 114//113 116//113 
f 116//113 3//2 2//2 
f 115//114 116//113 114//113 
f 113//112 115//114 112//111 
f 111//110 113//112 110//109 
f 109//108 111//110 108//107 
f 107//106 109//108 106//105 
f 105//104 107//106 104//103 
f 103//102 105//104 102//101 
f 101//100 103//102 100//99 
f 99//98 101//100 98//97 
f 97//96 99//98 96//95 
f 95//94 97//96 94//93 
f 93//92 95//94 92//91 
f 91//90 93//92 90//89 
f 89//88 91//90 88//87 
f 87//86 89//88 86//85 
f 85//84 87//86 84//83 
f 83//82 85//84 82//81 
f 81//80 83//82 80//79 
f 79//78 81//80 78//77 
f 77//76 79//78 76//75 
f 75//74 77//76 74//73 
f 73//72 75//74 72//71 
f 71//70 73//72 70//69 
f 69//68 71//70 68//67 
f 67//66 69//68 66//65 
f 65//64 67//66 64//63 
f 63//62 65//64 62//61 
f 61//60 63//62 60//59 
f 59//58 61//60 58//57 
f 57//56 59//58 56//55 
f 55//54 57//56 54//53 
f 53//52 55//54 52//51 
f 51//50 53//52 50//49 
f 49//48 51//50 48//47 
f 47//46 49//48 46//45 
f 45//44 47//46 44//43 
f 43//42 45//44 42//41 
f 41//40 43//42 40//39 
f 39//38 41//40 38//37 
f 37//36 39//38 36//35 
f 35//34 37//36 34//33 
f 33//32 35//34 32//31 
f 31//30 33//32 30//29 
f 29//28 31//30 28//27 
f 27//26 29//28 26//25 
f 25//24 27//26 24//23 
f 23//22 25//24 22//21 
f 21//20 23//22 20//19 
f 19//18 21//20 18//17 
f 17//16 19//18 16//15 
f 15//14 17//16 14//13 
f 13//12 15//14 12//11 
f 11//10 13//12 10//9 
f 9//8 11//10 8//7 
f 7//6 9//8 6//5 
f 5//4 7//6 4//3 
f 3//2 5//4 1//1 
o mesh1
f 117//115 88//115 90//115 
f 117//115 118//115 86//115 
f 86//115 88//115 117//115 
f 118//115 119//115 84//115 
f 120//115 121//115 90//115 
f 84//115 86//115 118//115 
f 122//115 94//115 96//115 
f 122//115 120//115 92//115 
f 90//115 121//115 117//115 
f 123//115 82//115 84//115 
f 124//115 98//115 100//115 
f 124//115 125//115 96//115 
f 92//115 94//115 122//115 
f 84//115 119//115 123//115 
f 126//115 80//115 82//115 
f 126//115 127//115 78//115 
f 128//115 100//115 102//115 
f 96//115 98//115 124//115 
f 90//115 92//115 120//115 
f 78//115 80//115 126//115 
f 129//115 76//115 78//115 
f 129//115 130//115 74//115 
f 131//115 38//115 40//115 
f 131//115 132//115 36//115 
f 133//115 104//115 106//115 
f 133//115 134//115 102//115 
f 100//115 128//115 124//115 
f 82//115 123//115 126//115 
f 74//115 76//115 129//115 
f 130//115 135//115 72//115 
f 136//115 40//115 42//115 
f 36//115 38//115 131//115 
f 137//115 34//115 36//115 
f 137//115 138//115 32//115 
f 139//115 30//115 32//115 
f 139//115 140//115 28//115 
f 141//115 12//115 14//115 
f 141//115 142//115 10//115 
f 143//115 106//115 108//115 
f 102//115 104//115 133//115 
f 96//115 125//115 122//115 
f 72//115 74//115 130//115 
f 144//115 70//115 72//115 
f 144//115 145//115 68//115 
f 146//115 60//115 62//115 
f 146//115 147//115 58//115 
f 148//115 56//115 58//115 
f 148//115 149//115 54//115 
f 40//115 136//115 131//115 
f 32//115 34//115 137//115 
f 28//115 30//115 139//115 
f 140//115 150//115 26//115 
f 151//115 152//115 22//115 
f 152//115 153//115 20//115 
f 154//115 14//115 16//115 
f 10//115 12//115 141//115 
f 155//115 114//115 2//115 
f 155//115 156//115 112//115 
f 157//115 110//115 112//115 
f 157//115 158//115 108//115 
f 106//115 143//115 133//115 
f 78//115 127//115 129//115 
f 68//115 70//115 144//115 
f 145//115 159//115 66//115 
f 160//115 64//115 66//115 
f 160//115 161//115 62//115 
f 58//115 60//115 146//115 
f 54//115 56//115 148//115 
f 36//115 132//115 137//115 
f 26//115 28//115 140//115 
f 151//115 24//115 26//115 
f 20//115 22//115 152//115 
f 162//115 18//115 20//115 
f 162//115 163//115 16//115 
f 14//115 154//115 141//115 
f 142//115 164//115 8//115 
f 112//115 114//115 155//115 
f 108//115 110//115 157//115 
f 102//115 134//115 128//115 
f 66//115 68//115 145//115 
f 62//115 64//115 160//115 
f 58//115 147//115 148//115 
f 165//115 52//115 54//115 
f 165//115 166//115 50//115 
f 167//115 48//115 50//115 
f 168//115 46//115 48//115 
f 169//115 44//115 46//115 
f 169//115 170//115 42//115 
f 32//115 138//115 139//115 
f 22//115 24//115 151//115 
f 16//115 18//115 162//115 
f 8//115 10//115 142//115 
f 112//115 156//115 157//115 
f 72//115 135//115 144//115 
f 62//115 161//115 146//115 
f 50//115 52//115 165//115 
f 48//115 167//115 168//115 
f 42//115 44//115 169//115 
f 26//115 150//115 151//115 
f 16//115 163//115 154//115 
f 108//115 158//115 143//115 
f 54//115 149//115 165//115 
f 46//115 168//115 169//115 
f 20//115 153//115 162//115 
f 171//115 6//115 8//115 
f 171//115 172//115 4//115 
f 173//115 1//115 4//115 
f 173//115 174//115 2//115 
f 66//115 159//115 160//115 
f 42//115 170//115 136//115 
f 4//115 6//115 171//115 
f 2//115 1//115 173//115 
f 50//115 166//115 167//115 
f 4//115 172//115 173//115 
f 8//115 164//115 171//115 
f 2//115 174//115 155//115 
o mesh2
f 175//116 176//117 174//117 
f 177//118 175//116 173//119 
f 178//120 177//118 172//121 
f 179//122 178//120 171//123 
f 180//124 179//122 164//125 
f 181//126 180//124 142//127 
f 182//128 181//126 141//129 
f 183//130 182//128 154//131 
f 184//132 183//130 163//133 
f 185//134 184//132 162//135 
f 186//136 185//134 153//137 
f 187//138 186//136 152//139 
f 188//140 187//138 151//141 
f 189//142 188//140 150//143 
f 190//144 189//142 140//145 
f 191//146 190//144 139//147 
f 192//148 191//146 138//149 
f 193//150 192//148 137//151 
f 194//152 193//150 132//153 
f 195//154 194//152 131//155 
f 196//156 195//154 136//157 
f 197//158 196//156 170//159 
f 198//160 197//158 169//161 
f 199//162 198//160 168//163 
f 200//164 199//162 167//165 
f 201//166 200//164 166//167 
f 202//168 201//166 165//169 
f 203//170 202//168 149//171 
f 204//172 203//170 148//173 
f 205//174 204//172 147//175 
f 206//176 205//174 146//177 
f 207//178 206//176 161//179 
f 208//180 207//178 160//181 
f 209//182 208//180 159//183 
f 210//184 209//182 145//185 
f 211//186 210//184 144//187 
f 212//188 211//186 135//189 
f 213//190 212//188 130//191 
f 214//192 213//190 129//193 
f 215//194 214//192 127//195 
f 216//196 215//194 126//197 
f 217//198 216//196 123//199 
f 218//200 217//198 119//201 
f 219//202 218//200 118//203 
f 220//204 219//202 117//205 
f 221//206 220//204 121//207 
f 222//208 221//206 120//209 
f 223//210 222//208 122//211 
f 224//212 223//210 125//213 
f 225//214 224//212 124//215 
f 226//216 225//214 128//217 
f 227//218 226//216 134//219 
f 228//220 227//218 133//221 
f 229//222 228//220 143//223 
f 230//224 229//222 158//225 
f 231//226 230//224 157//227 
f 232//228 231//226 156//229 
f 176//117 232//228 155//228 
f 155//228 174//117 176//117 
f 156//229 155//228 232//228 
f 157//227 156//229 231//226 
f 158//225 157//227 230//224 
f 143//223 158//225 229//222 
f 133//221 143//223 228//220 
f 134//219 133//221 227//218 
f 128//217 134//219 226//216 
f 124//215 128//217 225//214 
f 125//213 124//215 224//212 
f 122//211 125//213 223//210 
f 120//209 122//211 222//208 
f 121//207 120//209 221//206 
f 117//205 121//207 220//204 
f 118//203 117//205 219//202 
f 119//201 118//203 218//200 
f 123//199 119//201 217//198 
f 126//197 123//199 216//196 
f 127//195 126//197 215//194 
f 129//193 127//195 214//192 
f 130//191 129//193 213//190 
f 135//189 130//191 212//188 
f 144//187 135//189 211//186 
f 145//185 144//187 210//184 
f 159//183 145//185 209//182 
f 160//181 159//183 208//180 
f 161//179 160//181 207//178 
f 146//177 161//179 206//176 
f 147//175 146//177 205//174 
f 148//173 147//175 204//172 
f 149//171 148//173 203//170 
f 165//169 149//171 202//168 
f 166//167 165//169 201//166 
f 167//165 166//167 200//164 
f 168//163 167//165 199//162 
f 169//161 168//163 198//160 
f 170//159 169//161 197//158 
f 136//157 170//159 196//156 
f 131//155 136//157 195//154 
f 132//153 131//155 194//152 
f 137//151 132//153 193//150 
f 138//149 137//151 192//148 
f 139//147 138//149 191//146 
f 140//145 139//147 190//144 
f 150//143 140//145 189//142 
f 151//141 150//143 188//140 
f 152//139 151//141 187//138 
f 153//137 152//139 186//136 
f 162//135 153//137 185//134 
f 163//133 162//135 184//132 
f 154//131 163//133 183//130 
f 141//129 154//131 182//128 
f 142//127 141//129 181//126 
f 164//125 142//127 180//124 
f 171//123 164//125 179//122 
f 172//121 171//123 178//120 
f 173//119 172//121 177//118 
f 174//117 173//119 175//116 
o mesh3
f 233//230 234//230 17//230 
f 233//230 3//230 116//230 
f 233//230 11//230 9//230 
f 17//230 234//230 235//230 
f 17//230 15//230 233//230 
f 17//230 236//230 237//230 
f 233//230 5//230 3//230 
f 9//230 7//230 233//230 
f 15//230 13//230 233//230 
f 238//230 239//230 240//230 
f 237//230 241//230 17//230 
f 7//230 5//230 233//230 
f 235//230 236//230 17//230 
f 242//230 243//230 244//230 
f 238//230 245//230 239//230 
f 241//230 246//230 17//230 
f 13//230 11//230 233//230 
f 111//230 243//230 247//230 
f 244//230 248//230 249//230 
f 240//230 250//230 238//230 
f 233//230 115//230 113//230 
f 116//230 115//230 233//230 
f 111//230 251//230 252//230 
f 247//230 253//230 111//230 
f 243//230 242//230 254//230 
f 244//230 255//230 248//230 
f 256//230 238//230 257//230 
f 238//230 258//230 259//230 
f 238//230 260//230 245//230 
f 246//230 256//230 17//230 
f 253//230 251//230 111//230 
f 244//230 249//230 242//230 
f 244//230 261//230 262//230 
f 263//230 25//230 23//230 
f 256//230 264//230 265//230 
f 257//230 266//230 256//230 
f 250//230 258//230 238//230 
f 238//230 267//230 268//230 
f 252//230 233//230 111//230 
f 262//230 255//230 244//230 
f 244//230 269//230 270//230 
f 244//230 271//230 272//230 
f 244//230 273//230 274//230 
f 244//230 275//230 276//230 
f 256//230 21//230 19//230 
f 265//230 263//230 256//230 
f 263//230 29//230 27//230 
f 266//230 277//230 256//230 
f 268//230 260//230 238//230 
f 243//230 111//230 109//230 
f 254//230 247//230 243//230 
f 272//230 269//230 244//230 
f 274//230 278//230 244//230 
f 244//230 279//230 275//230 
f 256//230 23//230 21//230 
f 27//230 25//230 263//230 
f 256//230 280//230 281//230 
f 259//230 257//230 238//230 
f 238//230 282//230 283//230 
f 284//230 285//230 286//230 
f 287//230 41//230 39//230 
f 287//230 47//230 45//230 
f 288//230 289//230 290//230 
f 291//230 292//230 293//230 
f 294//230 243//230 103//230 
f 109//230 107//230 243//230 
f 270//230 261//230 244//230 
f 276//230 273//230 244//230 
f 23//230 256//230 263//230 
f 256//230 295//230 296//230 
f 281//230 297//230 256//230 
f 283//230 267//230 238//230 
f 238//230 298//230 299//230 
f 238//230 300//230 301//230 
f 238//230 286//230 302//230 
f 284//230 303//230 285//230 
f 59//230 304//230 305//230 
f 39//230 37//230 287//230 
f 45//230 43//230 287//230 
f 287//230 51//230 49//230 
f 306//230 307//230 308//230 
f 288//230 309//230 310//230 
f 290//230 311//230 288//230 
f 288//230 291//230 312//230 
f 293//230 313//230 291//230 
f 291//230 314//230 315//230 
f 316//230 317//230 279//230 
f 294//230 99//230 97//230 
f 103//230 101//230 294//230 
f 107//230 105//230 243//230 
f 278//230 271//230 244//230 
f 296//230 264//230 256//230 
f 277//230 280//230 256//230 
f 301//230 298//230 238//230 
f 286//230 238//230 284//230 
f 59//230 318//230 319//230 
f 59//230 320//230 321//230 
f 59//230 322//230 304//230 
f 43//230 41//230 287//230 
f 287//230 53//230 51//230 
f 287//230 57//230 55//230 
f 57//230 287//230 323//230 
f 308//230 324//230 306//230 
f 306//230 325//230 326//230 
f 288//230 327//230 309//230 
f 288//230 328//230 329//230 
f 312//230 289//230 288//230 
f 315//230 292//230 291//230 
f 243//230 330//230 331//230 
f 317//230 332//230 279//230 
f 317//230 333//230 334//230 
f 101//230 99//230 294//230 
f 113//230 111//230 233//230 
f 297//230 295//230 256//230 
f 302//230 300//230 238//230 
f 335//230 61//230 59//230 
f 321//230 318//230 59//230 
f 305//230 336//230 59//230 
f 49//230 47//230 287//230 
f 323//230 59//230 57//230 
f 324//230 337//230 306//230 
f 326//230 338//230 306//230 
f 339//230 306//230 340//230 
f 329//230 327//230 288//230 
f 313//230 312//230 291//230 
f 243//230 341//230 330//230 
f 317//230 342//230 332//230 
f 334//230 343//230 317//230 
f 317//230 344//230 345//230 
f 317//230 346//230 347//230 
f 294//230 73//230 71//230 
f 294//230 77//230 75//230 
f 294//230 81//230 79//230 
f 294//230 85//230 83//230 
f 294//230 89//230 87//230 
f 105//230 103//230 243//230 
f 299//230 282//230 238//230 
f 263//230 33//230 31//230 
f 33//230 263//230 287//230 
f 59//230 348//230 349//230 
f 336//230 320//230 59//230 
f 59//230 323//230 350//230 
f 55//230 53//230 287//230 
f 340//230 63//230 61//230 
f 338//230 307//230 306//230 
f 340//230 351//230 339//230 
f 288//230 352//230 353//230 
f 288//230 354//230 355//230 
f 311//230 328//230 288//230 
f 291//230 356//230 357//230 
f 291//230 358//230 359//230 
f 291//230 331//230 360//230 
f 243//230 361//230 341//230 
f 317//230 362//230 342//230 
f 345//230 333//230 317//230 
f 317//230 363//230 364//230 
f 317//230 365//230 366//230 
f 317//230 367//230 368//230 
f 317//230 369//230 346//230 
f 238//230 370//230 371//230 
f 75//230 73//230 294//230 
f 83//230 81//230 294//230 
f 294//230 91//230 89//230 
f 294//230 95//230 93//230 
f 19//230 17//230 256//230 
f 287//230 35//230 33//230 
f 319//230 348//230 59//230 
f 37//230 35//230 287//230 
f 340//230 65//230 63//230 
f 306//230 372//230 373//230 
f 306//230 374//230 375//230 
f 339//230 325//230 306//230 
f 340//230 335//230 376//230 
f 294//230 377//230 378//230 
f 288//230 379//230 352//230 
f 310//230 354//230 288//230 
f 359//230 356//230 291//230 
f 331//230 291//230 243//230 
f 243//230 380//230 381//230 
f 243//230 294//230 382//230 
f 294//230 383//230 384//230 
f 343//230 362//230 317//230 
f 366//230 363//230 317//230 
f 347//230 367//230 317//230 
f 371//230 317//230 238//230 
f 238//230 385//230 386//230 
f 79//230 77//230 294//230 
f 93//230 91//230 294//230 
f 31//230 29//230 263//230 
f 350//230 322//230 59//230 
f 340//230 67//230 65//230 
f 340//230 71//230 69//230 
f 375//230 372//230 306//230 
f 376//230 351//230 340//230 
f 294//230 387//230 388//230 
f 378//230 389//230 294//230 
f 288//230 390//230 379//230 
f 288//230 391//230 392//230 
f 357//230 314//230 291//230 
f 381//230 361//230 243//230 
f 243//230 393//230 394//230 
f 382//230 395//230 243//230 
f 294//230 396//230 383//230 
f 294//230 397//230 398//230 
f 364//230 344//230 317//230 
f 371//230 369//230 317//230 
f 238//230 399//230 400//230 
f 238//230 401//230 402//230 
f 238//230 403//230 404//230 
f 386//230 405//230 238//230 
f 87//230 85//230 294//230 
f 59//230 349//230 335//230 
f 69//230 67//230 340//230 
f 337//230 374//230 306//230 
f 294//230 406//230 407//230 
f 389//230 387//230 294//230 
f 294//230 408//230 409//230 
f 294//230 410//230 411//230 
f 392//230 390//230 288//230 
f 360//230 358//230 291//230 
f 395//230 393//230 243//230 
f 384//230 412//230 294//230 
f 294//230 413//230 397//230 
f 368//230 365//230 317//230 
f 402//230 399//230 238//230 
f 405//230 403//230 238//230 
f 238//230 256//230 414//230 
f 97//230 95//230 294//230 
f 373//230 303//230 306//230 
f 388//230 406//230 294//230 
f 411//230 408//230 294//230 
f 353//230 294//230 288//230 
f 394//230 380//230 243//230 
f 398//230 396//230 294//230 
f 400//230 370//230 238//230 
f 414//230 385//230 238//230 
f 306//230 303//230 284//230 
f 61//230 335//230 340//230 
f 409//230 377//230 294//230 
f 288//230 415//230 391//230 
f 288//230 416//230 417//230 
f 412//230 382//230 294//230 
f 404//230 401//230 238//230 
f 71//230 340//230 294//230 
f 353//230 410//230 294//230 
f 355//230 416//230 288//230 
f 284//230 418//230 306//230 
f 417//230 415//230 288//230 
f 407//230 413//230 294//230 
f 279//230 244//230 316//230 
o mesh4
f 306//231 418//231 419//231 
f 418//231 420//231 419//231 
f 419//231 421//231 306//231 
o mesh5
f 422//232 420//232 418//232 
f 418//232 284//232 422//232 
o mesh6
f 422//231 284//231 238//231 
f 238//231 423//231 422//231 
o mesh7
f 424//231 425//231 294//231 
f 294//231 340//231 424//231 
o mesh8
f 421//233 424//233 340//233 
f 340//233 306//233 421//233 
o mesh9
f 426//234 427//234 244//234 
f 244//234 243//234 426//234 
o mesh10
f 428//235 429//236 263//236 
f 430//237 428//235 265//238 
f 431//239 430//237 264//240 
f 432//241 431//239 296//242 
f 433//243 432//241 295//244 
f 434//245 433//243 297//246 
f 435//247 434//245 281//248 
f 436//249 435//247 280//250 
f 437//251 436//249 277//252 
f 438//253 437//251 266//254 
f 439//255 438//253 257//256 
f 440//257 439//255 259//258 
f 441//259 440//257 258//260 
f 442//261 441//259 250//262 
f 443//263 442//261 240//264 
f 444//265 443//263 239//266 
f 445//267 444//265 245//268 
f 446//269 445//267 260//270 
f 447//271 446//269 268//272 
f 448//273 447//271 267//274 
f 449//275 448//273 283//276 
f 450//277 449//275 282//278 
f 451//279 450//277 299//280 
f 452//281 451//279 298//282 
f 453//283 452//281 301//284 
f 454//285 453//283 300//286 
f 455//287 454//285 302//288 
f 456//289 455//287 286//290 
f 457//291 456//289 285//292 
f 458//293 457//291 303//294 
f 459//295 458//293 373//296 
f 460//297 459//295 372//298 
f 461//299 460//297 375//300 
f 462//301 461//299 374//302 
f 463//303 462//301 337//304 
f 464//305 463//303 324//306 
f 465//307 464//305 308//308 
f 466//309 465//307 307//310 
f 467//311 466//309 338//312 
f 468//313 467//311 326//314 
f 469//315 468//313 325//316 
f 470//317 469//315 339//318 
f 471//319 470//317 351//320 
f 472//321 471//319 376//322 
f 473//323 472//321 335//324 
f 474//325 473//323 349//326 
f 475//327 474//325 348//328 
f 476//329 475//327 319//330 
f 477//331 476//329 318//332 
f 478//333 477//331 321//334 
f 479//335 478//333 320//336 
f 480//337 479//335 336//338 
f 481//339 480//337 305//340 
f 482//341 481//339 304//342 
f 483//343 482//341 322//344 
f 484//345 483//343 350//346 
f 485//347 484//345 323//348 
f 429//236 485//347 287//347 
f 287//347 263//236 429//236 
f 323//348 287//347 485//347 
f 350//346 323//348 484//345 
f 322//344 350//346 483//343 
f 304//342 322//344 482//341 
f 305//340 304//342 481//339 
f 336//338 305//340 480//337 
f 320//336 336//338 479//335 
f 321//334 320//336 478//333 
f 318//332 321//334 477//331 
f 319//330 318//332 476//329 
f 348//328 319//330 475//327 
f 349//326 348//328 474//325 
f 335//324 349//326 473//323 
f 376//322 335//324 472//321 
f 351//320 376//322 471//319 
f 339//318 351//320 470//317 
f 325//316 339//318 469//315 
f 326//314 325//316 468//313 
f 338//312 326//314 467//311 
f 307//310 338//312 466//309 
f 308//308 307//310 465//307 
f 324//306 308//308 464//305 
f 337//304 324//306 463//303 
f 374//302 337//304 462//301 
f 375//300 374//302 461//299 
f 372//298 375//300 460//297 
f 373//296 372//298 459//295 
f 303//294 373//296 458//293 
f 285//292 303//294 457//291 
f 286//290 285//292 456//289 
f 302//288 286//290 455//287 
f 300//286 302//288 454//285 
f 301//284 300//286 453//283 
f 298//282 301//284 452//281 
f 299//280 298//282 451//279 
f 282//278 299//280 450//277 
f 283//276 282//278 449//275 
f 267//274 283//276 448//273 
f 268//272 267//274 447//271 
f 260//270 268//272 446//269 
f 245//268 260//270 445//267 
f 239//266 245//268 444//265 
f 240//264 239//266 443//263 
f 250//262 240//264 442//261 
f 258//260 250//262 441//259 
f 259//258 258//260 440//257 
f 257//256 259//258 439//255 
f 266//254 257//256 438//253 
f 277//252 266//254 437//251 
f 280//250 277//252 436//249 
f 281//248 280//250 435//247 
f 297//246 281//248 434//245 
f 295//244 297//246 433//243 
f 296//242 295//244 432//241 
f 264//240 296//242 431//239 
f 265//238 264//240 430//237 
f 263//236 265//238 428//235 
o mesh11
f 486//349 487//350 332//350 
f 488//351 486//349 342//352 
f 489//353 488//351 362//354 
f 490//355 489//353 343//356 
f 491//357 490//355 334//358 
f 492//359 491//357 333//360 
f 493//361 492//359 345//362 
f 494//363 493//361 344//364 
f 495//365 494//363 364//366 
f 496//367 495//365 363//368 
f 497//369 496//367 366//370 
f 498//371 497//369 365//372 
f 499//373 498//371 368//374 
f 500//375 499//373 367//376 
f 501//377 500//375 347//378 
f 502//379 501//377 346//380 
f 503//381 502//379 369//382 
f 504//383 503//381 371//384 
f 505//385 504//383 370//386 
f 506//387 505//385 400//388 
f 507//389 506//387 399//390 
f 508//391 507//389 402//392 
f 509//393 508//391 401//394 
f 510//395 509//393 404//396 
f 511//397 510//395 403//398 
f 512//399 511//397 405//400 
f 513//401 512//399 386//402 
f 514//403 513//401 385//404 
f 515//405 514//403 414//406 
f 516//407 515//405 256//408 
f 517//409 516//407 246//410 
f 518//411 517//409 241//412 
f 519//413 518//411 237//414 
f 520//415 519//413 236//416 
f 521//417 520//415 235//418 
f 522//419 521//417 234//420 
f 523//421 522//419 233//422 
f 524//423 523//421 252//424 
f 525//425 524//423 251//426 
f 526//427 525//425 253//428 
f 527//429 526//427 247//430 
f 528//431 527//429 254//432 
f 529//433 528//431 242//434 
f 530//435 529//433 249//436 
f 531//437 530//435 248//438 
f 532//439 531//437 255//440 
f 533//441 532//439 262//442 
f 534//443 533//441 261//444 
f 535//445 534//443 270//446 
f 536//447 535//445 269//448 
f 537//449 536//447 272//450 
f 538//451 537//449 271//452 
f 539//453 538//451 278//454 
f 540//455 539//453 274//456 
f 541//457 540//455 273//458 
f 542//459 541//457 276//460 
f 543//461 542//459 275//462 
f 487//350 543//461 279//461 
f 279//461 332//350 487//350 
f 275//462 279//461 543//461 
f 276//460 275//462 542//459 
f 273//458 276//460 541//457 
f 274//456 273//458 540//455 
f 278//454 274//456 539//453 
f 271//452 278//454 538//451 
f 272//450 271//452 537//449 
f 269//448 272//450 536//447 
f 270//446 269//448 535//445 
f 261//444 270//446 534//443 
f 262//442 261//444 533//441 
f 255//440 262//442 532//439 
f 248//438 255//440 531//437 
f 249//436 248//438 530//435 
f 242//434 249//436 529//433 
f 254//432 242//434 528//431 
f 247//430 254//432 527//429 
f 253//428 247//430 526//427 
f 251//426 253//428 525//425 
f 252//424 251//426 524//423 
f 233//422 252//424 523//421 
f 234//420 233//422 522//419 
f 235//418 234//420 521//417 
f 236//416 235//418 520//415 
f 237//414 236//416 519//413 
f 241//412 237//414 518//411 
f 246//410 241//412 517//409 
f 256//408 246//410 516//407 
f 414//406 256//408 515//405 
f 385//404 414//406 514//403 
f 386//402 385//404 513//401 
f 405//400 386//402 512//399 
f 403//398 405//400 511//397 
f 404//396 403//398 510//395 
f 401//394 404//396 509//393 
f 402//392 401//394 508//391 
f 399//390 402//392 507//389 
f 400//388 399//390 506//387 
f 370//386 400//388 505//385 
f 371//384 370//386 504//383 
f 369//382 371//384 503//381 
f 346//380 369//382 502//379 
f 347//378 346//380 501//377 
f 367//376 347//378 500//375 
f 368//374 367//376 499//373 
f 365//372 368//374 498//371 
f 366//370 365//372 497//369 
f 363//368 366//370 496//367 
f 364//366 363//368 495//365 
f 344//364 364//366 494//363 
f 345//362 344//364 493//361 
f 333//360 345//362 492//359 
f 334//358 333//360 491//357 
f 343//356 334//358 490//355 
f 362//354 343//356 489//353 
f 342//352 362//354 488//351 
f 332//350 342//352 486//349 
o mesh12
f 544//463 545//464 290//464 
f 546//465 544//463 289//466 
f 547//467 546//465 312//468 
f 548//469 547//467 313//470 
f 549//471 548//469 293//472 
f 550//473 549//471 292//474 
f 551//475 550//473 315//476 
f 552//477 551//475 314//478 
f 553//479 552//477 357//480 
f 554//481 553//479 356//482 
f 555//483 554//481 359//484 
f 556//485 555//483 358//486 
f 557//487 556//485 360//488 
f 558//489 557//487 331//490 
f 559//491 558//489 330//492 
f 560//493 559//491 341//494 
f 561//495 560//493 361//496 
f 562//497 561//495 381//498 
f 563//499 562//497 380//500 
f 564//501 563//499 394//502 
f 565//503 564//501 393//504 
f 566//505 565//503 395//506 
f 567//507 566//505 382//508 
f 568//509 567//507 412//510 
f 569//511 568//509 384//512 
f 570//513 569//511 383//514 
f 571//515 570//513 396//516 
f 572//517 571//515 398//518 
f 573//519 572//517 397//520 
f 574//521 573//519 413//522 
f 575//523 574//521 407//524 
f 576//525 575//523 406//526 
f 577//527 576//525 388//528 
f 578//529 577//527 387//530 
f 579//531 578//529 389//532 
f 580//533 579//531 378//534 
f 581//535 580//533 377//536 
f 582//537 581//535 409//538 
f 583//539 582//537 408//540 
f 584//541 583//539 411//542 
f 585//543 584//541 410//544 
f 586//545 585//543 353//546 
f 587//547 586//545 352//548 
f 588//549 587//547 379//550 
f 589//551 588//549 390//552 
f 590//553 589//551 392//554 
f 591//555 590//553 391//556 
f 592//557 591//555 415//558 
f 593//559 592//557 417//560 
f 594//561 593//559 416//562 
f 595//563 594//561 355//564 
f 596//565 595//563 354//566 
f 597//567 596//565 310//568 
f 598//569 597//567 309//570 
f 599//571 598//569 327//572 
f 600//573 599//571 329//574 
f 601//575 600//573 328//576 
f 545//464 601//575 311//575 
f 311//575 290//464 545//464 
f 328//576 311//575 601//575 
f 329//574 328//576 600//573 
f 327//572 329//574 599//571 
f 309//570 327//572 598//569 
f 310//568 309//570 597//567 
f 354//566 310//568 596//565 
f 355//564 354//566 595//563 
f 416//562 355//564 594//561 
f 417//560 416//562 593//559 
f 415//558 417//560 592//557 
f 391//556 415//558 591//555 
f 392//554 391//556 590//553 
f 390//552 392//554 589//551 
f 379//550 390//552 588//549 
f 352//548 379//550 587//547 
f 353//546 352//548 586//545 
f 410//544 353//546 585//543 
f 411//542 410//544 584//541 
f 408//540 411//542 583//539 
f 409//538 408//540 582//537 
f 377//536 409//538 581//535 
f 378//534 377//536 580//533 
f 389//532 378//534 579//531 
f 387//530 389//532 578//529 
f 388//528 387//530 577//527 
f 406//526 388//528 576//525 
f 407//524 406//526 575//523 
f 413//522 407//524 574//521 
f 397//520 413//522 573//519 
f 398//518 397//520 572//517 
f 396//516 398//518 571//515 
f 383//514 396//516 570//513 
f 384//512 383//514 569//511 
f 412//510 384//512 568//509 
f 382//508 412//510 567//507 
f 395//506 382//508 566//505 
f 393//504 395//506 565//503 
f 394//502 393//504 564//501 
f 380//500 394//502 563//499 
f 381//498 380//500 562//497 
f 361//496 381//498 561//495 
f 341//494 361//496 560//493 
f 330//492 341//494 559//491 
f 331//490 330//492 558//489 
f 360//488 331//490 557//487 
f 358//486 360//488 556//485 
f 359//484 358//486 555//483 
f 356//482 359//484 554//481 
f 357//480 356//482 553//479 
f 314//478 357//480 552//477 
f 315//476 314//478 551//475 
f 292//474 315//476 550//473 
f 293//472 292//474 549//471 
f 313//470 293//472 548//469 
f 312//468 313//470 547//467 
f 289//466 312//468 546//465 
f 290//464 289//466 544//463 
o mesh13
f 602//577 443//577 444//577 
f 602//577 603//577 442//577 
f 604//577 472//577 473//577 
f 604//577 605//577 471//577 
f 606//577 463//577 464//577 
f 606//577 607//577 462//577 
f 442//577 443//577 602//577 
f 603//577 608//577 441//577 
f 609//577 480//577 481//577 
f 609//577 610//577 479//577 
f 471//577 472//577 604//577 
f 605//577 611//577 470//577 
f 612//577 467//577 468//577 
f 612//577 613//577 466//577 
f 614//577 464//577 465//577 
f 462//577 463//577 606//577 
f 615//577 616//577 444//577 
f 441//577 442//577 603//577 
f 479//577 480//577 609//577 
f 610//577 617//577 478//577 
f 618//577 477//577 478//577 
f 619//577 476//577 477//577 
f 620//577 475//577 476//577 
f 620//577 621//577 474//577 
f 621//577 622//577 473//577 
f 470//577 471//577 605//577 
f 623//577 469//577 470//577 
f 623//577 624//577 468//577 
f 466//577 467//577 612//577 
f 613//577 625//577 465//577 
f 464//577 614//577 606//577 
f 607//577 626//577 461//577 
f 627//577 446//577 447//577 
f 627//577 615//577 445//577 
f 444//577 616//577 602//577 
f 628//577 440//577 441//577 
f 629//577 481//577 482//577 
f 478//577 479//577 610//577 
f 477//577 618//577 619//577 
f 474//577 475//577 620//577 
f 473//577 622//577 604//577 
f 468//577 469//577 623//577 
f 465//577 466//577 613//577 
f 461//577 462//577 607//577 
f 630//577 458//577 459//577 
f 630//577 631//577 457//577 
f 632//577 456//577 457//577 
f 632//577 633//577 455//577 
f 445//577 446//577 627//577 
f 441//577 608//577 628//577 
f 634//577 439//577 440//577 
f 634//577 635//577 438//577 
f 636//577 485//577 429//577 
f 636//577 637//577 484//577 
f 638//577 483//577 484//577 
f 638//577 639//577 482//577 
f 481//577 629//577 609//577 
f 476//577 619//577 620//577 
f 470//577 611//577 623//577 
f 465//577 625//577 614//577 
f 640//577 460//577 461//577 
f 640//577 641//577 459//577 
f 457//577 458//577 630//577 
f 455//577 456//577 632//577 
f 642//577 448//577 449//577 
f 642//577 643//577 447//577 
f 444//577 445//577 615//577 
f 438//577 439//577 634//577 
f 644//577 437//577 438//577 
f 644//577 645//577 436//577 
f 484//577 485//577 636//577 
f 482//577 483//577 638//577 
f 478//577 617//577 618//577 
f 468//577 624//577 612//577 
f 459//577 460//577 640//577 
f 457//577 631//577 632//577 
f 646//577 454//577 455//577 
f 646//577 647//577 453//577 
f 447//577 448//577 642//577 
f 440//577 628//577 634//577 
f 436//577 437//577 644//577 
f 645//577 648//577 435//577 
f 649//577 434//577 435//577 
f 649//577 650//577 433//577 
f 484//577 637//577 638//577 
f 473//577 474//577 621//577 
f 459//577 641//577 630//577 
f 453//577 454//577 646//577 
f 651//577 452//577 453//577 
f 652//577 451//577 452//577 
f 653//577 450//577 451//577 
f 653//577 654//577 449//577 
f 447//577 643//577 627//577 
f 435//577 436//577 645//577 
f 433//577 434//577 649//577 
f 650//577 655//577 432//577 
f 656//577 431//577 432//577 
f 656//577 657//577 430//577 
f 658//577 428//577 430//577 
f 658//577 659//577 429//577 
f 482//577 639//577 629//577 
f 455//577 633//577 646//577 
f 452//577 651//577 652//577 
f 449//577 450//577 653//577 
f 438//577 635//577 644//577 
f 432//577 433//577 650//577 
f 430//577 431//577 656//577 
f 429//577 428//577 658//577 
f 461//577 626//577 640//577 
f 451//577 652//577 653//577 
f 435//577 648//577 649//577 
f 430//577 657//577 658//577 
f 453//577 647//577 651//577 
f 432//577 655//577 656//577 
f 449//577 654//577 642//577 
f 429//577 659//577 636//577 
o mesh14
f 660//578 661//579 659//579 
f 662//580 660//578 658//581 
f 663//582 662//580 657//583 
f 664//584 663//582 656//585 
f 665//586 664//584 655//587 
f 666//588 665//586 650//589 
f 667//590 666//588 649//591 
f 668//592 667//590 648//593 
f 669//594 668//592 645//595 
f 670//596 669//594 644//597 
f 671//598 670//596 635//599 
f 672//600 671//598 634//601 
f 673//602 672//600 628//603 
f 674//604 673//602 608//605 
f 675//606 674//604 603//607 
f 676//608 675//606 602//609 
f 677//610 676//608 616//611 
f 678//612 677//610 615//613 
f 679//614 678//612 627//615 
f 680//616 679//614 643//617 
f 681//618 680//616 642//619 
f 682//620 681//618 654//621 
f 683//622 682//620 653//623 
f 684//624 683//622 652//625 
f 685//626 684//624 651//627 
f 686//628 685//626 647//629 
f 687//630 686//628 646//631 
f 688//632 687//630 633//633 
f 689//634 688//632 632//635 
f 690//636 689//634 631//637 
f 691//638 690//636 630//639 
f 692//640 691//638 641//641 
f 693//642 692//640 640//643 
f 694//644 693//642 626//645 
f 695//646 694//644 607//647 
f 696//648 695//646 606//649 
f 697//650 696//648 614//651 
f 698//652 697//650 625//653 
f 699//654 698//652 613//655 
f 700//656 699//654 612//657 
f 701//658 700//656 624//659 
f 702//660 701//658 623//661 
f 703//662 702//660 611//663 
f 704//664 703//662 605//665 
f 705//666 704//664 604//667 
f 706//668 705//666 622//669 
f 707//670 706//668 621//671 
f 708//672 707//670 620//673 
f 709//674 708//672 619//675 
f 710//676 709//674 618//677 
f 711//678 710//676 617//679 
f 712//680 711//678 610//681 
f 713//682 712//680 609//683 
f 714//684 713//682 629//685 
f 715//686 714//684 639//687 
f 716//688 715//686 638//689 
f 717//690 716//688 637//691 
f 661//579 717//690 636//690 
f 636//690 659//579 661//579 
f 637//691 636//690 717//690 
f 638//689 637//691 716//688 
f 639//687 638//689 715//686 
f 629//685 639//687 714//684 
f 609//683 629//685 713//682 
f 610//681 609//683 712//680 
f 617//679 610//681 711//678 
f 618//677 617//679 710//676 
f 619//675 618//677 709//674 
f 620//673 619//675 708//672 
f 621//671 620//673 707//670 
f 622//669 621//671 706//668 
f 604//667 622//669 705//666 
f 605//665 604//667 704//664 
f 611//663 605//665 703//662 
f 623//661 611//663 702//660 
f 624//659 623//661 701//658 
f 612//657 624//659 700//656 
f 613//655 612//657 699//654 
f 625//653 613//655 698//652 
f 614//651 625//653 697//650 
f 606//649 614//651 696//648 
f 607//647 606//649 695//646 
f 626//645 607//647 694//644 
f 640//643 626//645 693//642 
f 641//641 640//643 692//640 
f 630//639 641//641 691//638 
f 631//637 630//639 690//636 
f 632//635 631//637 689//634 
f 633//633 632//635 688//632 
f 646//631 633//633 687//630 
f 647//629 646//631 686//628 
f 651//627 647//629 685//626 
f 652//625 651//627 684//624 
f 653//623 652//625 683//622 
f 654//621 653//623 682//620 
f 642//619 654//621 681//618 
f 643//617 642//619 680//616 
f 627//615 643//617 679//614 
f 615//613 627//615 678//612 
f 616//611 615//613 677//610 
f 602//609 616//611 676//608 
f 603//607 602//609 675//606 
f 608//605 603//607 674//604 
f 628//603 608//605 673//602 
f 634//601 628//603 672//600 
f 635//599 634//601 671//598 
f 644//597 635//599 670//596 
f 645//595 644//597 669//594 
f 648//593 645//595 668//592 
f 649//591 648//593 667//590 
f 650//589 649//591 666//588 
f 655//587 650//589 665//586 
f 656//585 655//587 664//584 
f 657//583 656//585 663//582 
f 658//581 657//583 662//580 
f 659//579 658//581 660//578 
o mesh15
f 718//692 719//692 543//692 
f 719//692 720//692 542//692 
f 721//692 541//692 542//692 
f 721//692 722//692 540//692 
f 723//692 539//692 540//692 
f 723//692 724//692 538//692 
f 725//692 530//692 531//692 
f 725//692 726//692 529//692 
f 542//692 543//692 719//692 
f 540//692 541//692 721//692 
f 538//692 539//692 723//692 
f 724//692 727//692 537//692 
f 728//692 536//692 537//692 
f 728//692 729//692 535//692 
f 729//692 730//692 534//692 
f 730//692 731//692 533//692 
f 732//692 532//692 533//692 
f 732//692 733//692 531//692 
f 529//692 530//692 725//692 
f 726//692 734//692 528//692 
f 735//692 515//692 516//692 
f 735//692 736//692 514//692 
f 542//692 720//692 721//692 
f 537//692 538//692 724//692 
f 535//692 536//692 728//692 
f 533//692 534//692 730//692 
f 531//692 532//692 732//692 
f 528//692 529//692 726//692 
f 737//692 527//692 528//692 
f 737//692 738//692 526//692 
f 739//692 520//692 521//692 
f 739//692 740//692 519//692 
f 741//692 518//692 519//692 
f 741//692 742//692 517//692 
f 743//692 516//692 517//692 
f 514//692 515//692 735//692 
f 744//692 513//692 514//692 
f 745//692 512//692 513//692 
f 746//692 510//692 511//692 
f 746//692 747//692 509//692 
f 540//692 722//692 723//692 
f 534//692 535//692 729//692 
f 531//692 733//692 725//692 
f 526//692 527//692 737//692 
f 748//692 525//692 526//692 
f 749//692 524//692 525//692 
f 750//692 523//692 524//692 
f 750//692 751//692 522//692 
f 752//692 521//692 522//692 
f 519//692 520//692 739//692 
f 517//692 518//692 741//692 
f 516//692 743//692 735//692 
f 513//692 744//692 745//692 
f 745//692 753//692 511//692 
f 509//692 510//692 746//692 
f 747//692 754//692 508//692 
f 537//692 727//692 728//692 
f 528//692 734//692 737//692 
f 525//692 748//692 749//692 
f 522//692 523//692 750//692 
f 521//692 752//692 739//692 
f 517//692 742//692 743//692 
f 511//692 512//692 745//692 
f 508//692 509//692 747//692 
f 755//692 501//692 502//692 
f 755//692 756//692 500//692 
f 533//692 731//692 732//692 
f 524//692 749//692 750//692 
f 519//692 740//692 741//692 
f 511//692 753//692 746//692 
f 757//692 507//692 508//692 
f 757//692 758//692 506//692 
f 758//692 759//692 505//692 
f 759//692 760//692 504//692 
f 761//692 503//692 504//692 
f 761//692 762//692 502//692 
f 500//692 501//692 755//692 
f 756//692 763//692 499//692 
f 526//692 738//692 748//692 
f 514//692 736//692 744//692 
f 506//692 507//692 757//692 
f 504//692 505//692 759//692 
f 502//692 503//692 761//692 
f 499//692 500//692 756//692 
f 764//692 498//692 499//692 
f 764//692 765//692 497//692 
f 766//692 490//692 491//692 
f 766//692 767//692 489//692 
f 522//692 751//692 752//692 
f 505//692 506//692 758//692 
f 502//692 762//692 755//692 
f 497//692 498//692 764//692 
f 768//692 496//692 497//692 
f 769//692 495//692 496//692 
f 770//692 494//692 495//692 
f 770//692 771//692 493//692 
f 772//692 492//692 493//692 
f 773//692 491//692 492//692 
f 489//692 490//692 766//692 
f 767//692 774//692 488//692 
f 508//692 754//692 757//692 
f 499//692 763//692 764//692 
f 496//692 768//692 769//692 
f 493//692 494//692 770//692 
f 492//692 772//692 773//692 
f 488//692 489//692 767//692 
f 775//692 486//692 488//692 
f 718//692 487//692 486//692 
f 504//692 760//692 761//692 
f 495//692 769//692 770//692 
f 491//692 773//692 766//692 
f 486//692 775//692 718//692 
f 497//692 765//692 768//692 
f 488//692 774//692 775//692 
f 493//692 771//692 772//692 
f 543//692 487//692 718//692 
o mesh16
f 776//693 777//694 718//694 
f 778//695 776//693 775//696 
f 779//697 778//695 774//698 
f 780//699 779//697 767//700 
f 781//701 780//699 766//702 
f 782//703 781//701 773//704 
f 783//705 782//703 772//706 
f 784//707 783//705 771//708 
f 785//709 784//707 770//710 
f 786//711 785//709 769//712 
f 787//713 786//711 768//714 
f 788//715 787//713 765//716 
f 789//717 788//715 764//718 
f 790//719 789//717 763//720 
f 791//721 790//719 756//722 
f 792//723 791//721 755//724 
f 793//725 792//723 762//726 
f 794//727 793//725 761//728 
f 795//729 794//727 760//730 
f 796//731 795//729 759//732 
f 797//733 796//731 758//734 
f 798//735 797//733 757//736 
f 799//737 798//735 754//738 
f 800//739 799//737 747//740 
f 801//741 800//739 746//742 
f 802//743 801//741 753//744 
f 803//745 802//743 745//746 
f 804//747 803//745 744//748 
f 805//749 804//747 736//750 
f 806//751 805//749 735//752 
f 807//753 806//751 743//754 
f 808//755 807//753 742//756 
f 809//757 808//755 741//758 
f 810//759 809//757 740//760 
f 811//761 810//759 739//762 
f 812//763 811//761 752//764 
f 813//765 812//763 751//766 
f 814//767 813//765 750//768 
f 815//769 814//767 749//770 
f 816//771 815//769 748//772 
f 817//773 816//771 738//774 
f 818//775 817//773 737//776 
f 819//777 818//775 734//778 
f 820//779 819//777 726//780 
f 821//781 820//779 725//782 
f 822//783 821//781 733//784 
f 823//785 822//783 732//786 
f 824//787 823//785 731//788 
f 825//789 824//787 730//790 
f 826//791 825//789 729//792 
f 827//793 826//791 728//794 
f 828//795 827//793 727//796 
f 829//797 828//795 724//798 
f 830//799 829//797 723//800 
f 831//801 830//799 722//802 
f 832//803 831//801 721//804 
f 833//805 832//803 720//806 
f 777//694 833//805 719//805 
f 719//805 718//694 777//694 
f 720//806 719//805 833//805 
f 721//804 720//806 832//803 
f 722//802 721//804 831//801 
f 723//800 722//802 830//799 
f 724//798 723//800 829//797 
f 727//796 724//798 828//795 
f 728//794 727//796 827//793 
f 729//792 728//794 826//791 
f 730//790 729//792 825//789 
f 731//788 730//790 824//787 
f 732//786 731//788 823//785 
f 733//784 732//786 822//783 
f 725//782 733//784 821//781 
f 726//780 725//782 820//779 
f 734//778 726//780 819//777 
f 737//776 734//778 818//775 
f 738//774 737//776 817//773 
f 748//772 738//774 816//771 
f 749//770 748//772 815//769 
f 750//768 749//770 814//767 
f 751//766 750//768 813//765 
f 752//764 751//766 812//763 
f 739//762 752//764 811//761 
f 740//760 739//762 810//759 
f 741//758 740//760 809//757 
f 742//756 741//758 808//755 
f 743//754 742//756 807//753 
f 735//752 743//754 806//751 
f 736//750 735//752 805//749 
f 744//748 736//750 804//747 
f 745//746 744//748 803//745 
f 753//744 745//746 802//743 
f 746//742 753//744 801//741 
f 747//740 746//742 800//739 
f 754//738 747//740 799//737 
f 757//736 754//738 798//735 
f 758//734 757//736 797//733 
f 759//732 758//734 796//731 
f 760//730 759//732 795//729 
f 761//728 760//730 794//727 
f 762//726 761//728 793//725 
f 755//724 762//726 792//723 
f 756//722 755//724 791//721 
f 763//720 756//722 790//719 
f 764//718 763//720 789//717 
f 765//716 764//718 788//715 
f 768//714 765//716 787//713 
f 769//712 768//714 786//711 
f 770//710 769//712 785//709 
f 771//708 770//710 784//707 
f 772//706 771//708 783//705 
f 773//704 772//706 782//703 
f 766//702 773//704 781//701 
f 767//700 766//702 780//699 
f 774//698 767//700 779//697 
f 775//696 774//698 778//695 
f 718//694 775//696 776//693 
o mesh17
f 834//807 835//807 601//807 
f 835//807 836//807 600//807 
f 837//807 599//807 600//807 
f 837//807 838//807 598//807 
f 839//807 597//807 598//807 
f 839//807 840//807 596//807 
f 841//807 588//807 589//807 
f 841//807 842//807 587//807 
f 600//807 601//807 835//807 
f 598//807 599//807 837//807 
f 596//807 597//807 839//807 
f 840//807 843//807 595//807 
f 844//807 594//807 595//807 
f 844//807 845//807 593//807 
f 845//807 846//807 592//807 
f 846//807 847//807 591//807 
f 848//807 590//807 591//807 
f 848//807 849//807 589//807 
f 587//807 588//807 841//807 
f 842//807 850//807 586//807 
f 851//807 573//807 574//807 
f 851//807 852//807 572//807 
f 600//807 836//807 837//807 
f 595//807 596//807 840//807 
f 593//807 594//807 844//807 
f 591//807 592//807 846//807 
f 589//807 590//807 848//807 
f 586//807 587//807 842//807 
f 853//807 585//807 586//807 
f 853//807 854//807 584//807 
f 855//807 578//807 579//807 
f 855//807 856//807 577//807 
f 857//807 576//807 577//807 
f 857//807 858//807 575//807 
f 859//807 574//807 575//807 
f 572//807 573//807 851//807 
f 860//807 571//807 572//807 
f 861//807 570//807 571//807 
f 862//807 568//807 569//807 
f 862//807 863//807 567//807 
f 598//807 838//807 839//807 
f 592//807 593//807 845//807 
f 589//807 849//807 841//807 
f 584//807 585//807 853//807 
f 864//807 583//807 584//807 
f 865//807 582//807 583//807 
f 866//807 581//807 582//807 
f 866//807 867//807 580//807 
f 868//807 579//807 580//807 
f 577//807 578//807 855//807 
f 575//807 576//807 857//807 
f 574//807 859//807 851//807 
f 571//807 860//807 861//807 
f 861//807 869//807 569//807 
f 567//807 568//807 862//807 
f 863//807 870//807 566//807 
f 595//807 843//807 844//807 
f 586//807 850//807 853//807 
f 583//807 864//807 865//807 
f 580//807 581//807 866//807 
f 579//807 868//807 855//807 
f 575//807 858//807 859//807 
f 569//807 570//807 861//807 
f 566//807 567//807 863//807 
f 871//807 559//807 560//807 
f 871//807 872//807 558//807 
f 591//807 847//807 848//807 
f 582//807 865//807 866//807 
f 577//807 856//807 857//807 
f 569//807 869//807 862//807 
f 873//807 565//807 566//807 
f 873//807 874//807 564//807 
f 874//807 875//807 563//807 
f 875//807 876//807 562//807 
f 877//807 561//807 562//807 
f 877//807 878//807 560//807 
f 558//807 559//807 871//807 
f 872//807 879//807 557//807 
f 584//807 854//807 864//807 
f 572//807 852//807 860//807 
f 564//807 565//807 873//807 
f 562//807 563//807 875//807 
f 560//807 561//807 877//807 
f 557//807 558//807 872//807 
f 880//807 556//807 557//807 
f 880//807 881//807 555//807 
f 882//807 548//807 549//807 
f 882//807 883//807 547//807 
f 580//807 867//807 868//807 
f 563//807 564//807 874//807 
f 560//807 878//807 871//807 
f 555//807 556//807 880//807 
f 884//807 554//807 555//807 
f 885//807 553//807 554//807 
f 886//807 552//807 553//807 
f 886//807 887//807 551//807 
f 888//807 550//807 551//807 
f 889//807 549//807 550//807 
f 547//807 548//807 882//807 
f 883//807 890//807 546//807 
f 566//807 870//807 873//807 
f 557//807 879//807 880//807 
f 554//807 884//807 885//807 
f 551//807 552//807 886//807 
f 550//807 888//807 889//807 
f 546//807 547//807 883//807 
f 891//807 544//807 546//807 
f 834//807 545//807 544//807 
f 562//807 876//807 877//807 
f 553//807 885//807 886//807 
f 549//807 889//807 882//807 
f 544//807 891//807 834//807 
f 555//807 881//807 884//807 
f 546//807 890//807 891//807 
f 551//807 887//807 888//807 
f 601//807 545//807 834//807 
o mesh18
f 892//808 893//809 834//809 
f 894//810 892//808 891//811 
f 895//812 894//810 890//813 
f 896//814 895//812 883//815 
f 897//816 896//814 882//817 
f 898//818 897//816 889//819 
f 899//820 898//818 888//821 
f 900//822 899//820 887//823 
f 901//824 900//822 886//825 
f 902//826 901//824 885//827 
f 903//828 902//826 884//829 
f 904//830 903//828 881//831 
f 905//832 904//830 880//833 
f 906//834 905//832 879//835 
f 907//836 906//834 872//837 
f 908//838 907//836 871//839 
f 909//840 908//838 878//841 
f 910//842 909//840 877//843 
f 911//844 910//842 876//845 
f 912//846 911//844 875//847 
f 913//848 912//846 874//849 
f 914//850 913//848 873//851 
f 915//852 914//850 870//853 
f 916//854 915//852 863//855 
f 917//856 916//854 862//857 
f 918//858 917//856 869//859 
f 919//860 918//858 861//861 
f 920//862 919//860 860//863 
f 921//864 920//862 852//865 
f 922//866 921//864 851//867 
f 923//868 922//866 859//869 
f 924//870 923//868 858//871 
f 925//872 924//870 857//873 
f 926//874 925//872 856//875 
f 927//876 926//874 855//877 
f 928//878 927//876 868//879 
f 929//880 928//878 867//881 
f 930//882 929//880 866//883 
f 931//884 930//882 865//885 
f 932//886 931//884 864//887 
f 933//888 932//886 854//889 
f 934//890 933//888 853//891 
f 935//892 934//890 850//893 
f 936//894 935//892 842//895 
f 937//896 936//894 841//897 
f 938//898 937//896 849//899 
f 939//900 938//898 848//901 
f 940//902 939//900 847//903 
f 941//904 940//902 846//905 
f 942//906 941//904 845//907 
f 943//908 942//906 844//909 
f 944//910 943//908 843//911 
f 945//912 944//910 840//913 
f 946//914 945//912 839//915 
f 947//916 946//914 838//917 
f 948//918 947//916 837//919 
f 949//920 948//918 836//921 
f 893//809 949//920 835//920 
f 835//920 834//809 893//809 
f 836//921 835//920 949//920 
f 837//919 836//921 948//918 
f 838//917 837//919 947//916 
f 839//915 838//917 946//914 
f 840//913 839//915 945//912 
f 843//911 840//913 944//910 
f 844//909 843//911 943//908 
f 845//907 844//909 942//906 
f 846//905 845//907 941//904 
f 847//903 846//905 940//902 
f 848//901 847//903 939//900 
f 849//899 848//901 938//898 
f 841//897 849//899 937//896 
f 842//895 841//897 936//894 
f 850//893 842//895 935//892 
f 853//891 850//893 934//890 
f 854//889 853//891 933//888 
f 864//887 854//889 932//886 
f 865//885 864//887 931//884 
f 866//883 865//885 930//882 
f 867//881 866//883 929//880 
f 868//879 867//881 928//878 
f 855//877 868//879 927//876 
f 856//875 855//877 926//874 
f 857//873 856//875 925//872 
f 858//871 857//873 924//870 
f 859//869 858//871 923//868 
f 851//867 859//869 922//866 
f 852//865 851//867 921//864 
f 860//863 852//865 920//862 
f 861//861 860//863 919//860 
f 869//859 861//861 918//858 
f 862//857 869//859 917//856 
f 863//855 862//857 916//854 
f 870//853 863//855 915//852 
f 873//851 870//853 914//850 
f 874//849 873//851 913//848 
f 875//847 874//849 912//846 
f 876//845 875//847 911//844 
f 877//843 876//845 910//842 
f 878//841 877//843 909//840 
f 871//839 878//841 908//838 
f 872//837 871//839 907//836 
f 879//835 872//837 906//834 
f 880//833 879//835 905//832 
f 881//831 880//833 904//830 
f 884//829 881//831 903//828 
f 885//827 884//829 902//826 
f 886//825 885//827 901//824 
f 887//823 886//825 900//822 
f 888//821 887//823 899//820 
f 889//819 888//821 898//818 
f 882//817 889//819 897//816 
f 883//815 882//817 896//814 
f 890//813 883//815 895//812 
f 891//811 890//813 894//810 
f 834//809 891//811 892//808 
o mesh19
f 238//922 317//922 950//922 
f 951//922 952//922 317//922 
f 317//922 952//922 950//922 
f 950//922 423//922 238//922 
f 317//922 953//922 951//922 
o mesh20
f 288//923 294//923 954//923 
f 294//923 425//923 954//923 
f 955//923 956//923 288//923 
f 288//923 957//923 955//923 
f 954//923 957//923 288//923 
o mesh21
f 953//924 956//924 955//924 
f 955//924 951//924 953//924 
o mesh22
f 955//925 957//925 958//925 
f 958//925 951//925 955//925 
f 958//925 952//925 951//925 
o mesh23
f 958//926 827//926 828//926 
f 958//926 822//926 823//926 
f 958//926 820//926 821//926 
f 963//926 816//926 817//926 
f 958//926 826//926 827//926 
f 821//926 822//926 958//926 
f 958//926 817//926 818//926 
f 963//926 815//926 816//926 
f 963//926 810//926 811//926 
f 963//926 950//926 807//926 
f 958//926 825//926 826//926 
f 958//926 819//926 820//926 
f 817//926 958//926 963//926 
f 811//926 812//926 963//926 
f 950//926 806//926 807//926 
f 952//926 958//926 831//926 
f 958//926 824//926 825//926 
f 818//926 819//926 958//926 
f 812//926 813//926 963//926 
f 807//926 808//926 963//926 
f 950//926 802//926 803//926 
f 950//926 798//926 799//926 
f 958//926 830//926 831//926 
f 823//926 824//926 958//926 
f 813//926 814//926 963//926 
f 808//926 809//926 963//926 
f 950//926 804//926 805//926 
f 950//926 801//926 802//926 
f 799//926 800//926 950//926 
f 952//926 790//926 791//926 
f 958//926 829//926 830//926 
f 814//926 815//926 963//926 
f 805//926 806//926 950//926 
f 800//926 801//926 950//926 
f 950//926 793//926 794//926 
f 791//926 950//926 952//926 
f 952//926 785//926 786//926 
f 828//926 829//926 958//926 
f 803//926 804//926 950//926 
f 950//926 796//926 797//926 
f 794//926 795//926 950//926 
f 952//926 789//926 790//926 
f 786//926 787//926 952//926 
f 952//926 778//926 779//926 
f 809//926 810//926 963//926 
f 795//926 796//926 950//926 
f 791//926 792//926 950//926 
f 787//926 788//926 952//926 
f 952//926 781//926 782//926 
f 779//926 780//926 952//926 
f 797//926 798//926 950//926 
f 788//926 789//926 952//926 
f 952//926 783//926 784//926 
f 780//926 781//926 952//926 
f 792//926 793//926 950//926 
f 782//926 783//926 952//926 
f 952//926 832//926 833//926 
f 784//926 785//926 952//926 
f 831//926 832//926 952//926 
f 952//926 777//926 776//926 
f 776//926 778//926 952//926 
f 954//926 959//926 914//926 
f 959//926 913//926 914//926 
f 914//926 915//926 954//926 
f 954//926 922//926 923//926 
f 959//926 912//926 913//926 
f 923//926 924//926 954//926 
f 954//926 918//926 919//926 
f 915//926 916//926 954//926 
f 959//926 910//926 911//926 
f 957//926 934//926 935//926 
f 924//926 925//926 954//926 
f 954//926 920//926 921//926 
f 954//926 917//926 918//926 
f 911//926 912//926 959//926 
f 935//926 936//926 957//926 
f 921//926 922//926 954//926 
f 916//926 917//926 954//926 
f 959//926 897//926 898//926 
f 957//926 939//926 940//926 
f 936//926 937//926 957//926 
f 954//926 933//926 934//926 
f 919//926 920//926 954//926 
f 959//926 908//926 909//926 
f 959//926 906//926 907//926 
f 959//926 904//926 905//926 
f 959//926 900//926 901//926 
f 898//926 899//926 959//926 
f 959//926 894//926 895//926 
f 957//926 938//926 939//926 
f 934//926 957//926 954//926 
f 954//926 930//926 931//926 
f 954//926 926//926 927//926 
f 909//926 910//926 959//926 
f 905//926 906//926 959//926 
f 959//926 902//926 903//926 
f 899//926 900//926 959//926 
f 895//926 896//926 959//926 
f 937//926 938//926 957//926 
f 931//926 932//926 954//926 
f 954//926 928//926 929//926 
f 925//926 926//926 954//926 
f 903//926 904//926 959//926 
f 896//926 897//926 959//926 
f 957//926 946//926 947//926 
f 957//926 941//926 942//926 
f 932//926 933//926 954//926 
f 927//926 928//926 954//926 
f 901//926 902//926 959//926 
f 957//926 949//926 893//926 
f 957//926 945//926 946//926 
f 957//926 943//926 944//926 
f 940//926 941//926 957//926 
f 907//926 908//926 959//926 
f 960//926 893//926 892//926 
f 957//926 948//926 949//926 
f 944//926 945//926 957//926 
f 929//926 930//926 954//926 
f 892//926 959//926 960//926 
f 963//926 961//926 959//926 
f 958//926 962//926 961//926 
f 947//926 948//926 957//926 
f 892//926 894//926 959//926 
f 961//926 963//926 958//926 
f 958//926 957//926 960//926 
f 942//926 943//926 957//926 
f 960//926 962//926 958//926 
f 959//926 954//926 963//926 
f 423//926 675//926 676//926 
f 963//926 710//926 711//926 
f 963//926 707//926 708//926 
f 963//926 705//926 706//926 
f 963//926 422//926 704//926 
f 422//926 699//926 700//926 
f 422//926 696//926 697//926 
f 422//926 694//926 695//926 
f 422//926 691//926 692//926 
f 423//926 686//926 687//926 
f 423//926 674//926 675//926 
f 423//926 672//926 673//926 
f 963//926 709//926 710//926 
f 706//926 707//926 963//926 
f 422//926 703//926 704//926 
f 700//926 701//926 422//926 
f 695//926 696//926 422//926 
f 692//926 693//926 422//926 
f 423//926 685//926 686//926 
f 423//926 682//926 683//926 
f 423//926 677//926 678//926 
f 673//926 674//926 423//926 
f 423//926 950//926 671//926 
f 963//926 715//926 716//926 
f 963//926 712//926 713//926 
f 708//926 709//926 963//926 
f 422//926 702//926 703//926 
f 422//926 698//926 699//926 
f 693//926 694//926 422//926 
f 423//926 684//926 685//926 
f 423//926 681//926 682//926 
f 676//926 677//926 423//926 
f 950//926 670//926 671//926 
f 950//926 668//926 669//926 
f 950//926 666//926 667//926 
f 950//926 963//926 662//926 
f 716//926 717//926 963//926 
f 713//926 714//926 963//926 
f 704//926 705//926 963//926 
f 697//926 698//926 422//926 
f 683//926 684//926 423//926 
f 423//926 679//926 680//926 
f 671//926 672//926 423//926 
f 667//926 668//926 950//926 
f 950//926 664//926 665//926 
f 963//926 660//926 662//926 
f 714//926 715//926 963//926 
f 701//926 702//926 422//926 
f 422//926 689//926 690//926 
f 422//926 687//926 688//926 
f 680//926 681//926 423//926 
f 669//926 670//926 950//926 
f 950//926 663//926 664//926 
f 963//926 661//926 660//926 
f 711//926 712//926 963//926 
f 688//926 689//926 422//926 
f 678//926 679//926 423//926 
f 662//926 663//926 950//926 
f 690//926 691//926 422//926 
f 419//926 420//926 422//926 
f 665//926 666//926 950//926 
f 422//926 963//926 419//926 
f 717//926 661//926 963//926 
f 425//926 219//926 220//926 
f 425//926 221//926 222//926 
f 425//926 218//926 219//926 
f 425//926 216//926 217//926 
f 222//926 954//926 425//926 
f 217//926 218//926 425//926 
f 425//926 209//926 210//926 
f 425//926 206//926 207//926 
f 963//926 185//926 186//926 
f 954//926 225//926 226//926 
f 954//926 223//926 224//926 
f 220//926 221//926 425//926 
f 425//926 214//926 215//926 
f 210//926 211//926 425//926 
f 207//926 208//926 425//926 
f 424//926 200//926 201//926 
f 424//926 197//926 198//926 
f 424//926 192//926 193//926 
f 424//926 963//926 191//926 
f 963//926 189//926 190//926 
f 186//926 187//926 963//926 
f 963//926 181//926 182//926 
f 954//926 230//926 231//926 
f 954//926 227//926 228//926 
f 224//926 225//926 954//926 
f 215//926 216//926 425//926 
f 425//926 212//926 213//926 
f 208//926 209//926 425//926 
f 424//926 199//926 200//926 
f 424//926 196//926 197//926 
f 191//926 192//926 424//926 
f 963//926 188//926 189//926 
f 963//926 184//926 185//926 
f 182//926 183//926 963//926 
f 231//926 232//926 954//926 
f 228//926 229//926 954//926 
f 222//926 223//926 954//926 
f 211//926 212//926 425//926 
f 424//926 204//926 205//926 
f 198//926 199//926 424//926 
f 424//926 194//926 195//926 
f 190//926 191//926 963//926 
f 183//926 184//926 963//926 
f 963//926 179//926 180//926 
f 963//926 175//926 177//926 
f 954//926 176//926 175//926 
f 229//926 230//926 954//926 
f 213//926 214//926 425//926 
f 205//926 425//926 424//926 
f 424//926 202//926 203//926 
f 195//926 196//926 424//926 
f 187//926 188//926 963//926 
f 963//926 178//926 179//926 
f 175//926 963//926 954//926 
f 226//926 227//926 954//926 
f 203//926 204//926 424//926 
f 193//926 194//926 424//926 
f 177//926 178//926 963//926 
f 205//926 206//926 425//926 
f 180//926 181//926 963//926 
f 419//926 963//926 424//926 
f 201//926 202//926 424//926 
f 232//926 176//926 954//926 
f 424//926 421//926 419//926 
f 687//926 422//926 423//926 
f 893//926 960//926 957//926 
f 833//926 777//926 952//926 
o mesh24
f 961//927 962//927 964//927 
f 964//927 965//927 961//927 
o mesh25
f 966//928 965//928 964//928 
f 964//928 967//928 966//928 
o mesh26
f 427//929 968//929 965//929 
f 961//929 965//929 968//929 
f 968//929 959//929 961//929 
f 426//929 969//929 968//929 
f 968//929 427//929 426//929 
f 965//929 966//929 427//929 
o mesh27
f 970//928 971//928 968//928 
f 968//928 969//928 970//928 
o mesh28
f 960//930 959//930 968//930 
f 968//930 971//930 960//930 
o mesh29
f 972//931 964//931 971//931 
f 960//931 971//931 964//931 
f 964//931 962//931 960//931 
f 973//931 967//931 964//931 
f 964//931 972//931 973//931 
f 971//931 970//931 972//931 
o mesh30
f 972//932 974//932 975//932 
f 975//932 973//932 972//932 
o mesh31
f 966//933 967//933 316//933 
f 316//933 244//933 427//933 
f 967//933 973//933 976//933 
f 976//933 316//933 967//933 
f 975//933 977//933 976//933 
f 976//933 973//933 975//933 
f 316//933 427//933 966//933 
o mesh32
f 974//934 972//934 978//934 
f 970//934 291//934 978//934 
f 969//934 426//934 291//934 
f 978//934 972//934 970//934 
f 291//934 970//934 969//934 
f 426//934 243//934 291//934 
f 978//934 979//934 974//934 
o mesh33
f 980//935 981//935 976//935 
f 976//935 977//935 980//935 
o mesh34
f 982//934 983//934 981//934 
f 981//934 980//934 982//934 
o mesh35
f 291//936 288//936 984//936 
f 956//936 985//936 984//936 
f 984//936 288//936 956//936 
f 956//936 953//936 983//936 
f 983//936 985//936 956//936 
f 953//936 317//936 981//936 
f 981//936 983//936 953//936 
f 316//936 976//936 981//936 
f 981//936 317//936 316//936 
f 984//936 978//936 291//936 
o mesh36
f 986//936 987//936 974//936 
f 987//936 982//936 975//936 
f 975//936 974//936 987//936 
f 980//936 977//936 975//936 
f 975//936 982//936 980//936 
f 974//936 979//936 986//936 
o mesh37
f 979//935 978//935 984//935 
f 984//935 986//935 979//935 
o mesh38
f 986//937 984//937 985//937 
f 985//937 987//937 986//937 
o mesh39
f 987//938 985//938 983//938 
f 983//938 982//938 987//938 
